"ANO","NIVEL","CODMUNRES","POPRE_T","POPRC_T","POPRC_M","POPRC_F","POPRC_15","POPRC_15_49","POPRC_50","POPRC_F_15","POPRC_F_15_49","POPRC_F_50","IDHM_A","IDHM_CA","IDHM_CA_M","IDHM_CA_F","TN","TNRC","TNRCR","TGI_15","TGI_15_19","TGI_20_24","TGI_25_29","TGI_30_34","TGI_35_39","TGI_40_44","TGI_45_49","TGI_50","TGIF","IM_P25","IM_P50","IM_P75","IM_MD","IM_DP","EM_S","EM_FI","EM_FII","EM_M","EM_SI","EM_SC","TGRC_B","TGRC_PT","TGRC_A","TGRC_PD","TGRC_I","TGSC","TGCC","TGPRI","TGNPRI","TGU","TGG","TGD_22","TGD_22_27","TGD_28_31","TGD_32_36","TGD_37_41","TGD_42","TGD_PRT","TGD_AT","TGD_PST","DG_P25","DG_P50","DG_P75","DG_MD","DG_DP","TKC_NR","TKC_ID","TKC_IT","TKC_AD","TKC_MAD","TGPRG_S","TGPRG_N","TPV","TPC","TRAP_C","TRAP_P","TRAP_T","TGROB_1","TGROB_2","TGROB_3","TGROB_4","TGROB_5","TGROB_6","TGROB_7","TGROB_8","TGROB_9","TGROB_10","TNLOC_H","TNLOC_ES","TNLOC_D","TNLOC_O","TNLOC_AI","TRS_M","TRS_F","TRRC_B","TRRC_PT","TRRC_A","TRRC_PD","TRRC_I","TRP_BP","TRP_N","TRP_M","PESO_P25","PESO_P50","PESO_P75","PESO_MD","PESO_DP","TRPIG_P","TRPIG_A","TRPIG_G","TRAPG5_B","TRAPG5_N","APG5_MD","APG5_DP","TRAC","TRSAC","TO","TORC","TORCR","TO_NN","TO_N","TO_CB_I","TO_CB_N","TO_CB_C","TO_CB_R","TO_CB_O","TO_M","TO_F","TO_F_IF","TO_FT","TO_NT","TO_NT_P","TO_NT_T","TO_PNT","TO_MT_G","TONT_B","TONT_PT","TONT_A","TONT_PD","TONT_I","TO_MT","TO_MT_DG","TO_MT_PT","TO_MT_AB","TO_MT_42","TO_MT_43","TO_MT_P","TO_MT_P_I","TO_MT_P_ES","TO_MT_P_EFI","TO_MT_P_EFII","TO_MT_P_EM","TO_MT_P_ESI","TO_MT_P_ESC","POPR_RA","POPR_RE","TMI","TMN_T","TMN_P","TMN","TMM_P","TMM","RMM","TMG","TFG"
2015,"UF",41,11163018,10444526,5130994,5313532,2391500,5800774,2252252,1173953,2938969,1200610,0.786,0.749,0.719,0.776,160947,0,145305,1169,25938,39966,39593,33113,17059,3880,212,16,159761,21,26,31,26.5152659898351,6.60989282058239,417,6690,39932,76794,7980,27908,121949,3811,599,32080,518,63546,96614,67154,93793,157156,3654,42,762,1529,13204,140861,3027,15537,140861,3027,38,39,39,38.4436945272071,2.06009307801517,437,23739,6102,7568,119226,51934,109013,61990,98855,150431,6527,621,24452,31497,23054,16854,38406,2480,3200,3560,621,12213,159652,823,316,154,0,82204,78729,122376,3817,599,32130,518,13530,140439,6973,2900,3205,3500,3171.05145953201,540.995071975686,10238,130139,14442,1621,159016,9.50032682383262,0.843337484795214,1110,158593,70839,0,0,8723,62116,2404,13895,20379,8377,17061,40449,30379,3430,0,1267,943,324,491,8,1090,5,6,112,5,1714,30,3,7,57,50,97,95,2,8,33,37,5,7,10248484,7247330,10.9228503793174,2.01308505284348,5.85907161985001,7.87215667269349,3.30047714011274,58.3197713211674,1064.94684585609,6.34586453233346,54.7630818834768
2015,"MUNICIPIO",410000,NA,NA,NA,NA,NA,NA,NA,NA,NA,NA,NA,NA,NA,NA,1,0,0,0,0,0,0,0,0,0,0,0,0,NA,NA,NA,NA,NA,0,0,0,0,0,0,0,0,0,0,0,0,0,1,0,0,0,0,0,0,0,0,0,0,0,0,NA,NA,NA,NA,NA,0,0,0,0,0,1,0,0,0,0,0,0,0,0,0,0,0,0,0,0,0,0,0,0,0,1,0,1,0,0,0,0,0,0,0,1,0,3035,3035,3035,3035,NA,0,0,0,0,0,NA,NA,0,1,102,0,0,63,39,2,0,5,5,27,87,10,1,0,0,0,0,0,0,0,0,0,0,0,0,0,0,0,0,0,0,0,0,0,0,0,0,0,NA,NA,0,0,0,0,NA,NA,0,NA,NA
2015,"MUNICIPIO",4100103,7823,7764,3916,3848,1667,4104,1993,800,2016,1032,NA,0.687,NA,NA,101,0,94,0,23,33,26,11,3,5,0,0,101,20,24,29,24.7920792079208,6.62920331817205,1,7,24,57,5,7,63,6,0,31,1,17,84,48,53,99,2,0,0,1,12,78,9,13,78,9,37,39,40,38.64,2.23163662369168,0,16,1,1,83,101,0,34,67,96,3,2,27,14,20,3,20,1,2,2,2,9,101,0,0,0,0,52,49,63,6,0,31,1,8,87,6,2950,3225,3555,3200.79207920792,605.258231118449,7,77,10,3,98,9.51485148514852,1.00611988735079,1,100,74,0,0,8,66,1,9,32,10,14,47,27,1,0,1,1,0,0,0,1,0,0,0,0,1,0,0,0,0,0,0,0,0,0,0,0,0,0,7823,1100,9.9009900990099,0,9.9009900990099,9.9009900990099,0,49.6031746031746,990.09900990099,9.45928671865014,50.0992063492064
2015,"MUNICIPIO",4100202,6333,6376,3298,3078,1769,3008,1599,825,1485,768,NA,0.667,NA,NA,80,0,63,1,12,27,13,17,7,3,0,0,79,20.75,24.5,31,25.875,6.80166584211898,3,4,23,41,1,7,63,2,0,15,0,54,26,33,47,76,4,0,0,1,6,73,0,7,73,0,38,39,39,38.2625,1.85379357883001,0,18,1,3,50,77,3,43,37,78,1,0,11,17,15,16,12,0,1,4,0,3,77,3,0,0,0,39,41,63,2,0,15,0,9,65,6,2826.25,3182.5,3496.25,3133.1375,679.91313190023,9,59,8,0,76,9.52631578947368,0.642364054837573,1,79,58,0,0,8,50,0,13,21,5,11,32,26,3,0,0,0,0,1,0,0,0,0,0,0,1,0,0,0,0,0,0,0,0,0,0,0,0,0,3713,NA,12.5,0,0,0,0,67.3400673400673,1250,9.1583767566714,53.8720538720539
2015,"MUNICIPIO",4100301,8983,8270,4306,3964,2092,4358,1820,1036,2040,888,NA,0.66,NA,NA,109,0,87,3,37,33,17,13,5,1,0,0,106,18,22,27,23.2018348623853,6.17008886500889,0,10,50,41,1,3,82,1,0,19,0,75,32,49,60,104,4,0,1,1,11,91,4,13,91,4,38,39,40,38.4537037037037,2.43948921901815,0,29,2,0,70,107,2,61,47,102,4,0,14,25,10,22,19,1,2,4,0,9,107,1,1,0,0,54,55,82,1,0,19,0,9,99,1,2880,3170,3470,3123.95412844037,514.685509609745,8,88,6,3,105,9.28703703703704,1.20784759456628,0,108,49,0,0,8,41,2,9,16,5,9,26,23,3,0,0,0,0,2,0,0,0,0,0,0,2,0,0,0,0,1,0,0,0,0,0,0,0,0,5145,1606,18.348623853211,0,0,0,0,98.0392156862745,1834.8623853211,5.45474785706334,53.4313725490196
2015,"MUNICIPIO",4100400,112870,103204,51136,52068,28522,58563,16119,13890,29740,8438,NA,0.699,NA,NA,2027,0,1695,16,430,586,448,323,177,45,2,0,2011,20,24,30,25.3389245189936,6.59235246212774,8,120,722,947,73,144,1666,42,3,281,0,1419,589,799,1228,1980,45,0,8,19,136,1819,3,163,1819,3,38,39,39,38.3692695214106,1.75551054068917,6,511,141,174,1042,2013,14,1180,846,1906,77,3,319,350,434,246,366,26,42,44,3,125,2000,4,14,8,0,1065,962,1666,42,3,281,0,184,1758,85,2875,3175,3490,3149.94869264924,543.215954188129,121,1654,167,11,2001,9.59145129224652,0.750989058509056,26,1974,650,0,0,130,520,29,126,170,64,131,389,261,37,0,9,5,4,7,0,8,0,0,0,0,16,0,0,1,0,1,1,1,0,0,0,1,0,0,106862,39924,7.89343857918106,1.97335964479526,2.46669955599408,4.44005920078934,3.36247478143914,53.7995965030262,789.343857918106,5.75883760077966,68.1573638197713
2015,"MUNICIPIO",4100459,3341,4306,2202,2104,1062,2235,1009,493,1119,492,NA,0.667,NA,NA,60,0,53,0,5,24,15,9,5,1,1,0,60,21.75,25,30,26.1,6.61200756713092,1,6,14,29,2,8,44,1,0,13,0,12,48,21,39,59,1,0,0,0,3,53,3,3,53,3,38,39,39,38.728813559322,1.5180580661578,0,6,1,1,51,36,24,20,40,55,5,0,11,7,12,6,16,2,3,1,0,1,60,0,0,0,0,24,36,44,1,0,13,0,5,52,3,2950,3150,3423.75,3165.83333333333,454.835756039201,5,47,5,0,60,9.6,0.558448213158267,0,58,25,0,0,6,19,0,6,9,2,2,19,6,1,0,1,1,0,0,0,1,0,0,0,0,1,0,0,0,0,0,0,0,0,0,0,0,0,0,2631,NA,16.6666666666667,0,16.6666666666667,16.6666666666667,0,89.3655049151028,1666.66666666667,7.4827895839569,53.6193029490617
2015,"MUNICIPIO",4100509,21744,20516,10157,10359,4408,10577,5531,2195,5372,2792,NA,0.721,NA,NA,268,0,258,1,35,64,78,57,28,5,0,0,267,22,26,31,26.6641791044776,6.12778290196741,0,10,62,156,9,31,165,5,0,98,0,141,127,100,168,259,9,0,0,4,23,237,4,27,237,4,38,39,39,38.2425373134328,1.71928374885863,0,50,5,11,202,72,196,8,260,264,4,0,67,22,35,6,107,0,3,9,0,19,267,0,0,1,0,150,118,165,5,0,98,0,21,238,9,2900,3177.5,3462.5,3162.64925373134,517.460375113085,17,217,24,3,265,9.49253731343284,0.854564905889409,1,267,174,0,0,17,157,22,24,50,24,37,98,76,8,0,3,3,0,1,1,2,0,0,1,0,4,0,0,0,0,0,0,0,0,0,0,0,0,0,17886,7344,14.9253731343284,0,11.1940298507463,11.1940298507463,0,74.4601638123604,1492.53731343284,8.00220750551876,49.8883097542815
2015,"MUNICIPIO",4100608,14518,13663,6842,6821,3037,7383,3243,1491,3667,1663,NA,0.696,NA,NA,202,0,191,3,40,59,44,38,14,4,0,0,199,20,24,30,25.2524752475248,6.3918962074059,1,13,73,90,6,18,104,4,0,93,0,38,164,70,132,197,5,0,0,4,20,178,0,24,178,0,38,39,39,38.2376237623762,1.93757562446658,1,19,7,6,167,107,95,67,135,191,9,0,31,24,23,35,53,3,6,5,0,20,202,0,0,0,0,100,102,104,4,0,93,0,23,175,4,2861.25,3220,3533.75,3140.9900990099,568.439217665433,18,153,26,1,201,9.77722772277228,0.715761597392771,0,202,104,0,0,12,92,7,18,32,10,25,65,39,5,0,1,1,0,0,0,0,0,0,1,0,1,0,0,0,0,0,0,0,0,0,0,0,0,0,13845,7914,4.95049504950495,0,4.95049504950495,4.95049504950495,0,27.2702481592582,495.049504950495,7.16352114616338,55.0859012817017
2015,"MUNICIPIO",4100707,10285,10179,5129,5050,2238,5459,2482,1056,2710,1284,NA,0.676,NA,NA,126,0,119,3,20,34,32,25,10,2,0,0,123,20.25,26,30,25.7301587301587,6.17661745412513,1,5,43,51,5,20,66,2,0,57,0,57,69,44,82,124,2,0,1,1,9,112,2,11,112,2,38,39,39,38.256,2.09801749739006,0,16,6,0,102,124,2,26,100,123,2,0,15,25,15,17,37,1,1,2,0,11,124,0,0,2,0,65,61,67,2,0,57,0,9,109,8,2777.5,3072.5,3448.75,3101.07142857143,560.274078337685,14,94,14,1,124,8.92,0.778750032361621,1,123,81,0,0,8,73,5,23,18,8,19,47,34,3,0,2,1,1,1,0,1,0,0,1,0,3,0,0,0,0,0,0,0,0,0,0,0,0,0,10106,5390,23.8095238095238,7.93650793650794,7.93650793650794,15.8730158730159,0,110.70110701107,2380.95238095238,7.87554691298007,46.4944649446495
2015,"MUNICIPIO",4100806,11057,10283,5205,5078,2200,5422,2661,1021,2692,1365,NA,0.708,NA,NA,103,0,89,2,12,21,29,27,8,4,0,0,101,22,27,31,27.0582524271845,6.57360324792621,1,3,37,46,2,14,64,4,0,32,2,39,63,34,69,96,6,0,1,1,7,93,1,9,93,1,38,39,40,38.378640776699,2.34778370606788,0,10,0,5,84,100,3,49,53,96,6,0,16,13,25,15,17,3,1,6,0,6,100,2,0,1,0,59,44,64,4,0,32,2,9,88,6,2932.5,3215,3550,3180.12621359223,597.649278745103,6,75,16,0,102,9.85294117647059,0.495465753949974,0,102,64,0,0,8,56,4,11,19,9,13,39,25,1,0,0,0,0,0,0,0,0,0,0,0,0,0,0,0,0,0,0,0,0,0,0,0,0,0,10965,NA,0,0,0,0,0,0,0,5.78818847788731,38.2615156017831
2015,"MUNICIPIO",4100905,5953,5443,2757,2686,1414,3023,1006,694,1487,505,NA,0.669,NA,NA,79,0,65,4,15,33,14,7,5,1,0,0,75,20,23,26.5,23.5949367088608,6.10489292487166,1,3,31,37,5,2,42,0,0,37,0,39,40,32,47,77,2,0,0,0,5,73,0,5,73,0,38,39,39,38.6153846153846,1.37916565433522,0,14,8,8,48,77,2,15,64,62,5,2,16,8,13,3,16,1,3,2,2,4,79,0,0,0,0,35,44,42,0,0,37,0,5,69,5,3017.5,3265,3500,3263.29113924051,478.888862217924,4,64,8,0,79,9.88607594936709,0.357603912534951,2,77,34,0,0,5,29,2,5,13,2,7,18,16,4,0,1,1,0,0,0,1,0,0,0,0,1,1,0,0,0,0,1,1,0,0,1,0,0,0,5092,NA,12.6582278481013,0,12.6582278481013,12.6582278481013,67.2494956287828,67.2494956287828,1265.82278481013,5.71140601377457,53.1271015467384
2015,"MUNICIPIO",4101002,18591,17308,8586,8722,4182,9420,3706,2032,4770,1920,NA,0.709,NA,NA,242,0,200,0,44,57,71,41,23,6,0,0,242,21,26,30,26.0619834710744,6.37033785197248,0,15,39,107,9,45,176,1,0,37,0,33,208,103,139,240,2,0,0,2,28,201,8,30,201,8,38,39,40,38.510460251046,1.95938149366046,0,48,3,4,155,70,172,44,197,213,3,0,41,45,19,38,56,2,1,2,0,11,242,0,0,0,0,129,113,198,1,0,39,0,10,219,13,3002.5,3302.5,3542.5,3274.28512396694,445.205278432052,10,194,32,4,237,9.74688796680498,0.768006526597441,1,240,132,0,0,11,121,2,31,30,19,39,83,49,2,0,4,3,1,1,0,3,0,0,1,0,5,0,0,0,0,0,0,0,0,0,0,0,0,0,17295,11539,20.6611570247934,4.13223140495868,12.396694214876,16.5289256198347,0,104.82180293501,2066.11570247934,7.10020977892529,50.7337526205451
2015,"MUNICIPIO",4101051,2915,2874,1439,1435,649,1445,780,337,706,392,NA,0.695,NA,NA,31,0,31,0,7,12,6,1,4,1,0,0,31,20,23,28.5,24.8387096774194,6.90457227346994,0,1,11,17,1,1,23,2,0,6,0,5,26,15,16,31,0,0,0,0,0,31,0,0,31,0,38,39,40,39.1935483870968,1.07763181216065,0,7,0,0,24,30,1,15,16,30,1,0,8,6,5,5,6,1,0,0,0,0,30,0,1,0,0,11,20,23,2,0,6,0,2,28,1,2952.5,3305,3530,3242.90322580645,426.440254106693,3,26,2,1,30,9.09677419354839,1.24779375191248,0,31,29,0,0,3,26,0,7,12,4,3,14,15,1,0,0,0,0,0,0,0,0,0,0,0,0,0,0,0,0,0,0,0,0,0,0,0,0,0,2641,NA,0,0,0,0,0,0,0,9.94854202401372,43.9093484419263
2015,"MUNICIPIO",4101101,20876,20610,10041,10569,4271,10969,5370,2114,5596,2859,NA,0.725,NA,NA,248,0,228,1,50,61,58,47,26,3,2,0,247,20.75,26,32,26.0161290322581,6.76916546919007,2,9,56,134,13,29,202,5,1,34,0,33,212,108,140,242,6,0,1,3,23,218,2,27,218,2,38,39,39,38.2550607287449,2.05110635829666,0,16,5,4,216,67,181,62,186,238,7,1,74,19,50,5,63,2,2,5,1,25,247,0,1,0,0,120,128,204,5,1,34,0,25,214,9,2847.5,3187.5,3450,3119.53629032258,530.49209327365,19,204,18,3,245,9.80241935483871,0.63411307050287,1,247,208,0,0,18,190,4,31,66,32,57,121,87,11,0,1,1,0,1,0,1,0,0,0,0,2,0,0,0,0,0,0,0,0,0,0,0,0,0,20876,11481,8.06451612903226,0,4.03225806451613,4.03225806451613,0,35.7398141529664,806.451612903226,9.96359455834451,44.3173695496783
2015,"MUNICIPIO",4101150,2964,2859,1457,1402,618,1552,689,297,755,350,NA,0.721,NA,NA,52,0,51,0,8,18,14,9,2,1,0,0,52,21,24.5,29,25.5192307692308,5.56068265175639,0,2,16,24,5,5,33,1,0,18,0,8,44,22,30,51,1,0,0,1,3,47,1,4,47,1,38,39,40,38.5384615384615,2.04327244698531,0,6,2,1,43,52,0,22,30,50,2,0,7,12,9,5,13,2,0,1,0,3,52,0,0,0,0,29,23,33,1,0,18,0,4,44,4,2849,3260,3473.25,3201.73076923077,603.526438018776,4,42,5,0,52,9.67307692307692,0.550263888428083,0,52,22,0,0,1,21,2,4,7,0,8,14,8,2,0,0,0,0,0,0,0,0,0,0,0,0,0,0,0,0,0,0,0,0,0,0,0,0,0,2962,NA,0,0,0,0,0,0,0,7.42240215924426,68.8741721854305
2015,"MUNICIPIO",4101200,19416,18891,9349,9542,4850,9399,4642,2376,4742,2424,NA,0.687,NA,NA,259,0,245,2,66,64,65,42,19,0,1,0,257,19,24,29,24.8146718146718,6.42521204280277,4,17,97,113,11,17,164,0,0,93,0,76,181,100,159,258,0,0,0,1,10,242,5,11,242,5,38,39,40,38.9961240310078,1.51387374380525,2,75,12,21,146,95,164,154,105,253,3,0,51,41,60,17,72,2,1,0,0,11,258,1,0,0,0,141,118,164,0,0,93,0,17,226,16,2975,3315,3580,3259.35521235521,527.0105147314,25,211,20,7,252,9.58687258687259,1.04695084547951,1,256,156,0,0,15,141,12,18,38,19,54,92,64,8,0,1,1,0,0,0,0,0,0,1,0,1,0,0,0,0,0,0,0,0,0,0,0,0,0,17836,NA,3.86100386100386,0,3.86100386100386,3.86100386100386,0,21.0881484605652,386.100386100386,8.03461063040791,54.6183045128638
2015,"MUNICIPIO",4101309,7578,7351,3857,3494,1711,3765,1875,833,1787,874,NA,0.656,NA,NA,72,0,58,0,12,20,17,12,9,2,0,0,72,20.75,25,30.25,26.2916666666667,6.7227540885571,0,5,24,35,3,5,69,0,0,2,0,11,58,34,38,70,2,0,1,0,5,56,5,6,56,5,38,39,40,38.8208955223881,2.84937724793335,0,11,3,6,48,72,0,28,44,70,2,0,18,9,9,9,14,2,0,2,0,4,72,0,0,0,0,37,35,69,0,0,2,0,4,63,5,2937.5,3217.5,3485,3193.38888888889,549.036019638712,6,49,7,0,72,9.51388888888889,0.71193162267718,0,72,71,0,0,7,64,3,18,20,14,9,40,31,5,0,2,2,0,0,0,2,0,0,0,0,2,0,0,0,0,0,0,0,0,0,0,0,0,0,2528,NA,27.7777777777778,0,27.7777777777778,27.7777777777778,0,111.919418019026,2777.77777777778,9.36922670889417,40.2909904868495
2015,"MUNICIPIO",4101408,130430,120919,58682,62237,26003,66766,28150,12878,33998,15361,NA,0.748,NA,NA,1796,0,1747,11,251,458,466,362,198,45,5,0,1785,22,26,32,26.7956570155902,6.49061916282542,0,49,502,961,12,271,1074,70,7,645,0,971,825,726,1070,1753,43,0,12,22,165,1552,45,199,1552,45,38,38,39,38.2639198218263,2.19684529505206,10,196,32,67,1488,83,1713,470,1326,1758,37,1,104,523,115,233,586,12,13,43,1,166,1794,1,1,0,0,913,883,1074,70,7,645,0,185,1554,57,2855,3150,3450,3104.88919821826,566.53272318092,120,1507,126,16,1777,9.72281093139989,0.813953724534761,6,1788,866,0,0,87,779,29,135,333,119,163,486,380,42,0,19,14,5,4,0,19,0,0,0,0,23,0,0,0,1,0,1,1,0,1,0,0,0,0,130404,91419,12.8062360801782,2.78396436525612,7.79510022271715,10.5790645879733,2.94134949114654,67.6510382963704,1280.62360801782,6.6395767844821,52.8266368609918
2015,"MUNICIPIO",4101507,115412,104150,51039,53111,21971,59025,23154,10830,29749,12532,NA,0.748,NA,NA,1628,0,1569,11,199,401,426,364,180,43,4,0,1617,22,27,32,27.0958230958231,6.44446044557446,0,43,372,894,47,270,1347,22,8,247,1,313,1313,650,978,1600,26,1,9,20,198,1331,66,228,1331,66,37,38,39,38.0990769230769,2.36261010056797,6,323,48,71,1172,178,1450,439,1188,1555,60,7,224,312,145,134,524,23,31,25,7,195,1627,1,0,0,0,830,798,1347,22,8,247,1,140,1429,59,2860,3145,3430,3111.76904176904,543.299924842786,112,1320,155,19,1608,9.78426551936079,0.831157256216092,4,1624,768,0,0,88,680,20,121,226,110,203,433,335,39,0,19,15,4,7,0,17,1,0,1,0,26,0,0,1,0,0,1,1,0,0,0,1,0,0,115389,80362,15.970515970516,2.45700245700246,9.21375921375921,11.6707616707617,3.36145752798413,87.3978957275875,1597.0515970516,6.65442068415763,54.7245285555817
2015,"MUNICIPIO",4101606,27547,25855,12949,12906,6807,14286,4762,3338,7193,2375,NA,0.723,NA,NA,355,0,332,3,82,94,83,63,23,7,0,0,352,20,24,30,24.9521126760563,6.55920147998709,1,23,122,166,11,31,280,9,0,60,0,210,143,133,222,349,6,0,0,4,35,307,8,39,307,8,38,39,39,38.4322033898305,2.01050561013237,1,63,16,17,250,343,12,156,199,340,15,0,62,55,55,24,106,4,10,6,0,32,351,0,0,4,0,185,170,280,9,0,60,0,34,311,10,2895,3200,3480,3154.2,558.76110133185,32,282,32,7,346,9.30028328611898,0.953715776925889,4,351,185,0,0,25,160,3,29,69,21,38,98,87,10,0,5,3,2,4,0,4,0,0,1,0,9,0,0,0,0,1,0,0,0,0,0,0,0,0,25366,16653,25.3521126760563,5.63380281690141,8.45070422535211,14.0845070422535,0,125.121646044766,2535.21126760563,6.71579482339275,49.353538162102
2015,"MUNICIPIO",4101655,3426,3561,1764,1797,788,1792,981,407,895,495,NA,0.676,NA,NA,40,0,38,0,13,13,7,4,3,0,0,0,40,19,22,27,23.6,6.15108912599203,0,2,7,25,2,4,34,0,0,5,0,7,32,23,17,40,0,0,0,0,6,34,0,6,34,0,38,38.5,39,38.025,1.32988335713691,0,3,1,1,35,40,0,0,40,31,4,5,0,13,0,1,13,3,1,0,5,4,40,0,0,0,0,11,29,34,0,0,5,0,5,33,2,2855,3134,3466.5,3177.95,628.85679548747,4,31,5,0,40,9,0.640512615220349,0,40,30,0,0,8,22,1,6,7,2,6,18,12,0,0,0,0,0,0,0,0,0,0,0,0,0,0,0,0,0,0,0,0,0,0,0,0,0,0,1766,NA,0,0,0,0,0,0,0,8.75656742556918,44.6927374301676
2015,"MUNICIPIO",4101705,14014,13419,6824,6595,2880,7388,3151,1356,3622,1617,NA,0.704,NA,NA,198,0,173,1,30,59,49,39,18,2,0,0,197,22,25,31,26.2020202020202,6.16520414025037,1,17,47,99,9,25,149,4,0,45,0,20,177,86,112,191,7,0,3,3,12,171,7,18,171,7,38,39,39,38.3520408163265,2.5040574086905,0,28,10,11,136,37,161,41,157,191,5,2,16,56,13,19,64,2,2,7,2,15,198,0,0,0,0,88,110,149,4,0,45,0,13,176,9,2902.5,3170,3530,3175.32828282828,558.249637868931,12,152,20,2,196,9.66666666666667,0.73353327531193,0,198,118,0,0,15,103,5,27,35,12,24,74,44,2,0,1,0,1,1,0,1,0,0,0,0,1,0,0,0,0,0,0,0,0,0,0,0,0,0,13890,4145,10.1010101010101,5.05050505050505,0,5.05050505050505,0,27.6090557702927,505.050505050505,8.42015127729413,54.6659304251795
2015,"MUNICIPIO",4101804,133428,119123,59606,59517,30061,69663,19399,14746,34749,10022,NA,0.74,NA,NA,2460,0,2132,17,380,672,632,450,245,62,2,0,2443,21,26,31,26.2674796747967,6.42547284253035,4,88,650,1307,129,259,1722,72,2,589,2,1073,1347,1018,1442,2395,64,2,13,31,164,2220,13,210,2220,13,38,39,39,38.4306180925092,2.06001178470031,10,356,53,53,1920,838,1622,1045,1414,2311,81,7,399,468,352,258,630,32,31,63,7,149,2451,4,5,0,0,1263,1196,1722,72,2,589,2,208,2149,103,2903.75,3200,3490,3162.31097560976,556.419530774022,137,2033,205,25,2425,9.53755102040816,0.821576457246093,7,2417,680,0,0,127,553,34,147,140,49,183,428,252,36,0,16,13,3,5,0,13,0,0,3,0,22,0,0,0,0,3,0,0,0,0,0,0,0,0,133402,80166,8.53658536585366,1.21951219512195,5.28455284552845,6.50406504065041,0,63.3111744222855,894.308943089431,5.09638156908595,70.7934041267375
2015,"MUNICIPIO",4101853,2359,2453,1229,1224,511,1248,694,276,625,323,NA,0.67,NA,NA,40,0,37,1,8,9,13,5,3,1,0,0,39,22.25,25,29,25.525,6.24699927965419,1,0,10,28,0,1,33,0,0,7,0,13,27,19,21,40,0,0,0,0,3,37,0,3,37,0,38,39,39,38.425,0.902631480585288,0,3,0,0,34,40,0,2,38,37,1,1,0,17,0,3,16,0,1,0,1,1,40,0,0,0,0,23,17,33,0,0,7,0,1,38,1,2949.5,3226,3396.5,3195.8,359.176208451992,2,37,1,0,40,9.1,0.545376839841863,0,40,23,0,0,5,18,0,2,2,6,8,14,9,0,0,0,0,0,0,0,0,0,0,0,0,0,0,0,0,0,0,0,0,0,0,0,0,0,0,1296,NA,0,0,0,0,0,0,0,9.74989402289106,64
2015,"MUNICIPIO",4101903,16212,16354,8012,8342,3557,8485,4312,1704,4337,2301,NA,0.728,NA,NA,231,0,187,2,37,55,61,47,22,7,0,0,229,21.5,27,31,26.5238095238095,6.61014340685686,0,9,62,95,20,41,118,21,7,85,0,52,179,90,141,226,5,0,4,7,18,174,7,29,174,7,37,38,39,37.752380952381,2.87633789092891,0,24,6,8,182,86,145,66,165,216,13,0,26,40,34,17,53,5,7,5,0,22,230,1,0,0,0,114,117,118,21,7,85,0,26,197,8,2855,3175,3430,3085.14718614719,626.44990429393,10,176,15,7,224,9.61038961038961,1.00203068801194,2,228,143,0,0,14,129,8,31,35,13,42,79,64,12,0,4,2,2,0,0,3,0,0,1,0,4,0,0,0,0,0,0,0,0,0,0,0,0,0,16113,9981,17.3160173160173,8.65800865800866,8.65800865800866,17.3160173160173,0,92.2296518330643,1731.60173160173,8.82062669627437,53.2626239335946
2015,"MUNICIPIO",4102000,34027,33025,16178,16847,6731,17513,8781,3282,9006,4559,NA,0.729,NA,NA,422,0,364,4,60,120,106,69,54,9,0,0,418,21,26,31,26.478672985782,6.5741356118087,0,16,115,166,22,92,311,7,0,79,1,180,234,178,244,409,13,1,1,2,37,379,1,41,379,1,38,39,39,38.2850356294537,1.82038439456221,0,45,12,35,326,113,309,40,382,408,12,1,64,90,37,33,142,7,4,13,1,29,422,0,0,0,0,217,205,311,7,0,79,1,36,371,15,2901.25,3200,3470,3149.663507109,503.413351921792,28,348,31,1,420,9.65795724465558,0.637603106938126,4,417,288,0,0,36,252,11,52,94,23,72,178,110,14,0,4,3,1,2,0,3,0,0,1,0,6,0,0,0,1,0,1,1,0,0,1,0,0,0,34021,11445,14.218009478673,2.3696682464455,7.10900473933649,9.47867298578199,11.1037086386853,66.6222518321119,1421.8009478673,8.46386692920328,46.857650455252
2015,"MUNICIPIO",4102109,25976,24698,12142,12556,4945,13280,6473,2452,6669,3435,NA,0.747,NA,NA,354,0,340,3,46,90,110,63,32,8,2,0,351,22,26,31,26.6581920903955,6.4328391827921,1,12,75,192,18,55,237,12,1,104,0,47,306,146,208,345,9,0,1,1,27,320,3,29,320,3,38,39,39,38.4886363636364,1.71132855660315,1,44,2,9,297,81,273,99,255,332,22,0,49,71,37,45,106,8,10,9,0,17,354,0,0,0,0,189,165,237,12,1,104,0,26,317,11,2882.5,3200,3527.5,3184.03672316384,506.065343401487,19,288,35,4,350,9.66101694915254,0.720642681962441,5,349,174,0,0,23,151,4,37,59,12,39,107,67,3,0,5,2,3,0,0,5,0,0,0,0,5,0,0,0,0,0,0,0,0,0,0,0,0,0,25971,19198,14.1242937853107,8.47457627118644,5.64971751412429,14.1242937853107,0,74.9737591842855,1412.42937853107,6.69849091469048,53.0814215024741
2015,"MUNICIPIO",4102208,4004,3913,1970,1943,748,2086,1079,349,1040,554,NA,0.736,NA,NA,43,0,40,1,6,11,12,8,5,0,0,0,42,20.5,27,30,25.906976744186,6.64334236549348,0,1,9,20,0,13,24,1,0,18,0,11,32,25,18,41,2,0,2,1,7,32,1,10,32,1,37.5,39,39,37.4883720930233,3.82580270458903,0,10,3,2,28,43,0,13,30,37,6,0,6,10,5,1,7,2,3,2,0,7,43,0,0,0,0,23,20,24,1,0,18,0,8,35,0,2625,3145,3412.5,2921.11627906977,761.598638494879,5,33,2,1,42,9.23255813953488,1.06541316158223,1,42,46,0,0,10,36,1,6,13,6,10,22,24,1,0,3,3,0,0,0,3,0,0,0,0,3,0,0,0,0,0,0,0,0,0,0,0,0,0,4003,NA,69.7674418604651,0,69.7674418604651,69.7674418604651,0,288.461538461538,6976.74418604651,11.4885114885115,41.3461538461538
2015,"MUNICIPIO",4102307,12337,11300,5721,5579,2645,6398,2257,1286,3133,1160,NA,0.696,NA,NA,216,0,191,6,39,46,65,38,17,5,0,0,210,20.75,26,30.25,25.7731481481481,6.59453059466681,2,8,57,121,4,23,179,6,1,20,0,123,93,86,130,214,2,0,2,1,23,181,4,26,181,4,37.5,38,39,38.2037914691943,2.24057493347094,0,39,8,6,160,215,1,105,111,203,6,0,49,20,50,10,42,2,4,2,0,25,215,0,1,0,0,107,109,179,6,1,20,0,14,191,11,2880,3180,3456.25,3168.7037037037,505.619523453997,11,176,22,3,213,9.34722222222222,0.896915472238653,1,215,83,0,0,14,69,3,13,29,10,14,52,31,7,0,0,0,0,2,0,0,0,0,0,0,2,0,0,0,0,0,0,0,0,0,0,0,0,0,12335,2633,9.25925925925926,0,0,0,0,63.8365783593999,925.925925925926,6.72772959390451,68.9435046281519
2015,"MUNICIPIO",4102406,32639,32184,15551,16633,7051,17128,8005,3511,8855,4267,NA,0.727,NA,NA,459,0,441,3,71,114,137,81,42,10,1,0,456,21,26,31,26.1851851851852,6.36263300995298,1,15,85,246,26,84,320,25,2,109,0,161,297,200,259,452,7,0,1,1,39,405,12,41,405,12,38,39,39,38.471615720524,1.85475378606692,0,54,5,17,382,84,375,114,345,440,15,2,93,79,82,35,106,7,7,6,2,39,459,0,0,0,0,235,224,320,25,2,109,0,26,409,24,2965,3230,3542.5,3223.8082788671,492.973535186416,29,379,42,11,448,9.42483660130719,1.05953444372267,5,454,281,0,0,18,263,10,49,103,49,52,160,121,9,0,3,3,0,0,0,2,0,0,1,0,3,0,0,0,0,0,0,0,0,0,0,0,0,0,28785,28785,6.5359477124183,0,6.5359477124183,6.5359477124183,0,33.8791643139469,653.59477124183,8.60933239376206,51.8351214003388
2015,"MUNICIPIO",4102505,12487,12656,6351,6305,2752,6413,3491,1337,3207,1761,NA,0.696,NA,NA,137,0,128,1,29,37,37,19,8,6,0,0,136,20,25,29,25.1094890510949,6.5481012426558,0,8,33,78,6,12,67,8,0,61,0,23,114,59,78,131,6,0,0,4,9,122,2,13,122,2,38,39,40,38.5182481751825,2.37976206726213,0,24,2,2,108,70,67,43,94,110,25,2,29,16,22,4,29,10,13,6,2,6,136,0,1,0,0,77,60,67,8,0,61,0,10,123,4,2850,3120,3450,3125.56934306569,553.18518593288,10,107,14,4,133,9.10948905109489,1.25837682631698,2,134,99,0,0,8,91,3,13,48,8,19,70,29,1,0,2,2,0,0,0,1,0,0,1,0,2,0,0,0,0,0,0,0,0,0,0,0,0,0,11295,3387,14.5985401459854,0,14.5985401459854,14.5985401459854,0,62.363579669473,1459.85401459854,7.9282453751902,42.719052073589
2015,"MUNICIPIO",4102604,10231,9735,4794,4941,2326,5243,2166,1144,2691,1106,NA,0.706,NA,NA,153,0,146,2,37,50,29,20,12,3,0,0,151,19,24,28,24.3790849673203,6.41339730148386,0,8,42,74,11,18,126,1,2,24,0,22,130,74,79,151,2,0,0,1,5,147,0,6,147,0,38,39,40,38.718954248366,1.54518571673725,0,21,1,9,119,153,0,36,117,140,10,2,37,30,24,11,34,4,5,2,2,3,153,0,0,0,0,74,79,126,1,2,24,0,12,137,4,2815,3070,3420,3098.92156862745,506.180843611874,18,125,8,0,153,9.77777777777778,0.56454711963874,4,149,56,0,0,10,46,1,13,16,8,8,36,20,2,0,0,0,0,1,0,0,0,0,0,0,1,0,0,0,0,0,0,0,0,0,0,0,0,0,7494,NA,6.5359477124183,0,0,0,0,37.1609067261241,653.59477124183,5.47356074675007,56.8561872909699
2015,"MUNICIPIO",4102703,2821,2727,1385,1342,492,1425,810,246,702,394,NA,0.744,NA,NA,22,0,21,0,2,4,9,7,0,0,0,0,22,24.5,27.5,30.75,26.8181818181818,4.67655106570321,0,0,5,10,0,6,20,0,0,2,0,2,20,6,16,22,0,0,0,0,3,19,0,3,19,0,38,39,39,38.1818181818182,1.89325528770306,0,2,1,0,18,22,0,1,21,21,1,0,2,2,4,2,8,0,1,0,0,3,22,0,0,0,0,8,14,20,0,0,2,0,1,19,2,3000,3295,3547.5,3277.95454545455,618.399737977577,1,17,4,0,22,9.81818181818182,0.501081082343218,0,22,23,0,0,0,23,1,2,9,5,6,10,13,1,0,0,0,0,0,0,0,0,0,0,0,0,0,0,0,0,0,0,0,0,0,0,0,0,0,2375,NA,0,0,0,0,0,0,0,8.15313718539525,31.3390313390313
2015,"MUNICIPIO",4102752,3848,3945,2018,1927,964,1896,1085,488,923,516,NA,0.681,NA,NA,49,0,43,0,12,3,11,15,8,0,0,0,49,20,29,32,27.5918367346939,7.00570710012837,0,9,19,13,3,5,47,0,0,2,0,14,34,5,44,49,0,0,0,0,8,37,1,8,37,1,37,38,40,38.1304347826087,2.15621783739928,0,11,0,2,34,49,0,15,34,48,0,1,2,1,8,6,20,0,0,0,1,8,48,1,0,0,0,25,24,47,0,0,2,0,2,40,7,3200,3450,3810,3442.81632653061,642.463607058453,2,29,14,0,49,9.87755102040816,0.389050824723052,1,48,26,0,0,0,26,1,8,10,4,3,15,11,0,0,0,0,0,0,0,0,0,0,0,0,0,0,0,0,0,0,0,0,0,0,0,0,0,0,1932,NA,0,0,0,0,0,0,0,6.75675675675676,53.0877573131094
2015,"MUNICIPIO",4102802,15612,15079,7317,7762,3112,7828,4139,1563,3999,2200,NA,0.716,NA,NA,212,0,194,3,41,56,56,43,10,3,0,0,209,20,25,30,25.2216981132075,6.06621449012364,0,5,76,95,5,29,158,15,1,35,0,123,87,94,118,208,4,0,2,2,21,179,5,25,179,5,38,39,39,38.2200956937799,2.42768051504031,0,34,12,11,153,68,144,97,115,205,6,0,44,34,48,11,43,4,1,4,0,19,211,0,0,1,0,105,107,158,15,1,35,0,20,181,11,2937.5,3220,3515,3173.34433962264,622.363290773488,10,172,21,1,211,9.60849056603774,0.749422263993003,1,211,141,0,0,24,117,4,24,40,21,28,90,51,4,0,3,2,1,3,0,2,0,0,1,0,6,0,0,0,0,0,0,0,0,0,0,0,0,0,15609,6522,28.3018867924528,4.71698113207547,9.43396226415094,14.1509433962264,0,150.037509377344,2830.18867924528,9.0315142198309,53.0132533133283
2015,"MUNICIPIO",4102901,16480,15880,8150,7730,4596,8389,2895,2229,4097,1404,NA,0.667,NA,NA,249,0,239,3,76,62,55,33,16,4,0,0,246,19,23,28,24.2048192771084,6.61576630313461,0,16,105,95,3,29,178,5,1,64,0,58,190,115,134,247,2,0,1,6,42,191,9,49,191,9,37,38,39,37.9196787148594,2.61693736774158,1,47,7,9,182,56,193,93,156,236,13,0,17,74,14,43,42,4,9,2,0,44,248,0,1,0,0,123,126,178,5,1,64,0,19,226,4,2888,3116,3420,3111.46586345382,468.210861822304,15,201,30,0,249,9.71887550200803,0.547432736848314,3,244,122,0,0,14,108,6,23,42,17,20,75,47,2,0,1,0,1,1,0,1,0,0,0,0,2,0,0,0,0,0,0,0,0,0,0,0,0,0,10936,NA,8.03212851405622,4.01606425702811,0,4.01606425702811,0,48.8162069807176,803.212851405622,7.40291262135922,60.7761776909934
2015,"MUNICIPIO",4103008,4478,4568,2280,2288,902,2478,1188,451,1239,598,NA,0.72,NA,NA,48,0,46,0,9,13,11,9,5,1,0,0,48,20,25,30.25,25.8125,6.37367007404415,0,0,11,22,4,11,32,0,0,15,0,21,27,26,22,48,0,0,0,1,6,38,3,7,38,3,37.75,38,39,38.0416666666667,2.23090796641411,0,5,0,1,41,47,1,14,34,40,8,0,9,11,4,1,10,3,5,0,0,5,48,0,0,0,0,25,23,32,0,0,15,0,6,40,2,2953.75,3152.5,3522.5,3141.97916666667,631.858740259122,2,40,6,1,47,9.39583333333333,1.23322071557906,1,47,42,0,0,3,39,0,8,19,3,9,26,16,1,0,1,1,0,0,0,1,0,0,0,0,1,0,0,0,0,0,0,0,0,0,0,0,0,0,4165,NA,20.8333333333333,0,20.8333333333333,20.8333333333333,0,80.7102502017756,2083.33333333333,9.37918713711478,38.7409200968523
2015,"MUNICIPIO",4103024,2716,2764,1402,1362,689,1459,616,341,715,306,NA,0.7,NA,NA,42,0,41,0,11,8,8,9,5,1,0,0,42,19.25,25.5,31,26.2619047619048,7.15357500189812,1,1,16,16,2,6,29,0,0,13,0,3,39,14,28,42,0,0,0,0,2,39,0,2,39,0,38,39,39,38.4146341463415,1.26442891765606,0,7,1,3,31,42,0,11,31,41,1,0,6,6,6,4,16,1,0,0,0,2,42,0,0,0,0,23,19,29,0,0,13,0,2,39,1,2945,3270,3626.25,3263.38095238095,386.19879579336,1,37,3,0,42,9.54761904761905,0.592735738937433,0,42,12,0,0,0,12,0,3,4,3,2,7,5,0,0,0,0,0,0,0,0,0,0,0,0,0,0,0,0,0,0,0,0,0,0,0,0,0,0,1241,NA,0,0,0,0,0,0,0,4.41826215022091,58.7412587412587
2015,"MUNICIPIO",4103040,6683,6554,3346,3208,1791,3566,1197,901,1720,587,NA,0.655,NA,NA,75,0,71,2,13,20,17,12,10,1,0,0,73,21,26,31,26.0533333333333,7.07086395832342,1,6,20,33,6,8,62,1,1,11,0,27,48,34,41,73,2,0,0,1,10,61,2,11,61,2,38,38,39,38.1351351351351,2.13467346528834,0,13,4,6,52,75,0,24,51,71,4,0,17,11,11,3,18,2,2,2,0,8,75,0,0,0,0,35,40,62,1,1,11,0,8,65,2,2780,3030,3297.5,3015.30666666667,542.048192066464,4,63,5,0,75,9.42666666666667,0.71985984621883,0,75,33,0,0,5,28,3,7,3,5,10,17,16,0,0,2,1,1,0,0,2,0,0,0,0,2,0,0,0,0,0,0,0,0,0,0,0,0,0,3100,NA,26.6666666666667,13.3333333333333,13.3333333333333,26.6666666666667,0,116.279069767442,2666.66666666667,4.93790213975759,43.6046511627907
2015,"MUNICIPIO",4103057,7968,7911,3994,3917,2059,3840,2012,1009,1919,989,NA,0.67,NA,NA,115,0,111,3,10,27,28,39,7,1,0,0,112,23,28,31,27.1391304347826,5.84280477666986,1,7,31,55,7,14,95,1,0,19,0,15,100,38,77,111,4,0,0,0,9,106,0,9,106,0,38,39,40,38.6869565217391,1.61877806087609,0,24,3,10,78,110,5,60,55,110,5,0,11,21,21,17,31,1,3,4,0,6,113,0,0,2,0,51,64,95,1,0,19,0,11,98,6,2967.5,3265,3550,3241.26086956522,534.488131700847,9,91,11,1,114,9.30434782608696,0.715418084654348,2,113,66,0,0,12,54,0,13,16,10,15,42,24,6,0,1,1,0,0,0,1,0,0,0,0,1,0,0,0,0,0,0,0,0,0,0,0,0,0,6515,NA,8.69565217391304,0,8.69565217391304,8.69565217391304,0,52.1104742053153,869.565217391304,8.28313253012048,59.9270453361126
2015,"MUNICIPIO",4103107,12159,10987,5552,5435,3090,5715,2182,1569,2779,1087,NA,0.64,NA,NA,180,0,169,4,37,48,43,27,17,4,0,0,176,20,25,31,25.3,6.83884730069583,0,18,67,75,9,11,166,0,1,11,0,118,62,72,108,176,4,0,0,4,13,161,1,17,161,1,38,39,39,38.4525139664804,1.84869581833692,0,36,3,8,131,179,1,97,83,167,11,0,39,27,38,23,28,3,6,4,0,10,179,0,1,0,0,92,88,166,0,1,11,0,17,151,12,2917.5,3252.5,3555,3191.39444444444,600.466676027274,7,147,21,3,175,9.5,1.21315762060393,2,178,73,0,0,8,65,3,13,23,8,18,41,32,4,0,6,3,3,1,0,6,0,0,0,0,8,0,0,0,0,0,0,0,0,0,0,0,0,0,10130,3636,38.8888888888889,16.6666666666667,16.6666666666667,33.3333333333333,0,287.873335732278,4444.44444444444,6.00378320585574,64.7715005397625
2015,"MUNICIPIO",4103156,3777,3796,1969,1827,915,1810,1071,444,864,519,NA,0.697,NA,NA,51,0,48,0,8,15,8,13,6,1,0,0,51,21,25,31,26.3137254901961,6.69773154457069,0,4,18,23,1,5,43,0,0,8,0,4,47,19,32,50,1,0,0,0,5,46,0,5,46,0,38,39,40,38.4705882352941,1.77034393468016,0,6,0,1,44,51,0,11,40,48,2,0,10,7,8,5,14,0,2,1,0,3,51,0,0,0,0,24,27,43,0,0,8,0,6,45,0,2904,3155,3357.5,3071.88235294118,454.039894593364,3,46,1,0,50,9.84,0.370328039909021,1,50,22,0,0,1,21,0,9,6,2,4,15,7,1,0,1,1,0,0,0,1,0,0,0,0,1,0,0,0,0,0,0,0,0,0,0,0,0,0,1398,NA,19.6078431372549,0,19.6078431372549,19.6078431372549,0,115.740740740741,1960.78431372549,5.82472862059836,59.0277777777778
2015,"MUNICIPIO",4103206,6944,6561,3227,3334,1523,3525,1513,761,1782,791,NA,0.686,NA,NA,125,0,120,5,24,41,28,21,4,2,0,0,120,20,24,28,24.272,6.1831926193304,0,10,49,60,2,4,80,14,0,31,0,60,65,55,70,121,4,0,0,2,12,107,4,14,107,4,38,39,39,38.344,1.8583030760833,1,22,1,5,95,57,68,18,107,122,1,2,12,37,6,19,34,1,0,4,2,10,125,0,0,0,0,57,68,80,14,0,31,0,12,112,1,2835,3070,3320,3061.112,445.535383193545,11,107,3,2,123,9.464,1.0666801074422,3,121,51,0,0,4,47,1,8,20,8,10,28,23,2,0,1,1,0,0,0,1,0,0,0,0,1,0,0,0,0,0,0,0,0,0,0,0,0,0,6889,NA,8,0,8,8,0,56.1167227833895,800,7.34447004608295,70.1459034792368
2015,"MUNICIPIO",4103222,3365,3293,1638,1655,664,1747,882,340,874,441,NA,0.742,NA,NA,41,0,39,0,2,8,16,8,6,1,0,0,41,25,27,32,28.1219512195122,5.81031462982522,0,2,7,23,2,7,31,0,0,9,0,6,35,12,29,40,1,0,1,0,2,37,1,3,37,1,38,39,39,38.1707317073171,2.6916764202295,0,2,2,2,35,41,0,9,32,40,1,0,3,8,2,7,17,0,1,1,0,2,41,0,0,0,0,23,18,31,0,0,9,0,3,37,1,2910,3215,3645,3236.9512195122,522.636200010079,3,31,6,0,41,9.70731707317073,0.512049921346757,0,41,28,0,0,3,25,1,7,5,4,8,24,4,0,0,0,0,0,0,0,0,0,0,0,0,0,0,0,0,0,0,0,0,0,0,0,0,0,0,1881,NA,0,0,0,0,0,0,0,8.32095096582467,46.9107551487414
2015,"MUNICIPIO",4103305,7497,7878,3933,3945,1491,4042,2345,742,1989,1214,NA,0.717,NA,NA,83,0,78,0,13,21,22,17,10,0,0,0,83,21,27,32,26.578313253012,6.03873771725094,0,2,27,37,3,14,69,2,0,10,0,28,54,30,53,81,0,0,0,0,13,70,0,13,70,0,37,38,39,38.1084337349398,1.61556490303585,0,9,2,4,67,82,1,15,68,79,3,1,10,13,8,5,30,2,1,0,1,12,83,0,0,0,0,41,42,69,2,0,10,0,4,77,2,2992.5,3270,3547,3249.73493975904,443.757132112726,3,73,7,4,79,9.32530120481928,1.57811583963004,0,83,86,0,0,10,76,3,12,31,5,25,42,44,3,0,4,1,3,0,0,4,0,0,0,0,4,0,0,0,0,0,0,0,0,0,0,0,0,0,7409,NA,48.1927710843374,36.144578313253,12.0481927710843,48.1927710843374,0,201.106083459025,4819.27710843374,11.4712551687342,41.7295123177476
2015,"MUNICIPIO",4103354,5742,5735,2939,2796,1327,3028,1380,642,1499,655,NA,0.701,NA,NA,76,0,72,1,12,16,17,17,10,3,0,0,75,21,27.5,33,27.2368421052632,6.96059081985168,0,5,22,33,1,14,64,2,0,10,0,12,64,29,47,73,3,0,0,2,7,67,0,9,67,0,37.75,38,39,38.1052631578947,2.1638172896892,0,25,4,8,39,75,1,21,55,70,6,0,6,20,11,12,15,2,2,3,0,5,73,0,0,3,0,43,33,64,2,0,10,0,6,65,5,2863.75,3222.5,3490,3156.31578947368,566.320503143495,3,63,7,3,73,9.27631578947368,1.25005263047096,1,75,42,0,0,5,37,0,9,14,4,10,26,16,2,0,0,0,0,2,0,0,0,0,0,0,2,0,0,0,0,0,0,0,0,0,0,0,0,0,4619,NA,26.3157894736842,0,0,0,0,133.422281521014,2631.57894736842,7.31452455590387,50.7004669779853
2015,"MUNICIPIO",4103370,3037,3209,1603,1606,658,1713,838,331,850,425,NA,0.681,NA,NA,39,0,39,1,7,11,11,6,2,1,0,0,38,20,25,29,24.8717948717949,6.59018204037158,0,0,7,23,1,8,23,1,0,15,0,26,13,25,14,39,0,0,0,1,2,35,1,3,35,1,38,39,40,38.4871794871795,2.36055072601596,2,5,2,1,29,38,1,14,25,39,0,0,6,16,2,5,7,0,0,0,0,3,38,1,0,0,0,14,25,23,1,0,15,0,4,34,1,3005,3270,3450,3175.64102564103,497.91694970037,1,36,2,1,38,9.05128205128205,1.33670289476753,1,38,23,0,0,2,21,3,3,10,2,3,17,6,0,0,1,0,1,0,0,0,0,0,1,0,1,0,0,0,0,0,0,0,0,0,0,0,0,0,3036,NA,25.6410256410256,25.6410256410256,0,25.6410256410256,0,117.647058823529,2564.10256410256,7.57326308857425,45.8823529411765
2015,"MUNICIPIO",4103404,2873,2695,1376,1319,570,1493,632,263,723,333,NA,0.693,NA,NA,41,0,35,0,6,10,14,7,3,1,0,0,41,22,27,30,26.390243902439,5.76575254750188,0,2,10,26,1,2,28,0,0,13,0,15,26,18,23,37,4,0,0,0,5,35,1,5,35,1,38,39,40,38.5853658536585,2.049092601081,0,6,0,4,29,40,1,20,21,38,3,0,6,9,4,7,6,0,0,4,0,5,38,2,0,1,0,14,27,28,0,0,13,0,8,32,1,2845,3190,3585,3107.43902439024,580.118653758888,1,35,1,0,41,9.78048780487805,0.419058177461747,1,40,20,0,0,1,19,1,4,5,4,5,14,6,0,0,0,0,0,0,0,0,0,0,0,0,0,0,0,0,0,0,0,0,0,0,0,0,0,0,2684,NA,0,0,0,0,0,0,0,6.96136442742778,56.7081604426003
2015,"MUNICIPIO",4103453,16611,14662,7345,7317,3441,8726,2495,1660,4366,1291,NA,0.748,NA,NA,324,0,313,0,50,80,91,70,24,9,0,0,324,22,26,31,26.5308641975309,6.31639749140491,0,7,59,167,15,76,249,11,1,61,0,36,288,133,191,316,8,0,0,4,23,286,11,27,286,11,38,39,40,38.6234567901235,1.8353779344358,0,54,3,9,258,110,214,81,243,315,8,0,83,30,55,6,108,1,5,8,0,27,323,0,1,0,0,147,177,249,11,1,61,0,28,282,14,2910,3220,3472.5,3177.4537037037,536.747879153438,26,263,27,1,323,9.03703703703704,0.496288252514366,3,321,61,0,0,7,54,1,14,18,11,10,38,23,3,0,1,0,1,1,0,0,0,0,1,0,2,0,0,0,0,0,0,0,0,0,0,0,0,0,16608,13200,6.17283950617284,3.08641975308642,0,3.08641975308642,0,45.8085203847916,617.283950617284,3.67226536632352,74.2098030233623
2015,"MUNICIPIO",4103479,4288,4290,2170,2120,857,2227,1206,408,1108,604,NA,0.692,NA,NA,46,0,45,0,2,8,19,10,2,5,0,0,46,25.25,28,31,28.9565217391304,6.16786122390044,2,4,9,25,0,6,24,0,0,22,0,18,28,17,29,46,0,0,0,1,3,42,0,4,42,0,38,38,39,38.0652173913044,1.56917775939494,0,4,1,3,38,45,1,12,34,45,1,0,1,15,0,8,17,1,0,0,0,4,45,0,1,0,0,19,27,24,0,0,22,0,6,38,2,2878.75,3142.5,3441.25,3100.10869565217,511.312569255109,5,38,3,0,45,9.31111111111111,0.55686713864351,0,46,32,0,0,8,24,1,2,5,5,11,17,15,3,0,2,2,0,0,0,2,0,0,0,0,2,0,0,0,0,0,0,0,0,0,0,0,0,0,4195,NA,43.4782608695652,0,43.4782608695652,43.4782608695652,0,180.505415162455,4347.82608695652,7.46268656716418,41.5162454873646
2015,"MUNICIPIO",4103503,8505,8069,4051,4018,1788,4278,2003,873,2144,1001,NA,0.722,NA,NA,122,0,119,0,18,29,39,16,17,2,1,0,122,22,26,31,26.6311475409836,6.58222100684947,0,2,36,62,0,22,70,9,0,43,0,59,63,55,67,120,2,0,1,1,11,105,4,13,105,4,37,38,39,38.0491803278689,2.35611551378971,1,12,3,4,101,122,0,35,87,118,4,0,6,38,7,21,34,2,1,2,0,11,122,0,0,0,0,56,66,70,9,0,43,0,11,110,1,2816.25,3097.5,3380,3069.83606557377,476.571751219505,11,102,7,1,121,9.80327868852459,0.539962414705073,0,122,65,0,0,3,62,1,12,26,11,12,30,35,2,0,0,0,0,0,0,0,0,0,0,0,0,0,0,0,0,0,0,0,0,0,0,0,0,0,7761,NA,0,0,0,0,0,0,0,7.64256319811875,56.9029850746269
2015,"MUNICIPIO",4103602,25170,23886,11648,12238,5073,12707,6106,2462,6465,3311,NA,0.721,NA,NA,312,0,229,2,54,83,76,70,21,6,0,0,310,21,26,31,25.9487179487179,6.3421165300681,0,9,77,156,7,27,202,18,0,54,0,96,213,132,180,301,10,0,2,1,22,260,12,25,260,12,38,39,40,38.7643097643098,2.23569150338693,0,61,12,13,176,198,114,99,212,256,15,2,56,34,40,25,62,8,5,9,2,20,312,0,0,0,0,183,129,232,18,0,58,0,30,268,14,2878.75,3180,3530,3171.29807692308,532.394485655532,24,228,30,2,309,9.81350482315113,0.530317250584011,3,307,221,0,0,11,210,3,40,73,33,61,114,107,10,0,2,1,1,2,0,1,0,0,1,0,4,0,0,0,1,0,1,1,0,0,0,1,0,0,25010,24207,12.8205128205128,3.2051282051282,3.2051282051282,6.41025641025641,15.4679040989946,61.8716163959783,1282.05128205128,8.7802940007946,48.2598607888631
2015,"MUNICIPIO",4103701,103822,96733,47299,49434,21270,53871,21592,10462,27369,11603,NA,0.734,NA,NA,1410,0,1283,5,209,350,362,305,140,36,3,0,1405,22,27,32,26.7914893617021,6.45477238139568,3,23,278,801,82,218,993,66,5,315,4,662,726,608,802,1372,38,0,12,15,120,1213,47,147,1213,47,38,39,40,38.3724235963042,2.27748739100157,1,214,56,46,1083,539,871,499,910,1354,50,2,241,286,174,128,390,21,18,36,2,108,1408,0,1,1,0,710,700,993,66,5,315,4,126,1221,63,2930,3250,3505,3173.68936170213,572.483303403653,65,1153,132,15,1393,9.74715909090909,0.738805888568435,3,1401,656,0,0,69,587,16,153,145,121,152,385,271,28,0,10,9,1,4,0,9,0,0,1,0,14,0,0,0,1,0,1,1,0,0,1,0,0,0,103802,98485,9.9290780141844,0.709219858156028,6.38297872340426,7.09219858156028,3.65376886258175,51.1527640761445,992.90780141844,6.31850667488586,51.5181409624027
2015,"MUNICIPIO",4103800,7708,7236,3679,3557,1469,3898,1869,704,1901,952,NA,0.725,NA,NA,119,0,116,0,18,35,40,16,8,1,1,0,119,22,26,29,25.7731092436975,5.91097367124926,0,8,33,58,0,20,67,9,1,42,0,59,60,59,60,117,2,0,2,0,14,101,2,16,101,2,37,38,39,37.8151260504202,2.33603454581281,0,8,0,2,109,119,0,25,94,116,2,0,6,42,3,11,38,1,1,2,0,14,119,0,0,0,0,64,55,67,9,1,42,0,11,106,2,2825,3055,3365,3034.18487394958,557.602737609494,10,100,7,3,116,9.64705882352941,1.0781987120249,1,118,62,0,0,9,53,0,5,18,12,18,37,25,1,0,2,1,1,0,0,2,0,0,0,0,2,0,0,0,0,0,0,0,0,0,0,0,0,0,7648,NA,16.8067226890756,8.40336134453782,8.40336134453782,16.8067226890756,0,105.207785376118,1680.67226890756,8.04359107420861,62.5986322987901
2015,"MUNICIPIO",4103909,15247,15394,7647,7747,3620,7931,3843,1749,4072,1926,NA,0.704,NA,NA,208,0,201,2,43,49,51,44,16,3,0,0,206,20,25,31,25.5432692307692,6.5347863575452,3,5,64,112,4,19,125,2,0,79,1,24,184,72,136,208,0,0,0,1,10,192,4,11,192,4,38,39,39.5,38.7632850241546,1.44712799969218,0,35,3,2,168,102,106,79,129,194,12,2,36,28,51,5,63,5,7,0,2,10,208,0,0,0,0,95,113,125,2,0,79,1,15,190,3,3000,3182.5,3450,3174.85096153846,429.564099808727,19,171,16,1,206,9.47826086956522,0.81148364038162,0,205,117,0,0,12,105,1,13,57,14,20,77,40,3,0,1,1,0,1,0,1,0,0,0,0,1,0,0,0,0,0,0,0,0,0,0,0,0,0,14772,NA,9.61538461538462,0,4.80769230769231,4.80769230769231,0,24.5579567779961,480.769230769231,7.67364071620647,51.0805500982318
2015,"MUNICIPIO",4103958,4096,4076,2136,1940,1183,2103,790,569,1015,356,NA,0.63,NA,NA,58,0,57,0,12,19,11,7,7,2,0,0,58,20,24,30.75,25.551724137931,6.91089253075808,0,10,20,19,3,6,50,1,0,6,0,45,12,22,36,58,0,0,0,1,4,53,0,5,53,0,38,39,40,38.6206896551724,1.73536574037681,0,15,4,3,36,57,1,22,36,57,1,0,11,8,8,12,13,0,1,0,0,5,57,1,0,0,0,32,26,50,1,0,6,0,6,49,3,2907.5,3182.5,3570,3204.56896551724,517.892392537324,4,47,7,0,58,9.82758620689655,0.381038794105574,0,58,23,0,0,1,22,1,6,12,2,1,12,11,1,0,0,0,0,0,0,0,0,0,0,0,1,0,0,0,0,0,0,0,0,0,0,0,0,0,1830,NA,0,0,0,0,0,98.5221674876847,1724.13793103448,5.615234375,57.1428571428571
2015,"MUNICIPIO",4104006,41821,38769,19229,19540,10339,22008,6422,5152,11096,3292,NA,0.718,NA,NA,817,0,749,10,155,219,204,139,75,15,0,0,807,21,25,30,25.625458996328,6.49107517500333,0,21,235,455,29,76,646,15,2,148,0,504,308,343,474,800,16,0,4,4,46,756,1,54,756,1,38,39,39,38.4537607891492,1.68545558540172,3,187,51,63,491,169,648,308,509,766,26,6,114,173,109,72,238,14,11,14,6,43,815,2,0,0,0,418,399,646,15,2,148,0,66,711,40,2970,3250,3525,3209.8029375765,532.705390833181,36,680,78,11,806,9.5140758873929,0.991438922168637,11,802,258,0,0,43,215,16,52,75,33,39,163,95,15,0,10,7,3,4,0,6,0,0,2,0,14,0,0,0,0,0,0,0,0,0,0,0,0,0,41813,36456,17.1358629130967,3.67197062423501,8.56793145654835,12.2399020807834,0,126.171593366979,1713.58629130967,6.16914947036178,73.6301369863014
2015,"MUNICIPIO",4104055,4259,4407,2215,2192,1127,2349,931,563,1161,468,NA,0.681,NA,NA,48,0,48,1,8,15,11,8,4,1,0,0,47,20.75,24.5,30,25.125,6.41018139617865,1,4,13,22,3,5,44,0,0,4,0,9,39,20,28,48,0,0,0,0,4,44,0,4,44,0,38,39,40,38.7083333333333,1.62373791687422,0,7,2,1,38,48,0,25,23,47,1,0,6,11,12,3,11,1,0,0,0,4,48,0,0,0,0,22,26,44,0,0,4,0,2,44,2,2870,3262.5,3561.25,3222.08333333333,510.95429421832,3,39,6,0,48,9.58333333333333,0.577350269189626,2,46,30,0,0,7,23,0,7,8,1,7,16,14,2,0,2,1,1,1,0,2,0,0,0,0,3,0,0,0,0,0,0,0,0,0,0,0,0,0,3031,NA,62.5,20.8333333333333,20.8333333333333,41.6666666666667,0,258.397932816537,6250,7.04390702042733,41.343669250646
2015,"MUNICIPIO",4104105,7693,7125,3676,3449,2037,3860,1228,991,1858,600,NA,0.686,NA,NA,121,0,103,2,30,39,24,18,6,2,0,0,119,19,23,29,24.1735537190083,6.39228400228277,0,12,57,36,3,11,115,1,0,3,0,19,102,46,75,121,0,0,2,1,7,97,9,10,97,9,38,39,40,38.8793103448276,2.65118569836147,0,27,4,3,82,119,2,63,58,113,7,1,8,31,17,18,26,3,4,0,1,8,48,73,0,0,0,58,63,115,1,0,3,0,11,104,6,2935,3260,3575,3205.95041322314,583.752699511812,8,91,12,2,119,9.14049586776859,0.878500475469108,0,121,50,0,0,6,44,2,15,9,8,10,30,20,2,0,3,1,2,1,0,3,0,0,0,0,4,0,0,0,0,0,0,0,0,0,0,0,0,0,7268,NA,33.0578512396694,16.5289256198347,8.26446280991736,24.7933884297521,0,215.285252960172,3305.78512396694,6.49941505264526,65.1237890204521
2015,"MUNICIPIO",4104204,124098,112377,55660,56717,26246,64578,21553,12952,32440,11325,NA,0.745,NA,NA,1843,0,1459,11,317,461,430,388,194,38,3,1,1831,21,26,31,26.4069451980467,6.66732316670374,6,92,437,987,71,242,1667,35,1,102,0,979,852,866,977,1793,47,1,3,26,210,1397,29,240,1397,29,38,38,39,38.0876350540216,2.19269950069955,9,307,98,100,1268,491,1352,714,1129,1700,67,3,401,189,283,72,373,24,28,47,3,190,1839,1,3,0,0,943,899,1667,35,1,102,0,190,1588,64,2860,3190,3470,3119.70086862106,560.326259124183,115,1343,158,14,1820,9.54580152671756,0.817382310584314,13,1809,731,0,0,98,633,30,141,223,115,124,441,290,27,0,15,9,6,10,0,14,0,0,0,0,24,0,1,0,0,1,1,1,0,0,0,0,0,1,116635,56944,13.5648399348888,3.2555615843733,4.88334237655996,8.13890396093326,3.0826140567201,73.9827373612824,1302.22463374932,5.89050589050589,56.8125770653514
2015,"MUNICIPIO",4104253,27517,24843,12507,12336,6494,14097,4252,3128,7002,2206,NA,0.701,NA,NA,431,0,385,4,80,110,107,73,42,15,0,0,427,21,25,31,26.0046403712297,6.7379506095606,0,16,140,223,13,36,366,10,0,51,0,291,140,172,259,424,7,0,1,6,24,392,2,31,392,2,38,39,39,38.5176470588235,1.78972278807574,0,61,20,27,308,428,3,235,196,405,16,0,79,71,88,47,83,5,11,7,0,26,427,1,1,2,0,218,213,366,10,0,51,0,41,373,17,2897.5,3170,3442.5,3154.5939675174,521.948696454897,22,358,38,6,424,9.45348837209302,0.861734802879544,1,425,158,0,0,24,134,9,22,48,18,37,101,57,11,0,2,1,1,1,0,2,0,0,0,0,3,0,0,0,0,0,0,0,0,0,0,0,0,0,24021,7810,6.96055684454756,2.32018561484919,2.32018561484919,4.64037122969838,0,42.8449014567267,696.055684454756,5.74190500417923,61.5538417594973
2015,"MUNICIPIO",4104303,92930,87194,42013,45181,19163,48938,19093,9483,25350,10348,NA,0.757,NA,NA,1292,0,1240,7,178,303,343,293,141,26,1,0,1285,22,27,32,26.9009287925697,6.42041904406205,3,29,250,668,91,251,933,10,6,343,0,330,960,520,772,1258,33,0,3,9,113,1124,43,125,1124,43,38,39,40,38.5657894736842,1.94848605448466,3,135,39,53,1058,60,1232,437,855,960,319,10,155,196,174,100,232,121,187,33,10,80,1291,1,0,0,0,664,628,933,10,6,343,0,101,1151,40,2933.75,3212.5,3480,3176.36687306502,508.83116475233,70,1086,98,13,1276,9.20325833979829,0.764480456759843,8,1283,661,0,0,94,567,14,137,171,106,139,374,287,39,0,8,4,4,3,0,7,0,0,1,0,12,0,0,0,0,1,0,0,0,0,0,0,0,0,92912,83905,8.51393188854489,3.09597523219814,3.09597523219814,6.19195046439629,0,47.3372781065089,928.792569659443,7.11288066286452,50.9664694280079
2015,"MUNICIPIO",4104402,16339,16655,8543,8112,4422,8426,3807,2256,4061,1795,NA,0.629,NA,NA,198,0,170,9,46,54,36,28,19,6,0,0,189,19,23,30,24.7525252525253,7.26820268295236,5,26,63,79,9,13,139,1,0,36,21,34,162,82,116,198,0,0,1,0,15,154,13,16,154,13,38,39,40,38.8469945355191,2.28193556625541,0,31,7,6,147,47,151,107,91,189,7,2,45,22,54,2,37,4,3,0,2,16,198,0,0,0,0,98,100,139,1,0,36,21,9,170,19,3063,3365,3700,3377.63636363636,517.849437275162,10,134,34,0,198,9.80808080808081,0.545898740666502,0,198,119,0,0,24,95,3,20,39,13,20,74,45,3,0,1,1,0,2,0,1,0,0,0,0,3,0,0,0,0,0,0,0,0,0,0,0,0,0,6233,3209,15.1515151515152,0,5.05050505050505,5.05050505050505,0,73.8734301896085,1515.15151515152,7.28318746557317,48.7564639251416
2015,"MUNICIPIO",4104428,15822,14983,7551,7432,4225,8065,2693,2105,4055,1272,NA,0.635,NA,NA,251,0,221,1,60,62,61,42,19,6,0,0,250,20,25,30,25.2749003984064,6.62903669397295,0,22,104,66,13,22,150,4,0,73,0,145,106,90,161,247,4,0,2,5,17,219,7,24,219,7,38,39,40,38.524,2.45959803422426,0,25,5,12,185,75,176,108,143,218,9,0,23,47,48,30,51,4,2,4,0,18,251,0,0,0,0,121,130,165,5,0,80,0,27,218,6,2845,3185,3462.5,3097.08764940239,583.728985306411,27,203,14,6,245,9.43824701195219,1.19631572535892,0,251,106,0,0,13,93,0,19,34,14,26,59,47,6,0,2,1,1,1,0,2,0,0,0,0,3,0,0,0,0,0,0,0,0,0,0,0,0,0,9818,3132,11.9521912350598,3.98406374501992,3.98406374501992,7.96812749003984,0,73.9827373612824,1195.21912350598,6.69953229680192,61.8988902589396
2015,"MUNICIPIO",4104451,13452,12952,6562,6390,3695,6674,2583,1775,3307,1308,NA,0.635,NA,NA,203,0,178,6,51,53,41,29,13,10,0,0,197,19,24,30,24.8571428571429,7.33459763650275,3,27,77,59,8,20,125,3,0,61,0,42,157,84,119,202,1,0,1,6,18,169,5,25,169,5,37,39,40,38.321608040201,2.57161770159706,2,39,19,15,118,48,155,91,112,185,10,0,46,18,44,13,37,5,5,1,0,23,200,1,0,2,0,93,110,128,3,0,66,0,18,175,10,2922.5,3200,3460,3150.31034482759,593.469949893934,16,154,26,1,202,9.20197044334975,0.766628247854988,0,203,93,0,0,15,78,1,19,38,5,15,55,38,8,0,3,3,0,1,0,2,1,0,0,0,5,0,0,0,0,0,0,0,0,0,0,0,0,0,9837,5158,19.7044334975369,0,14.7783251231527,14.7783251231527,0,151.194436044754,2463.05418719212,6.91347011596789,61.3849410341699
2015,"MUNICIPIO",4104501,19275,18526,9160,9366,3924,9688,4914,1902,4834,2630,NA,0.706,NA,NA,238,0,221,2,30,69,52,56,25,4,0,0,236,22,26,31,26.5672268907563,6.15154070432042,0,10,57,123,12,36,199,5,0,33,0,74,160,92,146,238,0,0,0,3,24,204,7,27,204,7,38,39,40,38.8025210084034,1.98487794414248,0,32,4,5,192,64,174,58,180,226,6,0,53,23,35,11,78,3,3,0,0,26,238,0,0,0,0,120,118,199,5,0,33,0,10,215,13,3030,3270,3507.5,3260.14285714286,470.861976170059,8,208,21,0,238,9.60924369747899,0.604692144938219,0,238,143,0,0,14,129,9,23,56,17,24,79,64,4,0,1,1,0,1,0,1,0,0,0,0,2,0,0,0,0,0,0,0,0,0,0,0,0,0,13776,7582,8.40336134453782,0,4.20168067226891,4.20168067226891,0,41.3736036408771,840.336134453781,7.4189364461738,49.2345883326438
2015,"MUNICIPIO",4104600,15724,14970,7474,7496,3552,7946,3472,1783,3964,1749,NA,0.716,NA,NA,216,0,209,4,31,54,62,44,19,2,0,0,212,22,26,30,26.1018518518519,5.96881791080685,1,6,62,99,9,39,164,4,1,47,0,65,151,89,127,210,6,0,0,0,21,193,1,21,193,1,38,39,39,38.5302325581395,1.46860205697076,1,49,6,15,145,91,125,60,156,208,8,0,52,24,46,8,56,4,2,6,0,17,214,0,1,1,0,124,92,164,4,1,47,0,15,194,7,2960,3270,3500,3234.21296296296,442.060535703572,12,181,16,1,215,9.32407407407407,0.672775628014498,2,214,81,0,0,9,72,2,16,30,12,12,50,31,5,0,1,0,1,1,0,1,0,0,0,0,2,0,0,0,0,0,0,0,0,0,0,0,0,0,14008,NA,9.25925925925926,4.62962962962963,0,4.62962962962963,0,50.4540867810293,925.925925925926,5.15136097685067,54.4904137235116
2015,"MUNICIPIO",4104659,21590,19163,9702,9461,5409,10859,2895,2637,5365,1459,NA,0.728,NA,NA,366,0,337,3,56,102,89,73,34,9,0,0,363,21,26,31,26.172131147541,6.61591185645201,0,25,102,181,16,40,315,5,0,43,0,233,133,132,234,352,14,0,1,2,22,332,8,25,332,8,38,39,39,38.6986301369863,1.6465492679985,0,40,20,38,264,366,0,169,197,356,9,0,62,61,83,31,87,3,4,14,0,19,366,0,0,0,0,175,191,315,5,0,43,0,29,324,13,2902.5,3205,3507.5,3176.07923497268,506.313679105971,28,288,31,2,364,9.2568306010929,0.713582364134284,1,365,88,0,0,11,77,4,13,17,14,29,52,36,6,0,1,1,0,0,0,1,0,0,0,0,1,0,0,0,0,0,0,0,0,0,0,0,0,0,18278,14977,2.73224043715847,0,2.73224043715847,2.73224043715847,0,18.6393289841566,273.224043715847,4.07596109309866,68.2199440820131
2015,"MUNICIPIO",4104709,14337,13706,6925,6781,3135,7093,3478,1532,3534,1715,NA,0.713,NA,NA,178,0,151,2,37,41,37,38,19,4,0,0,176,20,26,31,26.0280898876404,7.03536648950089,1,11,57,75,2,16,138,2,0,21,0,42,136,68,110,174,4,0,1,1,14,150,7,16,150,7,38,39,40,38.6531791907514,2.40057012540903,0,31,8,15,106,172,6,97,81,154,7,1,29,21,43,16,24,3,4,3,1,13,178,0,0,0,0,97,81,151,2,0,21,0,10,162,6,2888.75,3287.5,3550,3208.73595505618,533.208180530528,11,143,15,1,177,9.51123595505618,0.790042293403712,0,178,125,0,0,14,111,6,17,38,15,35,72,53,9,0,1,0,1,0,0,1,0,0,0,0,1,0,0,0,1,1,1,1,0,0,1,0,0,0,12412,9810,5.61797752808989,5.61797752808989,0,5.61797752808989,28.2965478211658,28.2965478211658,561.797752808989,8.71869986747576,50.3678551216751
2015,"MUNICIPIO",4104808,312778,286205,139771,146434,65047,167648,53510,32198,85400,28836,NA,0.782,NA,NA,4768,0,4629,27,643,1218,1240,1040,489,103,8,0,4741,22,27,31,26.7667785234899,6.37093149695527,11,100,911,2349,286,1111,4132,98,4,533,1,686,4081,2095,2673,4647,121,1,28,39,369,4291,40,437,4291,40,38,39,39,38.3882130872483,1.97744877706937,10,777,178,281,3521,40,4728,1827,2941,4578,175,14,403,1404,486,764,1091,71,69,120,14,345,4738,1,24,5,0,2413,2355,4132,98,4,533,1,363,4212,193,2900,3205,3490,3174.2221057047,530.574193673863,254,3975,416,46,4711,9.34769812907295,0.831075799014507,51,4715,1704,0,0,243,1461,49,395,447,190,380,978,726,97,0,31,21,10,16,0,27,0,0,1,0,47,1,0,0,2,1,3,3,0,0,2,0,1,0,312717,291711,9.85738255033557,2.09731543624161,4.40436241610738,6.50167785234899,3.51288056206089,55.0351288056206,985.738255033557,5.4479535005659,55.8313817330211
2015,"MUNICIPIO",4104907,70810,67084,33390,33694,18708,36018,12358,9147,18101,6446,NA,0.703,NA,NA,1210,0,1142,12,304,310,267,205,89,23,0,0,1198,19,24,30,24.9884297520661,6.63610684002045,1,76,395,596,26,116,999,20,1,175,0,860,343,486,724,1193,16,1,6,10,95,1081,13,112,1081,13,38,39,40,38.5215588723051,2.07753034627288,5,193,50,62,883,1168,42,647,563,1181,25,1,249,184,280,108,247,6,15,16,1,97,1168,37,5,0,0,600,610,999,20,1,175,0,120,1054,36,2870,3170,3460,3127.16611570248,537.064606669987,117,979,87,29,1177,9.12603648424544,1.00984467578297,3,1204,403,0,0,41,362,14,76,84,40,148,233,170,21,0,9,7,2,8,1,9,0,0,0,0,17,0,0,0,0,0,0,0,0,0,0,0,0,0,59846,44328,14.0495867768595,1.65289256198347,5.78512396694215,7.43801652892562,0,93.9174631235843,1404.95867768595,5.69128654144895,66.8471355173747
2015,"MUNICIPIO",4105003,10459,10202,5192,5010,2643,5446,2113,1281,2710,1019,NA,0.678,NA,NA,126,0,123,1,24,34,35,19,10,3,0,0,125,20,25,29.75,25.3888888888889,6.46216338044432,0,10,31,72,0,12,112,1,1,12,0,10,115,40,86,124,2,0,0,1,7,117,1,8,117,1,38,39,40,38.6031746031746,1.81142756997619,0,25,4,5,92,125,1,60,66,119,7,0,12,22,19,28,31,4,2,2,0,6,125,1,0,0,0,73,53,112,1,1,12,0,9,111,6,2903.75,3230,3527.5,3192.38095238095,538.473662971817,9,102,13,1,125,9.34920634920635,0.719082307583329,0,126,49,0,0,9,40,0,9,13,9,9,34,15,3,0,0,0,0,0,0,0,0,0,0,0,0,0,0,0,0,0,0,0,0,0,0,0,0,0,6511,NA,0,0,0,0,0,0,0,4.68496032125442,46.4944649446495
2015,"MUNICIPIO",4105102,11312,11190,5562,5628,2346,6016,2828,1200,2954,1474,NA,0.668,NA,NA,123,0,101,3,18,36,35,21,6,4,0,0,120,20.5,25,29.5,25.5121951219512,6.31854654076749,0,14,43,43,3,17,54,6,0,63,0,34,88,45,78,119,4,0,0,1,16,104,1,17,104,1,38,39,40,38.4098360655738,1.86199084054105,0,6,5,2,108,121,2,42,81,112,11,0,18,13,16,17,32,5,6,4,0,11,123,0,0,0,0,67,56,54,6,0,63,0,11,106,6,2870,3275,3545,3209.92682926829,549.089636606255,8,93,16,2,121,9.68292682926829,0.812979474371709,0,110,89,0,0,8,81,2,11,31,10,27,57,32,3,0,1,1,0,0,0,1,0,0,0,0,1,0,0,0,0,0,0,0,0,0,0,0,0,0,11054,NA,8.13008130081301,0,8.13008130081301,8.13008130081301,0,33.85240352065,813.008130081301,7.86775106082037,41.6384563303995
2015,"MUNICIPIO",4105201,17755,16938,8718,8220,4931,8597,3410,2413,4162,1645,NA,0.573,NA,NA,215,0,177,5,48,50,49,37,18,8,0,0,210,20,25,31,25.6372093023256,6.98452974272541,1,50,86,54,7,15,179,1,0,30,0,136,74,82,133,208,6,0,1,3,15,189,1,19,189,1,38,39,39,38.4545454545455,1.81317054150662,1,40,21,15,123,199,16,124,90,198,14,1,28,43,45,24,40,2,8,6,1,10,212,2,1,0,0,106,109,179,1,0,30,0,14,185,16,2917.5,3265,3585,3237.62325581395,549.879920977319,9,164,30,4,211,9.44651162790698,1.00729786525642,6,208,123,0,0,13,110,2,24,36,16,32,68,55,8,0,4,3,1,2,0,3,0,0,1,0,6,0,0,0,0,0,0,0,0,0,0,0,0,0,8664,164,27.906976744186,4.65116279069767,13.953488372093,18.6046511627907,0,144.161460836136,2790.6976744186,6.9276260208392,51.6578567996156
2015,"MUNICIPIO",4105300,11649,11032,5413,5619,2378,5995,2659,1154,3072,1393,NA,0.732,NA,NA,130,0,107,0,19,42,24,28,17,0,0,0,130,21,25,32,26.4076923076923,6.33887495684723,2,4,27,69,9,19,112,2,0,16,0,14,116,52,78,130,0,0,2,1,10,115,2,13,115,2,38,39,39,38.3076923076923,2.32894211552364,0,23,3,6,98,115,15,48,82,101,7,0,9,26,13,19,23,5,2,0,0,11,130,0,0,0,0,63,67,112,2,0,16,0,11,113,6,2907.5,3148.5,3493.75,3137.94615384615,613.728386146377,6,116,6,3,127,9.3,0.903481637758865,1,129,77,0,0,5,72,1,17,22,7,25,37,40,3,0,2,2,0,0,0,2,0,0,0,0,2,0,0,0,0,0,0,0,0,0,0,0,0,0,9753,6544,15.3846153846154,0,15.3846153846154,15.3846153846154,0,65.1041666666667,1538.46153846154,6.61000944287063,42.3177083333333
2015,"MUNICIPIO",4105409,19992,19679,9775,9904,4615,10574,4490,2264,5357,2283,NA,0.74,NA,NA,275,0,255,6,49,65,73,51,28,3,0,0,269,20,26,31,25.8763636363636,6.51774567058351,0,12,58,124,20,59,196,5,1,62,11,63,212,122,153,269,6,0,1,3,31,222,17,35,222,17,38,39,40,38.4525547445255,2.50704736486291,0,28,2,4,241,46,229,90,185,268,7,0,40,63,42,23,68,3,1,6,0,28,272,0,1,2,0,152,123,196,5,1,62,11,25,239,11,2877.5,3190,3520,3170.08,536.033377596778,20,211,27,5,269,9.02189781021898,0.964324457767544,5,270,148,0,0,13,135,5,42,43,13,32,84,64,6,0,2,2,0,0,0,2,0,0,0,0,2,0,0,0,0,0,0,0,0,0,0,0,0,0,15192,10874,7.27272727272727,0,7.27272727272727,7.27272727272727,0,37.3343289154377,727.272727272727,7.40296118447379,51.3347022587269
2015,"MUNICIPIO",4105508,77515,69958,34041,35917,14483,40127,15348,7167,20586,8164,NA,0.755,NA,NA,1138,0,1094,2,140,283,331,251,108,22,1,0,1136,22,27,31,26.8374340949033,6.1238267095544,0,29,236,587,58,224,898,26,2,210,1,122,1016,505,633,1107,31,1,4,8,81,1036,8,94,1036,8,38,39,39,38.4411247803163,1.89814411055941,2,91,20,25,995,98,1040,431,707,1084,46,7,208,232,168,123,265,22,16,31,7,65,1137,0,1,0,0,580,558,898,26,2,210,1,79,1003,56,2935,3237.5,3500,3199.41476274165,522.544355577746,48,954,103,5,1133,9.66695957820738,0.609783674995291,15,1122,452,0,0,59,393,14,81,146,39,113,267,185,28,0,5,3,2,4,0,4,0,0,1,0,8,0,0,0,2,1,2,2,0,0,0,2,0,0,77501,49736,7.90861159929701,1.75746924428822,2.63620386643234,4.39367311072056,9.71534052268532,38.8613620907413,702.98769771529,5.83112945881442,55.2802875740795
2015,"MUNICIPIO",4105607,12069,11062,5531,5531,2634,6147,2281,1298,3048,1185,NA,0.718,NA,NA,179,0,161,1,36,52,47,32,7,4,0,0,178,20,25,29,25.0670391061453,6.06759468231022,0,6,56,86,3,21,100,4,1,72,0,65,113,74,105,176,2,0,0,2,18,152,6,20,152,6,38,39,39.75,38.5898876404494,1.94712855041052,0,20,6,35,115,105,74,66,111,131,47,0,21,27,25,10,33,18,29,2,0,13,179,0,0,0,0,103,76,100,4,1,72,0,14,158,7,2902.5,3200,3500,3176.3687150838,520.624569087076,12,146,15,3,176,9.76536312849162,0.764908937066133,4,174,63,0,0,6,57,1,16,19,5,16,36,27,2,0,3,3,0,0,0,3,0,0,0,0,1,0,0,0,0,0,0,0,0,0,0,0,0,0,11904,9036,16.7597765363128,0,16.7597765363128,16.7597765363128,0,32.8083989501312,558.659217877095,5.2199850857569,58.7270341207349
2015,"MUNICIPIO",4105706,17373,17240,8439,8801,4534,8793,3913,2229,4481,2091,NA,0.694,NA,NA,272,0,257,10,53,75,59,46,25,4,0,0,262,20,24,30,25.0955882352941,6.68189013238494,3,22,103,101,14,29,184,1,1,85,1,120,151,99,173,260,12,0,4,3,27,229,6,34,229,6,38,39,40,38.4163568773234,2.49130430214671,1,69,6,4,191,169,103,94,178,260,12,0,30,51,48,18,81,4,4,12,0,23,272,0,0,0,0,147,125,184,1,1,85,1,38,225,9,2838.75,3155,3415,3068.30882352941,583.149066847749,23,218,18,4,268,9.47058823529412,0.888143936928249,2,270,139,0,0,10,129,5,22,42,22,38,63,76,6,0,3,3,0,2,0,2,0,0,1,0,5,1,0,0,0,0,1,1,0,0,0,1,0,0,16367,12118,18.3823529411765,0,11.0294117647059,11.0294117647059,22.3164472216023,111.582236108012,1838.23529411765,8.00092096932021,60.7007364427583
2015,"MUNICIPIO",4105805,232432,212967,105010,107957,55844,122838,34285,27450,62268,18239,NA,0.733,NA,NA,3854,0,3556,23,714,1029,923,693,384,87,1,0,3831,21,25,31,25.9592631032693,6.57659860295026,12,208,1052,2023,132,403,3536,54,2,241,0,2473,1377,1537,2317,3776,77,0,19,33,252,3496,31,304,3496,31,38,39,39,38.4755938397285,1.86176788046601,30,820,154,190,2596,1582,2272,2095,1759,3654,119,8,731,589,917,386,721,39,63,76,8,234,3839,2,9,4,0,1975,1879,3537,54,2,241,0,341,3356,157,2885,3190,3495,3159.43876491956,535.626827537142,263,3187,292,31,3810,9.60973704764384,0.755879012726057,25,3789,1322,0,0,211,1111,57,256,352,133,313,773,549,94,0,21,17,4,20,0,19,0,0,0,0,39,1,0,0,2,2,3,3,0,0,0,1,0,1,232386,124938,10.6382978723404,1.03788271925272,4.41100155682408,5.4488842760768,4.81788398535363,62.6324918095972,1011.93565127141,5.68768500034419,61.8937495985097
2015,"MUNICIPIO",4105904,23678,22345,11042,11303,4350,12410,5585,2155,6273,2875,NA,0.73,NA,NA,325,0,311,1,40,91,79,76,32,5,0,1,323,22,26,31,26.6461538461538,6.23221115178681,0,10,86,188,12,28,221,3,0,100,0,38,287,136,189,320,4,0,1,5,8,300,10,14,300,10,38,39,39,38.6543209876543,1.86982222182484,1,45,16,15,246,82,243,87,238,314,10,0,44,77,31,25,119,2,8,4,0,12,325,0,0,0,0,153,172,221,3,0,100,0,17,289,19,2985,3250,3550,3221.65538461538,546.360199221582,16,264,37,2,323,9.01230769230769,0.785577497003746,2,323,158,0,0,17,141,2,26,55,24,34,96,62,7,0,1,0,1,0,0,1,0,0,0,0,1,0,1,0,0,0,1,1,0,0,0,1,0,0,23678,17734,3.07692307692308,3.07692307692308,0,3.07692307692308,15.9413358839471,15.9413358839471,307.692307692308,6.67286088352057,51.809341622828
2015,"MUNICIPIO",4106001,8736,8279,4237,4042,1929,4275,2075,933,2104,1005,NA,0.668,NA,NA,118,0,107,3,22,31,29,23,9,1,0,0,115,20,25.5,30,25.3305084745763,6.18939689527808,0,8,40,53,4,13,74,5,0,39,0,22,96,39,79,116,2,0,0,2,10,94,11,12,94,11,38,39,40,38.8974358974359,2.37219749492051,1,20,1,4,88,72,46,56,62,114,4,0,23,13,36,3,29,1,1,2,0,9,117,0,1,0,0,62,56,74,5,0,39,0,11,100,7,2896.25,3247.5,3567.5,3203.64406779661,566.112723597703,7,89,15,1,116,9.7008547008547,0.60550573426137,0,118,68,0,0,8,60,2,13,17,10,18,36,32,1,0,1,1,0,3,0,1,0,0,0,0,4,0,0,0,0,0,0,0,0,0,0,0,0,0,5206,NA,33.8983050847458,0,8.47457627118644,8.47457627118644,0,190.114068441065,3389.83050847458,7.78388278388278,56.0836501901141
2015,"MUNICIPIO",4106100,3831,3636,1839,1797,827,1870,939,405,917,475,NA,0.707,NA,NA,48,0,46,0,8,18,7,12,2,1,0,0,48,20,24,30.25,25.6041666666667,6.4436661407411,1,0,13,25,5,4,40,4,0,4,0,10,38,18,30,48,0,0,0,1,0,43,2,1,43,2,38,39,40,38.9782608695652,1.71903242080192,0,4,0,7,36,48,0,27,21,48,0,0,8,9,15,5,8,0,0,0,0,1,48,0,0,0,0,24,24,40,4,0,4,0,5,42,1,2977.5,3162.5,3500,3199.375,523.085796022029,5,36,5,2,46,9.52083333333333,0.989080452664985,0,48,32,0,0,3,29,0,11,10,1,7,19,13,3,0,0,0,0,0,0,0,0,0,0,0,0,0,0,0,0,0,0,0,0,0,0,0,0,0,3216,2462,0,0,0,0,0,0,0,8.35291046724093,52.3446019629226
2015,"MUNICIPIO",4106209,17525,15891,8095,7796,4025,8642,3224,1930,4225,1641,NA,0.681,NA,NA,270,0,230,1,54,67,54,63,25,6,0,0,269,20,26,31,26.1851851851852,6.69370806509712,0,18,78,134,11,27,193,9,0,59,0,128,140,106,164,259,11,0,4,1,25,236,3,30,236,3,38,39,39,38.3085501858736,2.43374161802978,0,25,9,9,222,269,1,133,137,252,9,2,46,44,45,22,61,1,6,11,2,24,269,0,1,0,0,128,142,193,9,0,59,0,23,229,18,2850,3210,3540,3167.19259259259,595.071118130143,21,207,28,3,266,9.4907063197026,0.840279728209015,0,267,95,0,0,9,86,3,9,34,18,22,53,42,8,0,3,3,0,0,0,3,0,0,0,0,3,0,0,0,0,0,0,0,0,0,0,0,0,0,14577,7900,11.1111111111111,0,11.1111111111111,11.1111111111111,0,71.0059171597633,1111.11111111111,5.42082738944365,63.905325443787
2015,"MUNICIPIO",4106308,17076,16312,7973,8339,3635,8929,3748,1756,4596,1987,NA,0.738,NA,NA,247,0,237,1,33,70,58,58,25,2,0,0,246,21.5,26,31,26.336032388664,6.12973205681762,0,10,50,132,9,45,200,7,0,40,0,51,196,100,147,239,8,0,1,5,22,213,5,28,213,5,38,39,39,38.3048780487805,2.19845413809615,0,27,9,16,195,239,8,106,141,238,9,0,25,57,31,33,59,1,7,8,0,25,245,0,0,2,0,116,131,200,7,0,40,0,25,212,10,2870,3170,3475,3125.42510121458,569.534578078917,8,216,14,2,244,9.39024390243902,0.863161217390799,4,243,93,0,0,10,83,4,24,28,8,19,52,41,3,0,3,2,1,1,0,3,0,0,0,0,4,0,0,0,0,0,0,0,0,0,0,0,0,0,16370,6983,16.1943319838057,4.04858299595142,8.09716599190283,12.1457489878543,0,87.0322019147084,1619.43319838057,5.44624033731553,53.7423846823325
2015,"MUNICIPIO",4106407,48551,46928,22697,24231,9154,25209,12565,4468,12929,6834,NA,0.759,NA,NA,572,0,532,4,67,148,147,124,71,11,0,0,568,22,27,32,27.0979020979021,6.33707538915006,1,7,94,281,48,141,352,36,5,179,0,99,473,258,314,546,26,0,2,3,71,481,15,76,481,15,38,38,39,38.2255244755245,2.03898404643257,3,73,4,19,471,11,561,105,467,519,30,19,75,137,44,43,156,13,10,22,19,52,572,0,0,0,0,287,285,352,36,5,179,0,58,498,16,2875,3165,3505,3138.8479020979,502.923940532328,33,456,46,4,568,9.62937062937063,0.731366991840669,4,568,385,0,0,30,355,8,73,117,65,92,211,174,8,0,3,1,2,5,0,1,1,0,0,0,8,0,0,0,0,0,0,0,0,0,0,0,0,0,48542,46639,13.986013986014,3.4965034965035,1.74825174825175,5.24475524475525,0,61.8764018872303,1398.6013986014,7.92980577125085,44.2416273493696
2015,"MUNICIPIO",4106456,7580,7238,3791,3447,2170,3882,1186,1065,1863,519,NA,0.6,NA,NA,112,0,102,1,25,39,24,14,7,2,0,0,111,20,23.5,29,24.5446428571429,6.26140529495546,1,16,46,37,7,5,37,1,0,74,0,13,99,51,61,108,4,0,1,0,5,102,2,6,102,2,38,39,39,38.4454545454545,1.83035748068219,1,35,6,11,58,112,0,45,67,110,2,0,18,25,21,14,21,0,2,4,0,5,111,0,1,0,0,52,59,37,1,0,74,0,7,105,0,2862.5,3157.5,3390,3115.89285714286,444.983659121834,6,97,2,1,110,9.13513513513514,0.803248931034985,1,110,29,0,0,3,26,4,4,6,5,7,24,5,0,0,1,1,0,1,0,1,0,0,0,0,2,0,0,0,0,0,0,0,0,0,0,0,0,0,2950,NA,17.8571428571429,0,8.92857142857143,8.92857142857143,0,107.353730542136,1785.71428571429,3.82585751978892,60.1180891035964
2015,"MUNICIPIO",4106506,21846,21749,10621,11128,4886,11361,5502,2415,5819,2894,NA,0.723,NA,NA,322,0,303,1,71,87,64,60,35,3,1,0,321,20,25,31,25.5186335403727,6.57153026052361,2,18,91,140,17,54,214,7,3,91,7,55,266,147,175,310,11,0,2,4,20,283,10,26,283,10,38,39,40,38.5485893416928,2.0989641539361,1,30,0,8,281,117,205,102,220,306,12,3,34,92,31,53,63,6,5,11,3,21,317,2,3,0,0,163,159,214,7,3,91,7,27,282,13,2908.75,3217.5,3500,3160.41925465838,575.967078932812,17,263,27,3,319,9.76086956521739,0.733248982379915,4,316,180,0,0,17,163,8,40,57,21,37,84,96,11,0,4,3,1,0,0,4,0,0,0,0,4,0,0,0,0,0,0,0,0,0,0,0,0,0,17818,7195,12.4223602484472,3.1055900621118,9.3167701863354,12.4223602484472,0,68.740333390617,1242.23602484472,8.23949464432848,55.3359683794466
2015,"MUNICIPIO",4106555,3749,4002,2030,1972,886,2038,1078,440,1018,514,NA,0.638,NA,NA,40,0,39,0,6,12,7,9,5,1,0,0,40,21,26.5,32,26.9,6.94594513699567,0,0,10,23,3,4,16,3,1,20,0,11,29,15,25,39,0,0,1,0,3,35,1,4,35,1,38,39,39,38.225,2.45458754172672,0,6,3,1,30,40,0,10,29,32,6,1,7,2,6,4,10,4,2,0,1,3,40,0,0,0,0,18,22,16,3,1,20,0,3,36,1,2840,3125,3371.25,3061.625,594.729401406586,5,33,2,1,39,9.4,0.810191493666933,0,40,23,0,0,2,21,0,3,9,1,8,9,14,2,0,1,1,0,0,0,0,0,0,1,0,1,0,0,0,0,0,0,0,0,0,0,0,0,0,2743,2043,25,0,25,25,0,98.2318271119843,2500,6.13496932515337,39.2927308447937
2015,"MUNICIPIO",4106571,4376,4278,2133,2145,1052,2231,995,522,1125,498,NA,0.709,NA,NA,47,0,39,0,12,14,11,5,4,1,0,0,47,19,22,28.5,24.1276595744681,6.75540692069692,0,5,16,19,3,4,36,1,0,7,0,9,38,21,26,47,0,0,1,1,5,39,1,7,39,1,38,39,40,38.2553191489362,2.89278025665985,1,5,3,3,34,47,0,17,30,45,2,0,8,7,8,8,8,1,1,0,0,6,47,0,0,0,0,19,28,36,1,0,7,0,3,44,0,2975,3160,3380,3091.93617021277,542.452097835268,2,42,3,1,46,9.38297872340426,1.56806709441304,1,41,33,0,0,4,29,2,7,10,5,5,27,6,1,0,0,0,0,0,0,0,0,0,0,0,0,0,0,0,0,0,0,0,0,0,0,0,0,0,3668,NA,0,0,0,0,0,0,0,7.54113345521024,41.7777777777778
2015,"MUNICIPIO",4106605,21190,20416,9988,10428,4266,10893,5257,2173,5457,2798,NA,0.717,NA,NA,314,0,287,4,57,75,81,64,26,6,0,1,309,21,26,31,26.0700636942675,6.66219571561198,0,9,65,177,9,54,176,5,0,130,0,96,213,141,173,305,8,0,4,2,35,259,3,41,259,3,37,38,39,37.976897689769,2.48894129187464,0,42,9,7,253,169,145,99,214,308,5,0,26,82,16,37,95,1,3,8,0,36,314,0,0,0,0,154,160,176,5,0,130,0,28,273,13,2822.5,3200,3468.75,3141.03821656051,519.970021074272,23,233,38,4,310,9.44267515923567,0.9649912725627,4,310,178,0,0,11,167,6,24,58,26,53,112,66,5,0,6,5,1,1,0,5,0,0,1,0,7,0,0,0,0,0,0,0,0,0,0,0,0,0,21186,12729,22.2929936305732,3.18471337579618,15.9235668789809,19.1082802547771,0,128.275609309144,2229.29936305732,8.40018876828693,57.5407733186733
2015,"MUNICIPIO",4106704,4637,4563,2310,2253,962,2491,1110,465,1226,562,NA,0.713,NA,NA,61,0,61,1,14,20,11,15,0,0,0,0,60,20,24,29,24.2622950819672,5.45558319321978,0,3,15,35,0,8,33,3,1,24,0,10,51,31,30,61,0,0,1,0,8,51,1,9,51,1,38,39,39,38.1475409836066,2.46195089020727,0,1,4,3,53,25,36,9,52,60,1,0,8,18,5,3,18,1,0,0,0,8,61,0,0,0,0,29,32,33,3,1,24,0,7,51,3,2820,3200,3505,3136.39344262295,564.971334927373,6,50,5,2,59,9.60655737704918,0.880883808542878,1,60,33,0,0,4,29,0,3,11,1,14,19,14,0,0,2,2,0,1,0,1,0,0,1,0,3,0,0,0,0,0,0,0,0,0,0,0,0,0,3926,NA,49.1803278688525,0,32.7868852459016,32.7868852459016,0,244.698205546493,4918.03278688525,7.11667026094458,49.7553017944535
2015,"MUNICIPIO",4106803,18807,18040,9322,8718,4899,9530,3611,2459,4467,1792,NA,0.664,NA,NA,245,0,182,2,52,55,61,49,16,9,1,0,243,20,26,31,26.069387755102,6.97942538623206,0,24,81,102,7,29,240,0,0,5,0,58,135,104,141,241,4,1,0,2,26,208,5,29,208,5,38,39,39.75,38.3512396694215,2.13947741331178,1,32,2,3,205,58,187,96,149,237,6,0,35,56,29,18,70,4,1,4,0,25,244,0,1,0,0,133,112,240,0,0,5,0,25,214,6,2900,3200,3475,3142.08979591837,537.41655099252,23,197,17,2,242,9.44262295081967,0.836897861204327,1,243,139,0,0,16,123,1,31,42,27,22,89,50,3,0,3,3,0,1,0,3,0,0,0,0,4,0,0,0,0,0,0,0,0,0,0,0,0,0,6180,599,16.3265306122449,0,12.2448979591837,12.2448979591837,0,89.5455563017685,1632.65306122449,7.39086510341894,54.8466532348332
2015,"MUNICIPIO",4106852,3147,3162,1635,1527,641,1678,843,319,816,392,NA,0.666,NA,NA,49,0,48,1,12,15,9,7,4,1,0,0,48,19,24,29,24.9183673469388,6.55374172608632,0,0,14,27,1,7,39,2,0,8,0,17,32,18,31,49,0,0,0,0,7,42,0,7,42,0,38,39,39,38.0612244897959,1.61255701792353,0,5,0,0,44,49,0,1,48,43,0,5,0,15,1,7,15,0,0,0,5,5,49,0,0,0,0,26,23,39,2,0,8,0,3,46,0,2914,3146,3450,3175.30612244898,451.464201426944,1,44,4,0,49,9,0.67700320038633,0,49,23,0,0,2,21,0,5,7,1,8,12,11,1,0,0,0,0,0,0,0,0,0,0,0,0,0,0,0,0,0,0,0,0,0,0,0,0,0,1828,NA,0,0,0,0,0,0,0,7.3085478233238,60.0490196078431
2015,"MUNICIPIO",4106902,1879355,1751907,835115,916792,349960,1010117,391830,171905,521062,223825,NA,0.823,NA,NA,24506,0,21286,94,2680,5083,5839,6261,3734,761,49,5,24407,23,28,33,28.111931771811,6.58849005693702,16,374,4085,10757,1735,7420,21121,584,111,2342,9,12601,11789,10922,13584,23874,628,6,119,237,1627,22199,165,1989,22199,165,38,39,39,38.4392477312857,1.92733431664118,35,2563,616,660,19613,399,24107,10359,14132,22850,882,33,4485,4707,3657,2223,5745,372,392,624,33,1443,24374,33,81,17,0,12645,11861,21125,584,111,2342,9,2113,21401,990,2900,3215,3510,3169.6226330395,544.479298246632,1440,20318,1949,232,24228,9.51680294358136,0.827145199271193,140,23902,10414,0,0,1267,9147,419,2352,2867,1031,2478,5571,4841,474,0,165,125,40,55,0,132,0,0,13,0,220,1,0,2,5,9,8,8,0,0,2,4,0,2,1879168,1879355,8.97739329143883,1.63225332571615,5.10079164286297,6.73304496857912,1.53532593050347,42.2214630888455,897.739329143883,5.54126282687411,47.0308715661476
2015,"MUNICIPIO",4107009,14817,13923,7107,6816,3515,7332,3076,1661,3685,1470,NA,0.656,NA,NA,193,0,174,0,47,59,37,31,15,4,0,0,193,20,23,30,24.8134715025907,6.69393575609564,1,24,55,79,9,20,163,13,1,14,0,64,127,81,112,189,4,0,0,3,11,175,3,14,175,3,38,39,39,38.5052083333333,1.78122081740278,1,29,27,18,115,47,146,46,146,188,4,0,36,35,28,10,62,2,2,4,0,12,193,0,0,0,0,105,88,163,13,1,14,0,18,167,8,2900,3155,3475,3137.75129533679,541.573431377347,15,157,14,4,189,9.60621761658031,0.829383992227388,1,192,99,0,0,9,90,4,15,37,7,27,70,29,3,0,2,2,0,0,0,2,0,0,0,0,2,0,0,0,0,0,0,0,0,0,0,0,0,0,11066,NA,10.3626943005181,0,10.3626943005181,10.3626943005181,0,54.2740841248304,1036.26943005181,6.6815144766147,52.3744911804613
2015,"MUNICIPIO",4107108,5463,5516,2730,2786,1169,2882,1465,560,1459,767,NA,0.723,NA,NA,65,0,64,1,10,7,22,14,9,2,0,0,64,23,27,33,27.5230769230769,6.72938447293773,0,1,11,43,2,8,33,3,1,28,0,14,51,20,45,65,0,0,1,0,3,60,1,4,60,1,38,39,39,38.3230769230769,2.00084116926241,0,2,3,0,60,64,1,5,60,61,2,1,12,3,16,4,22,2,0,0,1,4,65,0,0,0,0,32,33,33,3,1,28,0,5,56,4,2975,3170,3400,3180.23076923077,523.746592149736,6,51,8,0,65,9.81538461538462,0.464095480892257,1,64,19,0,0,2,17,0,5,2,0,10,12,7,2,0,0,0,0,0,0,0,0,0,0,0,0,0,0,0,0,0,0,0,0,0,0,0,0,0,5236,NA,0,0,0,0,0,0,0,3.47794252242358,44.5510623714873
2015,"MUNICIPIO",4107124,3568,3510,1796,1714,1021,1816,673,523,874,317,NA,0.608,NA,NA,43,0,41,1,11,12,4,11,4,0,0,0,42,19,24,31,25.2558139534884,6.72271566179356,0,2,18,18,1,4,33,1,0,9,0,7,36,17,26,41,2,0,0,0,4,38,1,4,38,1,39,39,39.5,38.6744186046512,1.89888350946096,0,2,0,0,41,43,0,18,25,40,3,0,8,9,10,5,6,0,1,2,0,2,43,0,0,0,0,21,22,33,1,0,9,0,3,38,2,2932.5,3235,3520,3199.6511627907,553.656025401062,1,36,4,0,43,9.41860465116279,0.879192219611542,0,43,15,0,0,2,13,0,2,4,3,4,10,5,0,0,0,0,0,0,0,0,0,0,0,0,0,0,0,0,0,0,0,0,0,0,0,0,0,0,1700,NA,0,0,0,0,0,0,0,4.20403587443946,49.1990846681922
2015,"MUNICIPIO",4107157,5259,5027,2570,2457,1307,2591,1129,638,1257,562,NA,0.644,NA,NA,71,0,58,2,15,20,16,11,6,1,0,0,69,20,24,29.5,24.7887323943662,6.99370225469774,6,6,23,27,3,5,36,2,1,19,12,16,54,26,45,71,0,0,0,0,14,51,5,14,51,5,37,38,40,38.3,2.38564547823563,0,17,0,0,51,52,19,38,33,68,1,0,14,4,12,5,18,0,1,0,0,14,71,0,0,0,0,36,35,36,2,1,19,12,5,59,7,2942.5,3225,3620,3270.35211267606,519.973436095992,4,46,17,1,70,9.33802816901408,1.09471016349183,0,68,42,0,0,3,39,4,8,13,3,11,31,11,0,0,0,0,0,0,0,0,0,0,0,0,0,0,0,0,0,0,0,0,0,0,0,0,0,0,3394,NA,0,0,0,0,0,0,0,7.98630918425556,56.4836913285601
2015,"MUNICIPIO",4107207,39138,36179,17986,18193,8226,20559,7394,3986,10348,3859,NA,0.767,NA,NA,603,0,533,1,74,162,156,136,56,16,2,0,602,22,26,32,26.910447761194,6.3532716058878,0,22,126,294,30,128,469,5,0,124,0,76,522,247,356,588,15,1,1,1,43,532,8,46,532,8,38,39,39,38.4863481228669,1.88034856969674,4,74,24,38,454,223,380,194,409,578,18,1,83,122,89,72,147,11,5,14,1,36,603,0,0,0,0,329,274,469,5,0,124,0,43,529,31,2980,3275,3570,3254.12769485904,512.70142005402,24,484,60,3,600,9.67495854063018,0.736215375874217,6,585,215,0,0,34,181,10,26,64,37,44,112,103,11,0,1,1,0,2,0,1,0,0,0,0,4,0,0,0,1,1,1,1,0,0,0,0,0,0,36949,24088,4.97512437810945,0,1.65837479270315,1.65837479270315,9.66370313103981,38.6548125241593,663.34991708126,5.49338239051561,58.2721298801701
2015,"MUNICIPIO",4107256,8228,7445,3770,3675,1594,4105,1746,771,2049,855,NA,0.724,NA,NA,140,0,130,1,19,32,32,38,13,5,0,0,139,22,27,31,26.9857142857143,6.43057636886194,0,9,23,78,15,15,73,1,0,64,0,64,76,50,90,132,8,0,1,2,15,122,0,18,122,0,38,38,39,38.0142857142857,1.98550761603164,0,3,7,5,125,113,27,33,107,129,11,0,11,27,8,13,55,2,3,8,0,13,140,0,0,0,0,67,73,73,1,0,64,0,13,121,6,2897.5,3120,3500,3153.32142857143,552.737012776337,6,107,19,2,138,9.50714285714286,0.724657483680151,0,140,64,0,0,11,53,3,9,16,7,18,39,25,4,0,1,0,1,0,0,1,0,0,0,0,1,0,0,0,0,0,0,0,0,0,0,0,0,0,8227,NA,7.14285714285714,7.14285714285714,0,7.14285714285714,0,48.8042947779405,714.285714285714,7.77831793874575,68.3260126891166
2015,"MUNICIPIO",4107306,6047,5828,2868,2960,1033,3030,1765,502,1551,907,NA,0.746,NA,NA,62,0,60,0,8,12,19,12,8,2,1,0,62,23,27.5,33,27.8064516129032,6.85407312115061,0,3,8,39,0,12,45,2,1,14,0,11,51,27,35,60,2,0,0,2,7,53,0,9,53,0,37.25,39,39,38.0645161290323,2.34605331471245,0,5,2,5,50,62,0,15,47,60,2,0,11,9,7,3,20,2,0,2,0,8,62,0,0,0,0,28,34,45,2,1,14,0,8,50,4,2890,3040,3476.25,3121.29032258065,575.008150679132,2,52,6,1,61,9.48387096774194,0.882283465914033,0,62,59,0,0,8,51,2,14,12,10,13,33,26,4,0,0,0,0,1,0,0,0,0,0,0,1,0,0,0,0,0,0,0,0,0,0,0,0,0,6046,1270,16.1290322580645,0,0,0,0,64.4745325596389,1612.90322580645,9.75690425004134,39.9742101869761
2015,"MUNICIPIO",4107405,6195,6103,3134,2969,1403,3151,1549,656,1552,761,NA,0.752,NA,NA,75,0,72,0,10,18,15,21,7,3,1,0,75,22,27,32,27.48,6.89174986605116,0,2,13,44,3,12,59,1,0,15,0,11,64,28,47,75,0,0,0,0,5,68,1,5,68,1,38,39,39,38.6756756756757,1.44400611037401,1,8,5,5,55,74,1,30,45,72,3,0,8,16,12,13,17,1,2,0,0,5,74,1,0,0,0,35,40,59,1,0,15,0,5,65,5,2920,3300,3520,3248.08,475.807045833566,5,60,9,0,75,9.4,0.636714539967013,1,74,34,0,0,1,33,1,13,6,5,8,21,13,1,0,0,0,0,0,0,0,0,0,0,0,0,0,0,0,0,0,0,0,0,0,0,0,0,0,2103,NA,0,0,0,0,0,0,0,5.48829701372074,48.3247422680412
2015,"MUNICIPIO",4107504,14307,13906,6926,6980,3007,7511,3388,1485,3746,1749,NA,0.73,NA,NA,178,0,160,2,35,47,46,31,14,3,0,0,176,20,25,30,25.4887640449438,6.49401181275771,0,5,34,104,8,27,115,5,0,57,0,41,136,79,99,168,9,0,4,2,21,141,10,27,141,10,38,39,40,38.4269662921348,2.89315436108229,0,23,6,6,140,86,92,58,120,152,24,1,22,35,18,11,41,10,11,9,1,18,178,0,0,0,0,84,94,115,5,0,57,0,23,146,9,2845.25,3204,3525.75,3119.43258426966,644.907533734767,10,140,14,3,175,9.47191011235955,1.05326919250236,2,176,103,0,0,11,92,4,21,32,5,30,54,49,7,0,8,5,3,1,0,7,0,0,1,0,9,0,0,0,1,0,1,1,0,0,0,1,0,0,14304,2422,50.561797752809,16.8539325842697,28.0898876404494,44.9438202247191,26.6951414842499,240.256273358249,5056.1797752809,7.19927308310617,47.5173518419648
2015,"MUNICIPIO",4107520,1898,1970,981,989,382,994,594,188,499,302,NA,0.689,NA,NA,23,0,23,0,7,6,2,6,1,1,0,0,23,18.5,22,31,24.8695652173913,7.20671623510185,0,2,5,11,3,2,19,0,0,4,0,11,12,12,11,23,0,0,0,0,5,17,1,5,17,1,37,38,39,37.7391304347826,2.26067952986683,0,1,1,0,21,23,0,2,21,22,1,0,2,8,0,0,7,0,1,0,0,5,23,0,0,0,0,13,10,19,0,0,4,0,4,19,0,2805,3195,3402.5,3101.08695652174,499.877158823089,2,18,3,0,23,9.73913043478261,0.540823555863717,0,23,15,0,0,2,13,1,3,4,2,3,8,7,0,0,0,0,0,0,0,0,0,0,0,0,0,0,0,0,0,0,0,0,0,0,0,0,0,0,1653,NA,0,0,0,0,0,0,0,7.90305584826133,46.0921843687375
2015,"MUNICIPIO",4107538,4306,3926,1959,1967,824,2164,938,394,1080,493,NA,0.761,NA,NA,60,0,60,1,3,20,18,11,7,0,0,0,59,24,26,31,26.9,5.4265511724408,0,3,7,32,3,15,52,1,0,7,0,4,56,28,32,60,0,0,0,0,4,56,0,4,56,0,38,39,39,38.5166666666667,1.38382504364259,0,7,2,4,47,31,29,14,46,58,2,0,11,16,4,5,19,0,2,0,0,3,60,0,0,0,0,27,33,52,1,0,7,0,3,56,1,3077.5,3272.5,3428.75,3238.66666666667,410.396528657911,4,52,4,1,59,9.23333333333333,0.870742264045728,1,59,28,0,0,2,26,0,4,12,3,7,17,11,1,0,0,0,0,0,0,0,0,0,0,0,0,0,0,0,0,0,0,0,0,0,0,0,0,0,NA,NA,0,0,0,0,0,0,0,6.50255457501161,55.5555555555556
2015,"MUNICIPIO",4107546,4542,4677,2386,2291,1288,2237,1152,637,1105,549,NA,0.636,NA,NA,76,0,73,1,15,20,20,14,5,1,0,0,75,20,25,30.25,25.3421052631579,6.2728040121973,1,10,27,32,1,5,47,0,0,12,17,6,70,30,46,74,2,0,2,1,3,69,1,6,69,1,38,39,40,38.4342105263158,2.98590254949617,1,18,2,3,52,76,0,38,38,74,1,0,13,12,16,6,21,0,1,2,0,4,76,0,0,0,0,40,36,47,0,0,12,17,6,66,4,2847.5,3137.5,3460,3094.67105263158,630.828732978197,5,64,5,2,74,9.25,1.22338328690017,0,76,40,0,0,5,35,2,5,9,6,13,23,17,4,0,2,2,0,0,0,0,0,0,0,2,2,0,0,0,0,0,0,0,0,0,0,0,0,0,2152,NA,26.3157894736842,0,26.3157894736842,26.3157894736842,0,180.995475113122,2631.57894736842,8.80669308674593,68.7782805429864
2015,"MUNICIPIO",4107553,3388,3472,1723,1749,823,1845,804,425,915,409,NA,0.715,NA,NA,52,0,49,1,11,13,16,7,2,2,0,0,51,21,25,28.25,25.0384615384615,6.36769277778201,0,1,14,28,2,7,25,2,0,25,0,19,33,26,26,51,1,0,1,0,3,46,2,4,46,2,38,39,40,38.4423076923077,2.68191811325666,0,3,2,1,45,52,0,13,39,43,9,0,7,16,6,3,7,2,7,1,0,3,52,0,0,0,0,24,28,25,2,0,25,0,3,47,2,3025,3195,3535,3217.11538461538,566.70300877164,1,40,9,1,51,9.30769230769231,1.32159234820788,0,52,31,0,0,4,27,0,5,10,3,9,18,13,1,0,1,1,0,0,0,1,0,0,0,0,1,0,0,0,0,0,0,0,0,0,0,0,0,0,2422,NA,19.2307692307692,0,19.2307692307692,19.2307692307692,0,109.289617486339,1923.07692307692,9.14994096812279,56.8306010928962
2015,"MUNICIPIO",4107603,17160,16314,8025,8289,3856,8586,3872,1941,4341,2007,NA,0.687,NA,NA,249,0,197,1,63,58,59,46,17,5,0,0,248,19,25,30,24.9598393574297,6.61425586285042,0,16,76,123,4,26,177,3,1,61,0,121,124,108,141,237,10,0,1,4,15,220,4,20,220,4,38,39,40,38.6188524590164,2.03017694569143,1,46,5,12,178,60,189,89,158,221,9,2,48,40,38,8,61,1,7,8,2,14,247,2,0,0,0,122,127,177,3,1,61,0,29,211,9,2895,3164,3420,3103.3453815261,561.363914717297,20,201,13,2,244,9.71138211382114,0.640497670283009,2,243,140,0,0,16,124,9,19,48,13,35,81,59,4,0,3,2,1,0,0,3,0,0,0,0,3,0,0,0,0,0,0,0,0,0,0,0,0,0,16131,NA,12.0481927710843,4.01606425702811,8.03212851405622,12.0481927710843,0,69.1085003455425,1204.81927710843,8.15850815850816,57.3600552868003
2015,"MUNICIPIO",4107652,92204,81675,40574,41101,23207,46660,11808,11457,23566,6078,NA,0.72,NA,NA,2099,0,1796,13,368,568,564,367,176,39,4,0,2086,21,25,30,25.8408766079085,6.36515376509544,6,67,616,1136,86,174,1571,41,6,419,2,1077,1010,812,1287,2038,51,0,10,32,152,1829,36,194,1829,36,38,39,40,38.5585235551238,2.17657128118593,7,332,105,91,1503,966,1133,1030,1061,1947,107,1,292,383,302,294,436,30,70,51,1,154,2095,1,2,1,0,1069,1027,1571,41,6,419,2,184,1831,84,2867.5,3200,3495,3148.14959504526,572.958649823532,145,1675,178,34,2058,9.41395793499044,1.08145367484516,10,2056,519,0,0,95,424,22,94,124,58,126,308,211,33,0,26,19,7,14,0,20,0,0,5,0,40,1,0,0,0,1,1,1,0,0,1,0,0,0,92186,70341,19.0566936636494,3.33492139113864,9.05192949023344,12.3868508813721,4.24340151065094,169.736060426038,1905.66936636494,5.62882304455338,89.0689977085632
2015,"MUNICIPIO",4107702,4908,4802,2398,2404,1001,2542,1259,499,1268,637,NA,0.716,NA,NA,43,0,41,2,7,12,6,9,5,2,0,0,41,21.5,25,32,26.4651162790698,7.35931168238839,0,0,15,24,0,4,17,2,0,23,0,7,36,15,28,43,0,0,0,0,3,40,0,3,40,0,38,39,39,38.5581395348837,1.2592954489259,0,4,1,0,38,43,0,14,29,35,7,0,5,8,5,5,10,1,6,0,0,2,43,0,0,0,0,21,22,17,2,0,23,0,4,37,2,2770,3055,3388,3093.06976744186,478.504535249883,5,35,3,0,43,9.67441860465116,0.474137323515443,1,42,48,0,0,4,44,0,6,20,5,13,30,18,3,0,0,0,0,0,0,0,0,0,0,0,0,0,0,0,0,0,0,0,0,0,0,0,0,0,4515,NA,0,0,0,0,0,0,0,9.7799511002445,33.9116719242902
2015,"MUNICIPIO",4107736,5954,5932,3039,2893,1585,3191,1156,800,1546,547,NA,0.645,NA,NA,96,0,93,2,19,23,29,11,11,1,0,0,94,20,25,29,25.1875,6.40281599232548,1,9,36,45,2,3,64,2,0,30,0,65,31,29,67,96,0,0,1,0,10,77,8,11,77,8,38,39,40,38.8125,2.65295267480158,1,13,5,2,74,96,0,49,47,93,2,1,11,14,21,20,16,1,1,0,1,11,95,0,0,1,0,53,43,64,2,0,30,0,5,88,3,2935,3302.5,3600,3246.51041666667,539.955222213485,5,79,10,1,95,9.82291666666667,0.807788295176751,0,96,32,0,0,2,30,1,7,10,3,9,24,8,1,0,1,1,0,0,0,1,0,0,0,0,1,1,0,0,0,0,1,1,0,0,0,0,0,1,3044,NA,10.4166666666667,0,10.4166666666667,10.4166666666667,64.6830530401035,64.6830530401035,1041.66666666667,5.37453812562983,62.0957309184994
2015,"MUNICIPIO",4107751,8268,8293,4103,4190,1937,4271,2085,953,2174,1063,NA,0.677,NA,NA,98,0,86,0,22,24,25,13,13,1,0,0,98,20,25,30.75,25.6122448979592,6.70687084697204,0,5,21,60,1,10,79,5,1,12,0,18,79,41,57,98,0,0,0,1,5,83,2,6,83,2,38,39,40,38.4615384615385,1.82761345480135,0,10,2,5,78,93,5,35,63,94,4,0,17,16,10,8,30,1,3,0,0,6,98,0,0,0,0,55,43,79,5,1,12,0,6,88,4,2957.5,3297.5,3530,3256.08163265306,445.567324531423,8,73,10,1,97,9.63265306122449,0.751462561599297,1,97,69,0,0,7,62,1,17,26,9,9,45,24,2,0,1,1,0,0,0,1,0,0,0,0,1,0,0,0,0,0,0,0,0,0,0,0,0,0,8248,759,10.2040816326531,0,10.2040816326531,10.2040816326531,0,45.9981600735971,1020.40816326531,8.34542815674891,45.0781968721251
2015,"MUNICIPIO",4107801,5126,5050,2502,2548,821,2676,1553,394,1348,806,NA,0.745,NA,NA,53,0,52,0,9,15,16,8,5,0,0,0,53,21,25,29,25.4905660377358,5.96664653111661,0,2,18,25,2,6,33,4,0,16,0,15,38,22,31,53,0,0,0,2,5,46,0,7,46,0,38,38,39,37.9245283018868,1.85896017878248,0,9,4,1,38,53,0,13,40,49,4,0,6,12,4,6,15,2,2,0,0,6,53,0,0,0,0,23,30,33,4,0,16,0,6,45,2,2790,3180,3515,3106.8679245283,605.434778223177,5,43,5,0,53,9.50943396226415,0.639189435909441,0,53,52,0,0,4,48,1,7,19,7,14,36,16,0,0,0,0,0,0,0,0,0,0,0,0,0,0,0,0,0,0,0,0,0,0,0,0,0,0,5125,996,0,0,0,0,0,0,0,10.1443620756925,39.3175074183976
2015,"MUNICIPIO",4107850,4802,4726,2398,2328,1160,2478,1088,587,1231,510,NA,0.682,NA,NA,90,0,87,1,18,12,22,23,12,2,0,0,89,21,27.5,32.75,27.1777777777778,6.94695435291777,0,12,22,39,2,15,87,0,0,3,0,8,82,38,52,88,2,0,1,1,6,78,4,8,78,4,38,39,40,38.5222222222222,2.24973295682592,0,20,1,2,66,90,0,29,61,87,3,0,27,7,28,4,14,0,3,2,0,5,90,0,0,0,0,47,43,87,0,0,3,0,9,79,2,2960,3205,3478.75,3146.33333333333,564.375681715964,9,68,11,0,90,9.72222222222222,0.581122079610418,0,90,42,0,0,9,33,1,8,11,5,8,25,17,1,0,0,0,0,0,0,0,0,0,0,0,0,0,0,0,0,0,0,0,0,0,0,0,0,0,2796,NA,0,0,0,0,0,0,0,8.7463556851312,73.1112916328188
2015,"MUNICIPIO",4107900,6467,5931,2953,2978,1192,3289,1450,554,1681,743,NA,0.736,NA,NA,90,0,80,0,9,27,30,19,5,0,0,0,90,22,26,30,26.1333333333333,5.14770593609371,0,0,16,52,5,16,54,3,0,32,0,12,77,38,52,83,7,0,0,1,18,68,3,19,68,3,37,38,39,37.9888888888889,2.03615877862834,0,4,1,2,81,90,0,24,66,82,8,0,6,18,9,7,23,2,4,7,0,14,89,1,0,0,0,47,43,54,3,0,32,0,6,80,4,2821.25,3142.5,3440,3140,478.702600552035,3,69,9,0,90,9.54444444444444,0.638838677937915,1,89,50,0,0,8,42,4,9,8,3,18,23,27,2,0,0,0,0,1,0,0,0,0,0,0,1,0,0,0,0,0,0,0,0,0,0,0,0,0,6466,NA,11.1111111111111,0,0,0,0,59.4883997620464,1111.11111111111,7.73156022885418,53.5395597858418
2015,"MUNICIPIO",4108007,11205,11222,5687,5535,2542,6251,2429,1204,3116,1215,NA,0.701,NA,NA,191,0,172,0,44,64,35,33,11,4,0,0,191,20,23,29.5,24.8324607329843,6.46962080701859,1,6,43,105,10,24,91,6,0,86,0,64,127,94,97,183,7,0,0,2,21,164,1,23,164,1,38,39,39,38.1276595744681,1.79264118204255,0,33,7,5,142,78,113,30,160,181,4,1,65,10,23,0,62,0,1,6,1,19,191,0,0,0,0,92,99,93,6,0,86,0,20,165,6,2880,3200,3445,3129.70680628272,533.318624923481,14,144,22,1,190,9.78534031413612,0.649692043969907,0,190,101,0,0,16,85,1,24,24,13,23,65,36,7,0,1,1,0,0,0,0,0,0,0,0,1,0,0,0,0,0,0,0,0,0,0,0,0,0,11202,NA,5.23560209424084,0,5.23560209424084,5.23560209424084,0,32.0924261874198,523.560209424084,9.01383311021865,61.2965340179718
2015,"MUNICIPIO",4108106,2674,2543,1289,1254,545,1357,641,254,673,327,NA,0.732,NA,NA,33,0,33,0,8,10,7,6,2,0,0,0,33,20,24,29,24.5757575757576,6.12387899450944,0,2,7,18,1,5,18,3,0,12,0,4,29,17,16,33,0,0,1,0,2,30,0,3,30,0,38,39,40,38.3030303030303,2.51849221366734,0,3,0,1,29,33,0,8,25,33,0,0,3,12,4,6,5,0,0,0,0,3,33,0,0,0,0,19,14,18,3,0,12,0,0,31,2,3125,3360,3590,3378.42424242424,386.366166212751,0,28,5,0,33,9.87878787878788,0.331433982639808,0,33,29,0,0,6,23,0,5,10,3,5,12,17,2,0,0,0,0,0,0,0,0,0,0,0,0,0,0,0,0,0,0,0,0,0,0,0,0,0,NA,NA,0,0,0,0,0,0,0,10.8451757666417,49.0341753343239
2015,"MUNICIPIO",4108205,7296,7541,3784,3757,1297,3902,2342,602,1952,1203,NA,0.723,NA,NA,93,0,88,0,12,20,29,23,9,0,0,0,93,23,27,31,27,5.61635809585443,0,1,14,46,4,28,72,0,0,20,0,22,71,42,51,91,2,0,0,0,6,86,0,6,86,0,38,39,39,38.3586956521739,1.22771584337289,0,22,0,3,67,68,25,8,85,92,1,0,15,23,13,4,30,0,1,2,0,4,92,1,0,0,0,49,44,72,0,0,20,0,9,82,2,2780,3050,3405,3082.88172043011,480.251425307673,12,72,6,1,92,9.11827956989247,0.845055469823179,2,91,59,0,0,5,54,2,14,18,9,11,37,22,0,0,1,1,0,0,0,0,0,0,0,0,1,0,0,0,0,0,0,0,0,0,0,0,0,0,5892,NA,10.752688172043,0,10.752688172043,10.752688172043,0,51.2295081967213,1075.2688172043,8.08662280701754,47.6434426229508
2015,"MUNICIPIO",4108304,263782,256088,124218,131870,65174,146580,44334,32009,76604,23257,NA,0.751,NA,NA,4327,0,4047,31,634,1093,1101,881,463,114,10,0,4296,21,26,32,26.7074185347816,6.59195757955904,33,175,1066,2003,310,736,2652,98,24,1543,0,2457,1862,1704,2623,4245,81,0,30,32,323,3769,116,385,3769,116,38,39,40,38.6091334894614,2.15822058449442,12,730,409,411,2693,35,4292,1993,2334,4084,208,15,234,1225,274,983,953,79,100,77,15,314,4311,10,6,0,0,2190,2137,2652,98,24,1543,0,301,3777,248,2955,3255,3548.75,3225.36916319926,541.603165402241,241,3437,479,33,4286,9.20328779810141,0.74358664646624,44,4277,1531,0,0,244,1287,61,313,294,206,413,911,620,98,0,49,40,9,18,0,46,0,0,3,0,64,0,0,1,3,1,4,4,0,0,3,1,0,0,263729,217539,15.4841691703259,2.07996302287959,9.24428010168708,11.3242431245667,5.2216594433711,83.5465510939377,1479.08481626993,5.8040351502377,56.4853010286669
2015,"MUNICIPIO",4108320,6415,6418,3224,3194,1425,3118,1875,683,1538,973,NA,0.669,NA,NA,82,0,80,1,18,22,23,14,3,1,0,0,81,20,24.5,28.75,24.6463414634146,6.15513827550651,0,2,26,44,2,8,38,2,0,42,0,48,34,30,52,82,0,0,0,2,5,74,1,7,74,1,38,39,40,38.6463414634146,1.9899249394586,0,12,8,9,51,82,0,24,58,78,3,1,9,20,4,9,29,1,2,0,1,7,82,0,0,0,0,45,37,38,2,0,42,0,3,72,7,3032.5,3275,3543.75,3303.93902439024,534.49025785532,2,68,12,2,80,9.19512195121951,1.18048979571354,0,82,63,0,0,8,55,5,12,20,4,14,38,25,3,0,2,1,1,0,0,2,0,0,0,0,2,0,0,0,0,0,0,0,0,0,0,0,0,0,6414,NA,24.390243902439,12.1951219512195,12.1951219512195,24.390243902439,0,130.039011703511,2439.0243902439,9.8207326578332,53.3159947984395
2015,"MUNICIPIO",4108403,86499,78943,38958,39985,17527,45029,16387,8550,22697,8738,NA,0.774,NA,NA,1252,0,1163,9,173,305,330,273,135,26,1,0,1243,22,27,31,26.8266773162939,6.43105158139434,4,48,262,565,93,276,1004,21,0,226,1,186,1065,569,683,1234,18,0,3,15,104,1107,21,122,1107,21,38,39,40,38.4128,1.99779606348822,2,138,34,42,1027,28,1224,390,862,1132,53,13,172,306,135,162,258,24,26,16,13,84,1252,0,0,0,0,657,595,1004,21,0,226,1,92,1117,43,2890,3180,3490,3156.71325878594,520.51651932519,83,1041,104,13,1239,9.45207667731629,0.870570712704331,6,1246,492,0,0,75,417,12,106,120,74,105,268,224,33,0,5,3,2,3,0,4,0,0,0,0,8,0,0,1,1,0,2,2,0,0,1,0,0,1,82905,53662,6.38977635782748,1.59744408945687,2.3961661341853,3.99361022364217,8.81173723399568,35.2469489359827,638.977635782748,5.68792702805813,55.161475084813
2015,"MUNICIPIO",4108452,5210,5420,2685,2735,1612,2781,1027,807,1409,519,NA,0.645,NA,NA,92,0,78,1,19,31,13,15,11,2,0,0,91,20,23.5,30.25,25.2173913043478,7.14346867902948,0,10,37,27,2,7,62,1,0,20,0,54,38,31,61,88,4,0,0,1,12,74,5,13,74,5,38,39,40,38.3804347826087,2.39432658776675,0,14,1,3,65,92,0,56,36,81,2,0,9,16,11,18,16,0,0,4,0,9,92,0,0,0,0,47,45,70,1,0,21,0,15,72,5,2816.25,3132.5,3576.25,3115.52173913043,605.736033581757,11,67,9,1,91,9.39130434782609,1.04782896158111,0,92,31,0,0,3,28,1,4,8,5,10,23,8,0,0,1,1,0,2,0,1,0,0,0,0,3,0,0,0,0,0,0,0,0,0,0,0,0,0,5209,NA,32.6086956521739,0,10.8695652173913,10.8695652173913,0,212.91696238467,3260.86956521739,5.95009596928983,65.2945351312988
2015,"MUNICIPIO",4108502,14039,13669,6898,6771,4149,7159,2361,2010,3570,1191,NA,0.652,NA,NA,238,0,223,1,59,65,46,37,24,6,0,0,237,19.25,24,30,25.2100840336134,6.84040360738282,2,26,81,108,4,17,175,1,0,62,0,173,65,90,148,231,7,0,3,2,21,196,16,26,196,16,38,39,40,38.5546218487395,2.47757019593947,2,84,12,25,114,72,166,122,116,220,9,2,34,41,58,13,51,2,3,7,2,20,236,0,2,0,0,117,121,175,1,0,62,0,25,208,5,2877.5,3150,3450,3104.5756302521,523.644193218423,24,194,13,4,234,9.40336134453782,0.966260596198186,2,236,84,0,0,9,75,3,16,33,7,16,44,40,7,0,4,1,3,1,0,4,0,0,0,0,5,0,0,0,0,0,0,0,0,0,0,0,0,0,10272,3138,21.0084033613445,12.6050420168067,4.20168067226891,16.8067226890756,0,140.056022408964,2100.84033613445,5.98333214616426,66.6666666666667
2015,"MUNICIPIO",4108551,3245,3337,1701,1636,710,1633,994,348,821,467,NA,0.675,NA,NA,33,0,32,0,9,7,7,4,2,4,0,0,33,19,25,31,25.9090909090909,8.64350781064767,1,3,10,18,0,1,19,3,0,11,0,8,25,14,19,33,0,0,1,0,3,29,0,4,29,0,38,39,39,37.8484848484849,2.64718260752366,0,3,1,0,29,32,1,7,26,31,1,0,2,8,3,3,12,1,0,0,0,3,32,1,0,0,0,20,13,19,3,0,11,0,3,30,0,2754,3054,3340,2989.75757575758,577.988539587023,4,28,1,1,32,9.12121212121212,1.16612541557436,0,32,33,0,0,3,30,4,6,8,5,7,20,13,0,0,1,0,1,0,0,0,0,0,1,0,1,0,0,0,0,0,0,0,0,0,0,0,0,0,2102,NA,30.3030303030303,30.3030303030303,0,30.3030303030303,0,121.802679658952,3030.30303030303,10.1694915254237,40.1948842874543
2015,"MUNICIPIO",4108601,29702,29018,14006,15012,6348,15593,7077,3182,8023,3807,NA,0.731,NA,NA,364,0,341,3,53,99,106,63,36,3,1,0,361,21,26,30,26.1016483516484,6.17049743519644,1,14,88,167,39,53,178,4,0,175,0,221,142,142,222,358,6,0,3,5,44,295,16,52,295,16,37,38,39,38.2176308539945,2.34450525034167,3,52,9,14,283,103,261,98,266,349,14,1,42,73,52,32,98,6,6,6,1,47,364,0,0,0,0,184,180,178,4,0,175,0,31,317,16,2910,3180,3480,3163.98626373626,533.999584536004,19,300,33,2,362,9.80494505494505,0.577710640156111,1,363,199,0,0,28,171,5,34,68,18,46,110,89,11,0,1,0,1,2,0,1,0,0,0,0,3,0,0,0,1,0,1,1,0,1,0,0,0,0,29697,14996,8.24175824175824,2.74725274725275,0,2.74725274725275,12.4641655241182,37.3924965723545,824.175824175824,6.69988552959397,45.3695625077901
2015,"MUNICIPIO",4108650,7517,7503,3924,3579,2278,3833,1392,1081,1862,636,NA,0.641,NA,NA,126,0,120,2,31,28,31,19,12,2,1,0,124,19,25,30,25.3968253968254,7.02234076653005,0,19,42,49,3,13,96,4,1,24,0,78,48,54,72,122,4,0,1,4,11,109,1,16,109,1,38,39,40,38.2222222222222,2.64692693934348,0,24,7,9,86,126,0,71,55,122,4,0,28,21,26,14,18,2,1,4,0,12,125,1,0,0,0,68,58,96,4,1,24,0,20,104,2,2800,3127.5,3357.5,3002.04761904762,645.975081341599,13,102,7,3,122,9.616,0.859332073707962,2,124,48,0,0,4,44,0,8,15,9,12,29,19,2,0,6,3,3,1,0,5,0,0,1,0,7,0,0,0,0,1,0,0,0,0,0,0,0,0,2535,NA,55.5555555555556,23.8095238095238,23.8095238095238,47.6190476190476,0,375.93984962406,5555.55555555556,6.38552614074764,67.6691729323308
2015,"MUNICIPIO",4108700,6337,6625,3385,3240,1534,3486,1605,770,1697,773,NA,0.658,NA,NA,84,0,78,1,20,24,14,19,6,0,0,0,83,19.75,24,30,25.0119047619048,6.24884384028102,1,12,28,30,5,8,62,3,0,19,0,29,55,29,55,83,0,0,0,0,8,74,2,8,74,2,38,39,39,38.7142857142857,1.55672987938943,1,1,0,5,76,14,70,11,73,79,1,1,19,6,18,1,27,1,0,0,1,8,84,0,0,0,0,40,44,62,3,0,19,0,5,75,4,2933.75,3185,3571.25,3202.84523809524,521.961280335833,8,67,8,2,82,9.52380952380952,1.03523689712124,1,82,50,0,0,10,40,1,3,17,6,13,28,22,3,0,0,0,0,0,0,0,0,0,0,0,0,0,0,0,0,0,0,0,0,0,0,0,0,0,4583,NA,0,0,0,0,0,0,0,7.89016884961338,49.4991160872127
2015,"MUNICIPIO",4108809,32591,30704,14932,15772,7441,16458,6805,3728,8480,3564,NA,0.724,NA,NA,547,0,475,6,101,146,124,103,52,13,2,0,541,21,26,31,25.9945155393053,6.71625107285748,14,41,149,220,28,94,317,16,4,164,40,132,413,215,332,526,20,0,6,7,70,443,18,83,443,18,37,39,39,38.1341911764706,2.51375737496279,0,115,23,28,376,140,407,187,360,486,27,2,128,30,120,12,114,8,18,18,2,62,547,0,0,0,0,284,263,317,16,4,164,40,44,480,23,2907.5,3190,3480,3158.95246800731,546.788591051731,40,419,58,3,543,9.63369963369963,0.755092711653692,1,545,239,0,0,54,185,4,33,54,19,75,135,104,17,0,5,5,0,2,0,4,0,0,1,0,9,0,0,0,1,0,1,1,1,0,0,0,0,0,30592,17772,12.7970749542962,0,9.14076782449726,9.14076782449726,11.7924528301887,106.132075471698,1645.33820840951,7.33331287778835,64.5047169811321
2015,"MUNICIPIO",4108908,6531,6197,3106,3091,1416,3374,1407,694,1679,718,NA,0.693,NA,NA,73,0,70,0,14,26,18,7,7,1,0,0,73,20,23,29,24.9452054794521,6.38768435471925,0,2,28,34,2,7,48,1,0,24,0,12,61,22,51,70,3,0,1,0,5,66,1,6,66,1,38,39,39,38.3287671232877,1.97241247179795,0,6,8,7,52,73,0,14,59,70,3,0,13,5,16,3,26,2,1,3,0,4,73,0,0,0,0,41,32,48,1,0,24,0,6,66,1,2855,3070,3365,3080.41095890411,511.369181588248,8,56,6,1,72,9.79452054794521,0.622693613567277,0,73,57,0,0,7,50,1,7,22,6,14,33,24,1,0,0,0,0,0,0,0,0,0,0,0,0,0,0,0,0,0,0,0,0,0,0,0,0,0,6044,NA,0,0,0,0,0,0,0,8.72760679834635,43.4782608695652
2015,"MUNICIPIO",4108957,8484,7900,4008,3892,1975,4347,1578,1024,2090,778,NA,0.669,NA,NA,89,0,79,0,21,32,11,13,11,1,0,0,89,20,23,30,24.9550561797753,6.55034716699593,0,3,27,42,6,11,66,0,0,23,0,35,54,39,50,87,2,1,0,0,9,72,5,10,72,5,38,39,40,38.6436781609195,2.90539598827829,0,15,1,2,71,89,0,46,43,84,5,0,12,19,10,13,18,4,1,2,0,8,88,1,0,0,0,43,46,66,0,0,23,0,8,75,6,2985,3320,3745,3259.21348314607,689.287716544967,5,64,12,1,88,9.61797752808989,1.08193448358115,0,87,47,0,0,4,43,0,11,11,10,11,31,16,0,0,1,1,0,1,0,1,0,0,0,0,2,0,0,0,0,0,0,0,0,0,0,0,0,0,3778,NA,22.4719101123595,0,11.2359550561798,11.2359550561798,0,95.6937799043062,2247.19101123596,5.53983969825554,42.5837320574163
2015,"MUNICIPIO",4109005,3950,3891,1934,1957,892,2105,894,456,1052,449,NA,0.702,NA,NA,65,0,53,0,10,20,19,10,2,1,3,0,65,21,25,29,26.0769230769231,6.81291900616875,0,2,18,33,3,6,42,3,1,15,1,20,45,33,32,61,4,0,0,2,5,47,7,7,47,7,38,39,40,38.4918032786885,2.60526998485552,0,8,4,7,43,65,0,32,32,60,2,0,16,8,13,4,8,0,0,4,0,5,65,0,0,0,0,36,29,45,3,1,15,1,6,56,3,2850,3285,3565,3187.07692307692,587.210628408057,5,47,5,0,65,9.75384615384615,0.500960615679056,0,65,32,0,0,1,31,2,6,12,4,7,22,10,1,0,0,0,0,0,0,0,0,0,0,0,0,0,0,0,0,0,0,0,0,0,0,0,0,0,3949,NA,0,0,0,0,0,0,0,8.10126582278481,61.787072243346
2015,"MUNICIPIO",4109104,2290,2219,1135,1084,472,1198,549,220,586,278,NA,0.719,NA,NA,30,0,14,0,6,13,8,3,0,0,0,0,30,20.25,23,26,23.4,4.53796247761877,0,0,6,10,1,0,17,2,0,10,0,8,22,16,14,30,0,0,0,0,2,28,0,2,28,0,38,39,40,38.7666666666667,1.52413533052256,0,6,3,2,18,30,0,9,21,29,1,0,9,5,2,3,8,1,0,0,0,2,30,0,0,0,0,19,11,17,2,0,10,0,0,28,2,2906.25,3225,3487.5,3244,517.739449850052,1,27,2,0,30,9.86666666666667,0.34574590364176,0,28,14,0,0,1,13,0,0,8,2,3,10,4,1,0,0,0,0,0,0,0,0,0,0,0,0,0,0,0,0,0,0,0,0,0,0,0,0,0,1909,NA,0,0,0,0,0,0,0,6.11353711790393,51.1945392491468
2015,"MUNICIPIO",4109203,5434,5227,2574,2653,1136,2767,1324,572,1379,702,NA,0.698,NA,NA,59,0,51,1,6,22,17,9,3,1,0,0,58,22,25,29,25.4576271186441,5.82894689103977,0,1,18,37,0,2,36,0,0,21,0,9,49,32,27,57,2,0,0,0,3,55,1,3,55,1,38,38,39,38.3220338983051,1.502190101911,1,6,1,0,47,57,2,11,48,50,8,0,4,21,9,6,8,4,2,2,0,2,57,2,0,0,0,24,35,37,0,0,21,0,4,54,1,2815,2960,3465,3070.84745762712,500.01478645582,5,46,5,0,59,9.4406779661017,0.623427302420008,0,59,38,0,0,2,36,1,10,9,8,8,20,18,1,0,0,0,0,0,0,0,0,0,0,0,0,0,0,0,0,0,0,0,0,0,0,0,0,0,4987,NA,0,0,0,0,0,0,0,6.99300699300699,42.7846265409717
2015,"MUNICIPIO",4109302,13998,14582,7263,7319,3454,7500,3628,1730,3778,1811,NA,0.677,NA,NA,214,0,208,1,39,58,56,40,17,3,0,0,213,21,25,31,25.7570093457944,6.36206645717773,0,12,59,108,3,32,183,1,0,30,0,30,184,82,132,210,4,0,1,1,15,192,5,17,192,5,38,39,40,38.518691588785,1.82757341059193,1,24,5,8,175,83,131,94,120,210,4,0,30,42,49,23,48,0,3,4,0,15,213,0,0,1,0,117,97,183,1,0,30,0,18,184,12,2900,3207.5,3547.5,3209.81308411215,525.176216897851,16,171,23,3,210,9.46948356807512,0.786236687179156,1,213,104,0,0,17,87,1,28,23,14,21,68,36,5,0,0,0,0,0,0,0,0,0,0,0,0,0,0,0,0,0,0,0,0,0,0,0,0,0,9270,4406,0,0,0,0,0,0,0,7.42963280468638,56.6437268395977
2015,"MUNICIPIO",4109401,178126,167328,81797,85531,42544,92713,32071,20879,47368,17284,NA,0.731,NA,NA,2984,0,2900,18,625,769,694,524,276,75,2,1,2965,20,25,31,25.7510053619303,6.68981335640375,8,186,938,1276,179,397,2357,41,1,580,2,1899,1085,1258,1726,2917,63,1,11,28,200,2727,16,240,2727,16,38,39,40,38.5605095541401,1.92923326421468,2,596,184,235,1957,40,2944,1441,1542,2875,97,7,534,583,535,361,619,35,52,58,7,193,2976,3,5,0,0,1619,1365,2357,41,1,580,2,285,2572,127,2880,3175,3460,3139.71347184987,534.960062240695,238,2461,220,40,2942,9.69751844399732,0.926547887819008,30,2952,1167,0,0,144,1023,19,232,363,184,225,643,524,68,0,30,16,14,10,0,29,0,0,1,0,40,3,0,0,0,1,3,3,0,0,3,0,0,0,178092,135976,13.4048257372654,4.6916890080429,5.36193029490617,10.0536193029491,6.33338963013005,84.4451950684006,1340.48257372654,6.55154216678082,62.9961155210269
2015,"MUNICIPIO",4109500,7966,7871,4176,3695,2214,4012,1645,1062,1880,753,NA,0.587,NA,NA,89,0,80,2,18,24,18,19,6,1,1,0,87,20,25,31,25.2584269662921,6.89783907184581,2,13,35,28,1,10,59,2,0,27,1,56,33,36,53,87,2,0,0,2,5,76,3,7,76,3,38,39,40,38.7209302325581,2.13459549985856,0,23,10,10,42,74,15,60,29,85,3,0,7,22,21,12,12,0,3,2,0,7,86,0,1,2,0,44,45,59,2,0,27,1,4,77,8,2900,3295,3620,3275.78651685393,549.761776340653,2,67,13,2,86,9.57954545454546,0.893418990263252,0,89,35,0,0,3,32,3,6,13,2,8,25,10,0,0,1,0,1,0,0,1,0,0,0,0,1,0,0,0,0,0,0,0,0,0,0,0,0,0,2901,2598,11.2359550561798,11.2359550561798,0,11.2359550561798,0,53.1914893617021,1123.59550561798,4.39367311072056,47.3404255319149
2015,"MUNICIPIO",4109609,35182,32095,15975,16120,8265,16521,7309,4001,8379,3740,NA,0.717,NA,NA,573,0,409,3,118,159,124,102,52,15,0,0,570,20,25,31,25.7434554973822,6.64079466426486,3,32,188,259,26,60,475,8,2,75,1,137,426,218,355,566,5,2,4,13,48,405,27,67,405,27,38,39,40,38.4669338677355,2.96709004091193,3,154,27,35,317,114,459,267,302,534,21,1,75,90,81,65,96,7,12,5,1,58,572,0,1,0,0,297,276,478,8,2,75,1,56,484,33,2880,3205,3535,3172.06457242583,572.026493057949,48,365,67,4,567,9.26970227670753,0.693915725439589,5,561,260,0,0,32,228,20,32,65,40,71,168,92,14,0,4,3,1,4,1,2,0,0,1,0,8,1,0,0,0,0,1,1,0,0,0,1,0,0,35175,35182,13.9616055846422,1.74520069808028,5.23560209424084,6.98080279232112,11.9345984007638,95.4767872061105,1396.16055846422,7.3901426866011,68.3852488363767
2015,"MUNICIPIO",4109658,5769,5955,3092,2863,1651,3108,1196,763,1511,589,NA,0.683,NA,NA,75,0,66,0,12,16,22,17,6,2,0,0,75,22,27,30,26.8,6.35865020522693,0,5,26,31,4,9,45,4,0,26,0,14,61,27,48,69,6,0,0,2,5,63,4,7,63,4,38,39,40,38.5,2.50068483770631,0,12,1,8,53,75,0,25,50,70,5,0,5,16,8,12,21,1,1,6,0,5,75,0,0,0,0,38,37,45,4,0,26,0,10,58,7,2820,3160,3477.5,3119.93333333333,660.884692345478,4,56,7,0,75,9.62666666666667,0.631885495386054,2,73,30,0,0,7,23,0,6,4,7,6,22,8,1,0,1,0,1,0,0,1,0,0,0,0,1,0,0,0,0,0,0,0,0,0,0,0,0,0,2629,NA,13.3333333333333,13.3333333333333,0,13.3333333333333,0,66.1813368630046,1333.33333333333,5.20020800832033,49.6360026472535
2015,"MUNICIPIO",4109708,30678,28751,14473,14278,6915,15276,6560,3352,7549,3377,NA,0.71,NA,NA,333,0,298,3,71,84,80,59,29,7,0,0,330,20,25,30,25.4834834834835,6.61122611323792,2,19,111,126,21,52,281,12,1,35,0,75,253,142,191,330,3,0,1,4,24,278,14,29,278,14,38,39,40,38.6448598130841,2.10172103486909,1,57,13,27,219,100,233,143,189,323,8,0,77,43,66,19,81,3,5,3,0,24,331,0,1,1,0,152,180,283,12,1,35,0,26,294,13,2910,3240,3500,3189.53453453453,560.000201303892,18,270,24,9,324,8.45645645645646,1.03350296048593,2,331,231,0,0,21,210,4,42,71,20,73,134,96,14,0,4,3,1,0,0,4,0,0,0,0,3,0,0,0,0,0,0,0,0,0,0,0,0,0,26980,4210,12.012012012012,3.003003003003,9.00900900900901,12.012012012012,0,39.7403629619817,900.900900900901,7.529825933894,44.1118028877997
2015,"MUNICIPIO",4109757,6352,6066,3036,3030,1562,3264,1240,792,1613,625,NA,0.685,NA,NA,110,0,104,1,30,29,23,16,8,3,0,0,109,19,23.5,29,24.5727272727273,6.63388450957697,1,9,37,53,1,9,84,3,0,23,0,13,95,42,68,108,2,0,2,0,11,92,5,13,92,5,38,39,40,38.5363636363636,2.72829977881266,0,18,1,2,89,52,58,64,46,106,3,0,22,14,38,3,17,0,2,2,0,11,110,0,0,0,0,58,52,84,3,0,23,0,15,89,6,2952.5,3240,3520,3169.45454545455,670.326616765504,10,86,12,3,107,8.90909090909091,0.943791441600155,2,107,34,0,0,5,29,0,7,11,1,10,18,16,2,0,2,2,0,1,0,2,0,0,0,0,3,0,0,0,0,0,0,0,0,0,0,0,0,0,6308,NA,27.2727272727273,0,18.1818181818182,18.1818181818182,0,185.98884066956,2727.27272727273,5.35264483627204,68.1959082455053
2015,"MUNICIPIO",4109807,52330,48198,23437,24761,10624,26243,11331,5306,13485,5970,NA,0.726,NA,NA,712,0,655,7,111,185,179,135,73,20,1,1,704,21,26,31,26.3890449438202,6.67565159833806,2,26,209,343,43,88,503,25,5,162,0,237,462,295,417,695,15,0,4,5,55,642,1,64,642,1,38,39,39,38.3762376237624,1.91383837507017,1,109,26,29,540,187,525,181,529,677,29,3,86,175,74,91,188,9,17,15,3,47,712,0,0,0,0,357,355,503,25,5,162,0,63,615,34,2940,3250,3525,3191.46769662921,573.714319074767,39,585,68,7,705,9.75702247191011,0.773110770789424,4,704,388,0,0,40,348,12,82,89,67,98,211,177,20,0,7,4,3,2,0,4,0,0,2,0,9,1,0,0,0,0,1,1,0,0,1,0,0,0,52330,48635,12.6404494382022,4.21348314606742,5.61797752808989,9.8314606741573,7.41564701520208,66.7408231368187,1264.04494382022,7.41448499904453,52.7994067482388
2015,"MUNICIPIO",4109906,8641,8839,4458,4381,1947,4473,2419,944,2212,1225,NA,0.666,NA,NA,113,0,108,0,22,33,28,22,6,2,0,0,113,20,25,30,25.3362831858407,6.26442709082264,0,6,39,47,7,14,64,3,0,45,0,71,42,40,73,110,3,0,1,0,8,104,0,9,104,0,38,39,40,38.6106194690265,1.86812371645315,0,12,2,5,94,113,0,39,74,107,6,0,7,29,14,20,31,3,3,3,0,3,113,0,0,0,0,54,59,64,3,0,45,0,11,95,7,2930,3260,3520,3202.21238938053,567.721769936136,13,84,13,4,109,9.06194690265487,1.01139212616561,0,112,87,0,0,7,80,4,11,27,12,26,54,33,3,0,2,2,0,2,0,2,0,0,0,0,4,0,0,0,0,0,0,0,0,0,0,0,0,0,8640,NA,35.3982300884956,0,17.6991150442478,17.6991150442478,0,180.831826401447,3539.82300884956,10.0682791343594,51.0849909584087
2015,"MUNICIPIO",4110003,4275,3982,2004,1978,831,2216,935,391,1112,475,NA,0.758,NA,NA,71,0,68,1,10,16,18,13,8,5,0,0,70,22,27,31,27.1830985915493,6.96995564477571,0,1,11,48,4,6,36,4,0,31,0,13,58,27,44,69,2,0,1,1,7,62,0,9,62,0,38,39,39,38.112676056338,2.52161680432358,0,10,2,0,59,71,0,21,50,67,4,0,9,14,7,7,24,4,0,2,0,4,71,0,0,0,0,36,35,36,4,0,31,0,5,65,1,2963,3235,3535,3171.47887323944,608.679715429926,2,60,7,0,71,9.63380281690141,0.659857920198807,1,70,27,0,0,2,25,1,3,9,2,10,14,13,1,0,1,1,0,1,0,1,0,0,0,0,0,0,0,0,0,0,0,0,0,0,0,0,0,0,4275,NA,28.169014084507,0,14.0845070422535,14.0845070422535,0,0,0,6.31578947368421,63.8489208633094
2015,"MUNICIPIO",4110052,2302,2234,1136,1098,503,1152,579,247,555,296,NA,0.703,NA,NA,27,0,23,1,8,7,8,3,0,0,0,0,26,18.5,23,27,23.037037037037,5.61235917405288,0,1,5,15,2,4,23,0,0,4,0,5,22,15,12,23,4,0,0,0,6,21,0,6,21,0,37.5,39,39,38.1851851851852,1.38777733297742,0,4,2,1,20,27,0,15,12,27,0,0,5,7,3,5,1,0,0,4,0,2,27,0,0,0,0,14,13,23,0,0,4,0,3,24,0,2910,3225,3392.5,3156.11111111111,486.499136953407,1,17,5,0,27,9.33333333333333,0.620173672946042,0,27,16,0,0,1,15,0,5,1,4,5,12,4,1,0,0,0,0,0,0,0,0,0,0,0,0,0,0,0,0,0,0,0,0,0,0,0,0,0,1891,NA,0,0,0,0,0,0,0,6.95047784535187,48.6486486486487
2015,"MUNICIPIO",4110078,12400,11274,5748,5526,3223,5836,2215,1600,2871,1055,NA,0.622,NA,NA,200,0,187,5,53,40,44,29,23,6,0,0,195,19,25,30,25.17,7.26671353695332,1,18,92,74,3,11,147,0,0,52,0,110,88,73,127,192,8,0,2,1,6,191,0,9,191,0,38,39,40,38.65,1.76438808844119,0,59,6,14,121,199,1,90,110,185,14,0,35,26,38,34,38,5,9,8,0,6,199,0,0,1,0,91,109,147,0,0,52,0,14,180,6,2823.75,3140,3486.25,3128.815,557.368305444948,16,159,17,3,197,9.03,0.664309064113472,0,200,101,0,0,16,85,3,10,23,17,32,58,43,6,0,2,2,0,0,0,2,0,0,0,0,2,0,0,0,0,0,0,0,0,0,0,0,0,0,10801,3657,10,0,10,10,0,69.6621386276559,1000,8.14516129032258,69.6621386276559
2015,"MUNICIPIO",4110102,31055,28455,14390,14065,7581,15693,5181,3754,7685,2626,NA,0.66,NA,NA,449,0,431,8,100,139,106,61,30,5,0,0,441,20,23,28,24.4298440979955,6.25214964623005,2,64,172,180,6,25,343,3,0,103,0,310,139,198,251,444,5,0,2,1,35,388,23,38,388,23,38,39,40,38.7973273942094,2.18075838344113,0,53,8,35,351,448,1,216,233,430,14,5,53,127,41,76,95,4,10,5,5,33,445,4,0,0,0,251,198,343,3,0,103,0,30,393,26,2895,3225,3530,3207.570155902,514.357682923412,30,356,46,2,446,9.75892857142857,0.61299186653951,2,446,159,0,0,26,133,2,28,36,26,41,81,78,13,0,2,2,0,0,0,2,0,0,0,0,2,1,0,0,0,0,1,1,0,1,0,0,0,0,25165,16427,4.4543429844098,0,4.4543429844098,4.4543429844098,13.0123617436565,26.0247234873129,445.43429844098,5.11994847850588,58.4255042290176
2015,"MUNICIPIO",4110201,11307,10943,5604,5339,3341,5678,1924,1652,2750,937,NA,0.6,NA,NA,163,0,155,1,50,36,27,30,16,3,0,0,162,18,24,31,24.9754601226994,7.14052157745436,1,29,63,58,3,9,125,1,0,33,3,117,46,68,95,160,3,0,0,1,18,137,7,19,137,7,38,39,40,38.7975460122699,2.13194257097986,0,27,4,7,125,157,6,98,65,157,5,1,14,45,33,27,18,2,3,3,1,17,157,3,0,3,0,83,80,125,1,0,33,3,14,141,8,2885,3205,3490,3165.21472392638,516.511132411804,13,131,13,4,158,9.59259259259259,1.04884174836459,1,162,49,0,0,3,46,2,13,14,8,9,31,18,0,0,1,1,0,0,0,1,0,0,0,0,1,0,0,0,0,0,0,0,0,0,0,0,0,0,7016,1287,6.13496932515337,0,6.13496932515337,6.13496932515337,0,36.3636363636364,613.496932515337,4.33359865570001,59.2727272727273
2015,"MUNICIPIO",4110300,3119,2988,1528,1460,677,1603,708,306,793,361,NA,0.705,NA,NA,39,0,36,0,5,12,10,11,1,0,0,0,39,20.5,25,30,25.4871794871795,5.73480507112305,0,0,10,24,3,2,26,2,0,11,0,8,31,15,24,37,2,0,1,1,4,33,0,6,33,0,37,39,39.5,37.8461538461538,3.36810474223351,0,3,3,0,33,38,1,10,29,36,2,0,1,9,4,1,16,1,0,2,0,4,39,0,0,0,0,15,24,26,2,0,11,0,5,34,0,2787.5,3250,3412.5,2982.5641025641,822.260100828384,3,30,4,1,38,9.23076923076923,1.459299371572,0,39,22,0,0,2,20,1,3,9,0,7,15,7,0,0,1,1,0,0,0,1,0,0,0,0,1,0,0,0,0,0,0,0,0,0,0,0,0,0,3118,NA,25.6410256410256,0,25.6410256410256,25.6410256410256,0,126.103404791929,2564.10256410256,7.05354280218019,49.1803278688525
2015,"MUNICIPIO",4110409,4481,4299,2187,2112,886,2199,1214,414,1098,600,NA,0.724,NA,NA,53,0,43,1,9,17,11,9,5,1,0,0,52,21,24,30,25.3018867924528,6.34454613052204,0,1,13,24,3,4,36,5,0,11,1,10,43,23,30,51,2,0,0,0,6,46,1,6,46,1,37,39,39,38.2452830188679,2.20929557497197,0,9,2,0,42,53,0,19,34,50,2,1,10,9,7,2,16,0,1,1,1,6,53,0,0,0,0,23,30,36,5,0,11,1,6,47,0,2870,3200,3515,3170.28301886792,486.8387182535,3,44,3,0,53,9.69811320754717,0.463469593242823,0,53,35,0,0,9,26,0,5,10,1,10,19,16,3,0,0,0,0,0,0,0,0,0,0,0,0,0,0,0,0,0,0,0,0,0,0,0,0,0,4189,NA,0,0,0,0,0,0,0,7.81075652756081,48.2695810564663
2015,"MUNICIPIO",4110508,14978,14150,7328,6822,3821,7719,2610,1829,3720,1273,NA,0.652,NA,NA,195,0,184,0,41,52,44,36,19,3,0,0,195,20,25,31,25.6871794871795,6.50531818469421,0,18,69,88,4,16,177,0,0,14,0,72,123,87,108,190,5,0,1,0,15,176,2,16,176,2,38,39,39,38.4896907216495,1.81884120349755,0,23,8,10,151,147,48,86,109,186,9,0,46,28,42,20,30,3,4,5,0,16,195,0,0,0,0,88,107,177,0,0,14,0,20,167,8,2875,3240,3530,3186.89743589744,528.981641510598,16,154,19,1,194,9.16410256410256,0.676363525252775,0,195,66,0,0,5,61,3,8,18,10,22,42,24,3,0,1,1,0,0,0,1,0,0,0,0,1,0,0,0,0,0,0,0,0,0,0,0,0,0,6658,4408,5.12820512820513,0,5.12820512820513,5.12820512820513,0,26.8817204301075,512.820512820513,4.40646281212445,52.4193548387097
2015,"MUNICIPIO",4110607,14887,14981,7393,7588,3164,7617,4200,1575,3818,2195,NA,0.706,NA,NA,206,0,191,0,40,45,48,50,13,10,0,0,206,21,27,31,26.5922330097087,6.72372848540463,0,7,43,111,6,38,116,3,3,79,0,60,144,92,114,202,4,0,1,2,20,178,3,23,178,3,38,39,39,38.2990196078431,2.01565279176587,0,17,18,23,145,90,116,65,141,199,7,0,30,48,28,13,58,4,3,4,0,16,205,0,1,0,0,114,92,116,3,3,79,0,15,179,12,2967.5,3237.5,3532.5,3203.33980582524,564.379288714352,13,157,30,1,205,9.60679611650485,0.755953558506732,0,206,134,0,0,18,116,4,19,34,13,46,71,63,6,0,3,1,2,2,0,3,0,0,0,0,4,0,0,0,0,0,0,0,0,0,0,0,0,0,14436,3526,24.2718446601942,9.70873786407767,4.85436893203883,14.5631067961165,0,104.766893661603,1941.74757281553,9.00114193591724,53.9549502357255
2015,"MUNICIPIO",4110656,2512,2578,1320,1258,527,1388,663,230,698,330,NA,0.707,NA,NA,24,0,23,0,3,5,9,6,1,0,0,0,24,21.75,26.5,31,26.2916666666667,6.02515860636747,0,0,4,11,3,6,20,1,0,3,0,5,18,10,14,24,0,0,0,1,0,23,0,1,23,0,37,38,39.25,38.125,2.29010157359697,0,0,0,2,22,24,0,5,19,23,1,0,2,6,3,3,8,1,0,0,0,1,24,0,0,0,0,10,14,20,1,0,3,0,1,22,1,2876.25,3125,3603.75,3158.5,657.507216029174,1,20,3,1,23,9.20833333333333,0.931532942621143,0,24,17,0,0,2,15,1,5,6,0,3,13,4,1,0,0,0,0,1,0,0,0,0,0,0,1,0,0,0,0,0,0,0,0,0,0,0,0,0,2220,NA,41.6666666666667,0,0,0,0,143.266475644699,4166.66666666667,6.76751592356688,34.3839541547278
2015,"MUNICIPIO",4110706,59708,56207,27708,28499,12713,31019,12475,6256,15605,6638,NA,0.726,NA,NA,857,0,820,10,120,210,223,189,86,19,0,0,847,22,27,31,26.6779463243874,6.50010003387537,1,48,208,434,22,144,731,4,0,121,0,535,321,368,489,837,20,0,0,7,69,743,38,76,743,38,38,39,40,38.6756126021004,1.92433393725829,1,117,24,56,659,13,844,343,514,807,38,11,80,241,102,145,161,12,19,20,11,65,855,1,1,0,0,434,423,731,4,0,121,0,52,765,40,2950,3275,3565,3245.11318553092,512.462932351095,42,692,88,7,850,9.81096849474912,0.646139593281715,7,850,421,0,0,39,382,4,92,115,84,87,216,205,18,0,3,2,1,1,0,3,0,0,0,0,3,0,0,0,0,0,0,0,0,0,0,0,0,0,53185,45520,4.66744457409568,1.16686114352392,2.33372228704784,3.50058343057176,0,19.2246074975969,350.058343057176,7.05098144302271,54.9182954181352
2015,"MUNICIPIO",4110805,10689,10622,5433,5189,2593,5401,2628,1209,2672,1308,NA,0.665,NA,NA,144,0,121,1,29,44,24,31,10,5,0,0,143,20,24,31,25.5625,6.71572494511661,0,17,41,57,5,20,80,0,0,60,0,43,99,61,83,138,4,0,0,0,6,127,7,6,127,7,38,39,40,38.7714285714286,1.53774036381826,0,20,3,3,113,38,106,48,96,124,15,1,32,14,31,4,32,5,9,4,1,6,144,0,0,0,0,72,72,80,0,0,60,0,10,131,3,2843.75,3150,3380,3128.5,413.965590948705,10,119,5,0,144,9.70833333333333,0.553122098585887,1,142,83,0,0,14,69,0,8,21,12,28,54,29,3,0,1,1,0,0,0,1,0,0,0,0,1,0,0,0,0,0,0,0,0,0,0,0,0,0,7799,NA,6.94444444444444,0,6.94444444444444,6.94444444444444,0,37.4251497005988,694.444444444444,7.76499204789971,53.8922155688623
2015,"MUNICIPIO",4110904,4639,4568,2296,2272,1081,2409,1078,526,1177,569,NA,0.707,NA,NA,72,0,71,2,18,20,16,10,4,2,0,0,70,19,24,29,24.5,6.58423212501324,0,1,24,41,2,3,41,1,0,30,0,16,55,27,45,72,0,0,0,1,4,63,4,5,63,4,38,39,40,38.6805555555556,1.84487404729733,0,10,3,5,54,65,7,28,44,71,1,0,10,12,9,8,27,1,0,0,0,5,71,1,0,0,0,37,35,41,1,0,30,0,2,69,1,2977.5,3162.5,3403.75,3152.48611111111,418.162411774759,2,69,1,0,72,9.16666666666667,0.503508814978013,0,72,28,0,0,2,26,1,5,11,3,6,15,13,2,0,0,0,0,0,0,0,0,0,0,0,0,0,0,0,0,0,0,0,0,0,0,0,0,0,4220,NA,0,0,0,0,0,0,0,6.03578357404613,61.1724723874257
2015,"MUNICIPIO",4110953,10236,9026,4549,4477,2112,5063,1851,1007,2502,968,NA,0.738,NA,NA,153,0,133,2,28,41,44,24,9,5,0,0,151,21,25,29,25.4901960784314,6.41556254154366,2,5,52,59,9,26,108,3,0,35,6,29,120,66,87,150,2,0,1,1,18,129,4,20,129,4,38,38,39,38.1437908496732,2.14420363284979,0,19,2,3,129,29,124,28,125,135,5,0,11,39,7,18,40,1,4,2,0,18,153,0,0,0,0,85,68,108,3,0,35,6,15,133,5,2955,3210,3485,3181.0522875817,496.440431986739,10,127,13,1,152,9.50326797385621,0.761958893477304,2,151,56,0,0,5,51,1,8,18,7,17,32,24,1,0,1,1,0,1,0,1,0,0,0,0,2,0,0,0,0,0,0,0,0,0,0,0,0,0,8794,3706,13.0718954248366,0,6.5359477124183,6.5359477124183,0,79.9360511590727,1307.18954248366,5.47088706525987,61.1510791366906
2015,"MUNICIPIO",4111001,6852,6759,3390,3369,1514,3483,1762,730,1730,909,NA,0.694,NA,NA,60,0,57,1,9,16,12,13,8,1,0,0,59,20.75,27,32,26.35,6.73424086293325,0,3,15,30,0,12,32,5,0,23,0,16,44,20,40,58,2,0,0,1,3,53,3,4,53,3,38,39,40,38.7333333333333,1.9646595139234,0,9,0,3,48,60,0,9,51,58,0,1,13,7,9,8,17,0,0,1,1,3,60,0,0,0,0,33,27,32,5,0,23,0,6,49,5,2953.75,3315,3612.5,3222.05,577.315776618138,5,45,8,1,59,9.51666666666667,0.724666297641786,1,59,62,0,0,8,54,1,7,16,14,16,36,26,0,0,1,1,0,0,0,1,0,0,0,0,1,0,0,0,0,0,0,0,0,0,0,0,0,0,6852,5146,16.6666666666667,0,16.6666666666667,16.6666666666667,0,57.8034682080925,1666.66666666667,9.04845300642148,34.6820809248555
2015,"MUNICIPIO",4111100,6192,5979,2946,3033,1208,3277,1494,599,1670,764,NA,0.746,NA,NA,55,0,50,3,10,14,12,13,2,1,0,0,52,20,25,31,25.1090909090909,6.83854199121834,0,2,13,34,0,6,29,6,0,20,0,13,42,24,31,51,4,0,1,0,2,51,1,3,51,1,38,39,39,38.5090909090909,2.44095251044529,1,17,3,1,33,55,0,20,35,51,3,1,10,10,9,3,13,2,0,4,1,3,55,0,0,0,0,24,31,29,6,0,20,0,4,49,2,2977.5,3245,3442.5,3173.10909090909,521.195018335792,1,47,2,1,54,9.65454545454545,0.821430139906903,0,55,50,0,0,4,46,3,9,11,14,9,29,21,1,0,1,1,0,0,0,0,0,0,1,0,1,0,0,0,0,1,0,0,0,0,0,0,0,0,6191,4461,18.1818181818182,0,18.1818181818182,18.1818181818182,0,59.8802395209581,1818.18181818182,8.07493540051679,32.934131736527
2015,"MUNICIPIO",4111209,11454,10531,5262,5269,2311,5559,2661,1114,2788,1367,NA,0.731,NA,NA,159,0,155,3,23,42,37,30,20,4,0,0,156,21,26,31,26.3899371069182,6.61022601509986,0,10,36,91,4,17,111,6,1,41,0,23,136,64,95,159,0,0,1,0,9,144,5,10,144,5,38,39,40,38.7610062893082,2.13309995937112,0,23,6,8,121,159,0,72,87,156,3,0,9,49,12,38,38,3,0,0,0,10,159,0,0,0,0,78,81,111,6,1,41,0,7,147,5,2945,3230,3510,3208.18238993711,479.001055142015,11,131,15,1,158,9.51572327044025,0.710280261247876,1,158,56,0,0,4,52,2,17,15,6,12,34,22,3,0,1,1,0,0,0,1,0,0,0,0,1,0,0,0,0,0,0,0,0,0,0,0,0,0,8914,NA,6.28930817610063,0,6.28930817610063,6.28930817610063,0,35.8680057388809,628.930817610063,4.88912170420814,57.0301291248207
2015,"MUNICIPIO",4111258,26755,23887,11984,11903,7089,13574,3224,3514,6813,1576,NA,0.637,NA,NA,500,0,420,6,135,129,113,71,38,7,0,1,493,19,24,29,24.476,6.66410117637615,3,95,201,173,8,14,381,5,3,102,0,218,272,191,309,491,8,0,2,9,41,424,17,52,424,17,38,39,39,38.474645030426,2.25459470465915,4,205,44,74,141,255,245,274,225,476,23,1,84,76,122,37,102,8,12,8,1,43,499,0,0,1,0,270,229,381,5,3,102,0,46,426,28,2850,3200,3500,3164.242,571.266833472811,46,378,50,7,493,9.392,0.857792291426346,4,492,145,0,0,27,118,2,26,44,13,33,92,53,6,0,5,5,0,3,0,5,0,0,0,0,8,0,0,0,0,0,0,0,0,0,0,0,0,0,23178,4072,16,0,10,10,0,117.422574489946,1600,5.41954774808447,73.3891090562161
2015,"MUNICIPIO",4111308,3349,3583,1822,1761,870,1812,901,399,910,452,NA,0.656,NA,NA,42,0,36,1,12,9,9,6,4,1,0,0,41,19,23,29.75,24.8571428571429,6.98978847012861,0,1,9,27,1,4,27,0,0,12,0,12,29,24,18,42,0,0,0,0,3,38,1,3,38,1,38,39,40,38.6428571428571,1.7782072168123,0,4,1,3,34,37,5,9,33,37,3,0,12,7,4,3,8,2,1,0,0,3,40,0,1,1,0,22,20,27,0,0,12,0,1,37,4,3000,3200,3530,3281.54761904762,497.209883659634,0,37,5,1,40,9.53658536585366,0.868837181973981,1,41,40,0,0,6,34,0,4,10,8,12,31,9,1,0,1,1,0,0,0,1,0,0,0,0,1,0,0,0,0,0,0,0,0,0,0,0,0,0,3348,NA,23.8095238095238,0,23.8095238095238,23.8095238095238,0,109.89010989011,2380.95238095238,11.9438638399522,46.1538461538462
2015,"MUNICIPIO",4111407,13628,12815,6684,6131,3470,6815,2530,1684,3173,1274,NA,0.651,NA,NA,206,0,174,1,49,49,49,39,17,2,0,0,205,20,25,30,25.3592233009709,6.41546054683077,1,21,68,101,1,12,169,4,0,26,2,58,146,87,119,200,6,0,0,2,20,176,6,22,176,6,38,38,39,38.2794117647059,1.90549313453821,2,40,8,24,123,50,156,72,134,188,13,0,24,43,28,22,46,7,4,6,0,19,205,0,0,1,0,113,93,169,4,0,26,2,16,181,9,2930,3205,3487.5,3188.15533980583,521.59978597335,15,157,22,2,202,9.47058823529412,0.758607518128062,1,205,68,0,0,7,61,0,14,10,6,31,42,26,6,0,3,2,1,0,0,3,0,0,0,0,3,0,0,0,0,0,0,0,0,0,0,0,0,0,7765,4770,14.5631067961165,4.85436893203883,9.70873786407767,14.5631067961165,0,94.5477466120391,1456.31067961165,4.98972703257998,64.9227860069335
2015,"MUNICIPIO",4111506,32710,31816,15420,16396,6649,16681,8486,3323,8597,4476,NA,0.73,NA,NA,404,0,386,8,73,101,91,81,38,10,2,0,396,20.75,26,31,26.25,6.68574090985043,0,8,115,195,12,73,309,3,0,89,1,75,326,167,237,393,10,0,4,3,33,364,0,40,364,0,38,39,39,38.1361386138614,1.9250937757041,0,50,10,7,333,8,396,57,346,381,10,12,17,130,16,59,132,2,3,5,12,27,404,0,0,0,0,186,218,309,3,0,89,1,34,355,15,2900,3200,3450,3139.29455445545,532.263726745475,27,332,35,7,396,9.64764267990074,0.828541337307096,1,403,247,0,0,15,232,8,46,82,28,68,122,125,11,0,6,3,3,0,0,5,0,0,1,0,7,0,0,0,0,0,0,0,0,0,0,0,0,0,32414,3954,14.8514851485149,7.42574257425743,7.42574257425743,14.8514851485149,0,81.4237524717925,1732.67326732673,7.55120758177927,46.9931371408631
2015,"MUNICIPIO",4111555,8013,7514,3808,3706,1660,4150,1704,810,2034,862,NA,0.706,NA,NA,116,0,114,3,21,26,32,21,11,2,0,0,113,20.75,26,31,25.8448275862069,6.90129596937934,0,5,31,56,1,23,62,4,0,50,0,65,51,57,59,114,2,0,0,1,7,107,1,8,107,1,38,39,39,38.5258620689655,1.74685410105561,0,18,6,11,81,116,0,31,85,115,1,0,13,39,9,13,32,0,0,2,0,8,116,0,0,0,0,53,63,62,4,0,50,0,9,100,7,2998.75,3242.5,3516.25,3228.66379310345,532.69877194732,8,93,13,1,115,9.37068965517241,0.763631739311141,0,116,47,0,0,9,38,1,7,11,6,13,31,16,1,0,0,0,0,0,0,0,0,0,0,0,0,0,0,0,0,0,0,0,0,0,0,0,0,0,7533,2373,0,0,0,0,0,0,0,5.86546861350306,57.0304818092429
2015,"MUNICIPIO",4111605,3201,3010,1436,1574,561,1739,710,272,935,367,NA,0.766,NA,NA,24,0,24,1,1,6,4,6,5,1,0,0,23,23.75,29.5,33.5,28.5833333333333,6.85195412727777,0,0,4,12,1,7,17,1,1,5,0,4,20,8,16,24,0,0,0,0,1,23,0,1,23,0,38,39,40,38.875,1.48360606514052,0,2,1,2,19,24,0,9,15,23,1,0,6,2,2,1,11,0,1,0,0,1,23,1,0,0,0,7,17,17,1,1,5,0,2,20,2,2772.5,3295,3462.5,3193.95833333333,530.502180396836,3,17,4,0,24,9.66666666666667,0.637022057270606,0,24,18,0,0,1,17,0,1,7,3,6,14,4,0,0,0,0,0,0,0,0,0,0,0,0,0,0,0,0,0,0,0,0,0,0,0,0,0,0,2210,NA,0,0,0,0,0,0,0,5.6232427366448,25.668449197861
2015,"MUNICIPIO",4111704,5197,4902,2488,2414,1116,2574,1212,548,1265,601,NA,0.718,NA,NA,50,0,40,2,4,15,14,9,5,1,0,0,48,21,26,30,26.06,6.34520548548754,0,1,12,16,3,18,44,1,0,5,0,6,44,23,27,50,0,0,0,0,3,36,1,3,36,1,37,38,39,38.3,1.28502219875069,0,3,0,1,46,9,41,9,41,49,1,0,7,12,2,7,8,1,0,0,0,3,50,0,0,0,0,28,22,44,1,0,5,0,1,46,3,3163.75,3385,3695,3447.8,435.52590775582,0,32,8,0,50,9.74,0.664247310717867,3,47,35,0,0,5,30,0,7,12,7,4,17,18,2,0,1,1,0,0,0,1,0,0,0,0,1,0,0,0,0,0,0,0,0,0,0,0,0,0,4815,NA,20,0,20,20,0,79.0513833992095,2000,6.73465460842794,39.5256916996047
2015,"MUNICIPIO",4111803,40243,39121,19136,19985,8906,21225,8990,4348,10799,4838,NA,0.743,NA,NA,577,0,543,3,88,153,151,117,50,14,1,0,574,21,26,31,26.3552859618718,6.4242604386582,0,19,183,261,26,74,370,36,1,154,0,106,471,219,358,565,12,0,7,3,37,518,8,47,518,8,38,39,39,38.4293193717278,2.0468240085433,2,79,17,13,450,76,501,142,435,549,14,1,69,126,74,68,166,4,8,12,1,34,577,0,0,0,0,283,294,381,36,1,156,0,38,523,16,2900,3180,3450,3146.74696707106,529.573467415956,40,472,49,6,571,9.76083188908146,0.715642194957468,3,574,320,0,0,22,298,9,54,105,40,90,177,143,13,0,3,3,0,2,0,3,0,0,0,0,5,0,1,0,1,0,2,2,0,0,2,0,0,0,40235,37347,8.66551126516464,0,5.19930675909879,5.19930675909879,18.5202333549403,46.3005833873507,866.551126516464,7.95169346221703,53.4308732290027
2015,"MUNICIPIO",4111902,13174,12225,6109,6116,2629,6744,2852,1259,3385,1472,NA,0.715,NA,NA,182,0,160,0,36,47,46,37,16,0,0,0,182,21,25.5,31,25.7087912087912,6.15704507500253,0,3,42,107,7,23,115,9,1,57,0,42,140,66,116,173,8,0,0,2,16,159,4,18,159,4,38,39,39,38.4917127071823,1.82762378978944,1,19,14,10,129,163,19,65,117,170,9,1,23,32,26,21,50,3,4,7,1,12,181,0,1,0,0,96,86,115,9,1,57,0,15,164,3,2898,3235,3538.5,3163.43956043956,558.252486665589,10,149,12,1,181,9.79120879120879,0.585581517016597,0,182,94,0,0,9,85,2,16,35,9,23,53,41,7,0,1,0,1,0,0,1,0,0,0,0,1,1,0,0,0,0,1,1,0,0,0,1,0,0,13059,12500,5.49450549450549,5.49450549450549,0,5.49450549450549,29.5420974889217,29.5420974889217,549.450549450549,7.13526643388492,53.7666174298375
2015,"MUNICIPIO",4112009,34468,32606,16092,16514,8587,18056,5963,4243,9196,3075,NA,0.743,NA,NA,622,0,528,9,133,185,133,104,48,10,0,0,613,20,24,30,24.9212218649518,6.53211315030179,5,69,189,288,17,49,508,17,0,92,0,404,214,242,380,612,8,0,1,7,53,540,12,61,540,12,38,39,39,38.3768352365416,1.86731040211351,2,166,30,24,335,171,451,178,442,606,10,0,111,101,102,38,186,5,4,8,0,56,619,0,3,0,0,300,322,508,17,0,92,0,53,547,22,2832.5,3145,3473.75,3131.70739549839,521.697657312836,51,493,57,4,618,9.47749196141479,0.943820385574041,6,610,224,0,0,16,208,3,34,66,33,72,121,103,11,0,6,4,2,1,0,5,0,0,0,0,7,0,0,0,0,0,0,0,0,0,0,0,0,0,29624,25897,11.2540192926045,3.21543408360129,6.43086816720257,9.64630225080386,0,76.1200521966072,1125.40192926045,6.49878147847279,67.638103523271
2015,"MUNICIPIO",4112108,21203,20269,9880,10389,4028,10812,5429,1982,5483,2924,NA,0.747,NA,NA,278,0,267,2,42,67,72,60,29,6,0,0,276,21,27,32,26.7158273381295,6.58039708887971,0,16,59,128,12,62,239,3,0,36,0,128,150,124,154,271,7,0,2,2,49,218,7,53,218,7,37,38,39,37.7913669064748,2.13945173361993,0,20,6,5,247,78,200,44,234,268,10,0,73,28,31,5,81,4,3,7,0,46,278,0,0,0,0,132,146,239,3,0,36,0,27,244,7,2822.5,3080,3358.75,3061.60071942446,495.424416672069,15,240,13,1,277,9.8273381294964,0.543129819453103,2,276,187,0,0,14,173,3,41,53,30,46,103,84,8,0,4,2,2,1,0,4,0,0,0,0,5,0,0,0,0,1,0,0,0,0,0,0,0,0,21199,10238,17.9856115107914,7.19424460431655,7.19424460431655,14.3884892086331,0,91.1909538573774,1798.56115107914,8.81950667358393,50.7021703447018
2015,"MUNICIPIO",4112207,6114,6532,3273,3259,1362,3312,1858,645,1670,944,NA,0.696,NA,NA,71,0,62,0,17,16,19,13,5,1,0,0,71,21,25,30.5,25.5633802816901,6.33072416161554,1,3,21,36,4,6,43,1,0,23,0,33,36,34,37,70,1,0,1,1,5,60,3,7,60,3,38,39,39,38.3571428571429,2.53117211942148,0,8,3,1,56,53,18,18,53,66,5,0,10,19,10,5,15,1,4,1,0,5,71,0,0,0,0,36,35,43,1,0,23,0,6,63,2,2897,3165,3455,3078.84507042254,585.694524179562,3,62,4,2,69,9.67605633802817,0.841336485893111,0,71,64,0,0,15,49,2,9,20,4,14,39,25,3,0,2,2,0,0,0,2,0,0,0,0,4,1,0,0,0,0,1,1,0,0,0,1,0,0,5890,NA,28.169014084507,0,28.169014084507,28.169014084507,59.8802395209581,239.520958083832,5633.80281690141,10.4677788681714,42.5149700598802
2015,"MUNICIPIO",4112306,5071,4903,2539,2364,1189,2456,1258,566,1184,614,NA,0.696,NA,NA,81,0,69,0,14,23,21,17,4,2,0,0,81,20,26,30,26.037037037037,6.50469915608025,0,3,24,39,4,11,72,1,0,8,0,11,68,30,51,77,4,1,0,0,8,70,0,9,70,0,37,39,39.5,38.0886075949367,2.62722371460982,0,2,1,0,75,81,0,36,44,77,2,1,16,11,15,9,16,0,1,4,1,5,81,0,0,0,0,52,29,72,1,0,8,0,10,67,4,2785,3200,3475,3130.76543209877,622.299531407604,8,61,5,1,80,9.39506172839506,0.861379886369525,1,80,40,0,0,3,37,1,3,10,6,17,19,21,2,0,1,1,0,0,0,1,0,0,0,0,1,0,0,0,0,0,0,0,0,0,0,0,0,0,3338,NA,12.3456790123457,0,12.3456790123457,12.3456790123457,0,84.4594594594595,1234.56790123457,7.88799053441136,68.4121621621622
2015,"MUNICIPIO",4112405,9167,8549,4324,4225,1649,4548,2352,781,2215,1229,NA,0.712,NA,NA,87,0,87,0,15,22,18,23,5,2,2,0,87,21,27,31,26.7241379310345,7.08862445273528,1,0,26,43,4,13,64,1,0,22,0,18,69,37,50,87,0,0,0,0,6,81,0,6,81,0,38,39,39,38.5402298850575,1.37083065720183,0,7,2,3,75,38,49,29,58,79,8,0,17,13,14,6,24,4,4,0,0,5,87,0,0,0,0,46,41,64,1,0,22,0,6,69,12,3127.5,3450,3807.5,3422.81609195402,566.02536159663,2,64,21,1,86,9.83908045977011,0.525480139655039,0,87,65,0,0,3,62,0,10,29,12,11,39,26,2,0,1,1,0,0,0,1,0,0,0,0,1,0,0,0,0,0,0,0,0,0,0,0,0,0,9167,NA,11.4942528735632,0,11.4942528735632,11.4942528735632,0,45.1467268623025,1149.42528735632,7.09065124904549,39.2776523702032
2015,"MUNICIPIO",4112504,12191,12324,6269,6055,2702,6252,3370,1293,3086,1676,NA,0.689,NA,NA,128,0,108,0,30,39,28,24,3,4,0,0,128,20,24,29,24.9453125,5.9793721443106,0,5,33,65,5,16,101,4,1,19,0,34,94,61,67,124,4,0,0,1,8,112,7,9,112,7,38,39,39,38.59375,1.93369419204445,0,8,0,4,112,49,79,28,100,124,4,0,35,18,25,10,26,2,0,4,0,8,128,0,0,0,0,59,69,101,4,1,19,0,7,115,6,2953,3250,3500,3213.1875,460.307185175736,8,97,13,1,126,9.07086614173228,0.808497551921814,1,127,89,0,0,10,79,2,22,23,9,23,57,32,5,0,0,0,0,0,0,0,0,0,0,0,0,0,0,0,0,0,0,0,0,0,0,0,0,0,8692,NA,0,0,0,0,0,0,0,7.30046755803462,41.4776409591705
2015,"MUNICIPIO",4112603,1409,1409,699,710,321,786,302,154,404,152,NA,0.682,NA,NA,13,0,13,0,0,5,4,3,1,0,0,0,13,22,26,30,26.3076923076923,5.23425600228303,0,1,3,9,0,0,7,0,0,6,0,1,12,2,11,13,0,0,0,0,3,10,0,3,10,0,38,38,39,38,1.29099444873581,0,3,0,4,6,13,0,2,11,13,0,0,1,1,2,2,4,0,0,0,0,3,13,0,0,0,0,5,8,7,0,0,6,0,1,11,1,3180,3520,3750,3464.23076923077,593.362052747752,1,7,5,0,13,9.07692307692308,0.493548116792825,0,13,7,0,0,1,6,0,2,3,0,1,6,1,0,0,0,0,0,0,0,0,0,0,0,0,0,0,0,0,0,0,0,0,0,0,0,0,0,0,1409,NA,0,0,0,0,0,0,0,4.9680624556423,32.1782178217822
2015,"MUNICIPIO",4112702,12504,11875,5873,6002,2971,6307,2597,1464,3172,1366,NA,0.687,NA,NA,179,0,158,2,41,51,35,29,17,3,1,0,177,20,24,30.5,25.4301675977654,6.87932789005904,0,12,66,81,6,14,108,3,2,58,0,71,106,72,107,173,6,0,2,2,15,154,3,19,154,3,38,39,39,38.3409090909091,2.14548756303011,0,22,1,3,148,172,7,51,128,170,8,1,16,41,22,13,57,3,3,5,1,15,178,1,0,0,0,79,100,108,3,2,58,0,22,154,3,2852.5,3185,3437.5,3097.76536312849,517.195365176293,17,143,9,1,178,9.77094972067039,0.798907043247161,1,178,97,0,0,8,89,2,20,25,12,30,50,47,7,0,2,2,0,1,0,1,0,0,1,0,3,1,0,0,0,0,1,1,0,0,0,1,0,0,11075,10701,16.7597765363128,0,11.1731843575419,11.1731843575419,31.5258511979823,94.577553593947,1675.97765363128,7.7575175943698,56.4312736443884
2015,"MUNICIPIO",4112751,8964,9001,4469,4532,1753,4551,2697,868,2299,1365,NA,0.705,NA,NA,101,0,97,1,20,20,32,15,8,5,0,0,100,21,26,31,26.0693069306931,6.91268026997137,0,6,24,57,1,13,66,2,1,31,0,15,86,51,50,99,2,0,0,1,13,87,0,14,87,0,37,38,39,38.0594059405941,1.48876984237469,0,14,1,4,81,54,47,8,93,96,5,0,16,27,12,4,25,2,2,2,0,11,101,0,0,0,0,46,55,66,2,1,31,0,10,91,0,2750,3000,3300,3006.9504950495,482.844599767619,10,83,6,1,100,9.03960396039604,1.08554863621312,2,99,70,0,0,13,57,1,16,22,7,11,45,25,3,0,1,1,0,0,0,1,0,0,0,0,1,0,0,0,0,0,0,0,0,0,0,0,0,0,7922,NA,9.9009900990099,0,9.9009900990099,9.9009900990099,0,43.4971726837756,990.09900990099,7.80901383311022,43.9321444106133
2015,"MUNICIPIO",4112801,11544,10736,5321,5415,2327,5735,2674,1138,2883,1394,NA,0.7,NA,NA,189,0,102,1,32,43,57,33,21,2,0,0,188,22,26,31,26.1851851851852,6.39585908196664,0,5,31,68,1,15,108,0,0,11,0,47,142,78,111,177,10,0,0,4,10,146,21,14,146,21,38,40,41,39.3480662983425,2.46652231920485,0,13,5,8,93,122,67,65,124,114,6,0,24,13,18,11,23,3,3,10,0,9,189,0,0,0,0,97,92,161,2,0,16,0,15,166,8,2970,3240,3535,3211.24338624339,536.528106004852,16,133,22,1,188,9.5978835978836,0.762969957856298,2,187,98,0,0,15,83,6,14,29,12,22,58,40,4,0,2,2,0,0,0,2,0,0,0,0,1,0,0,0,0,0,0,0,0,0,0,0,0,0,11542,9492,10.5820105820106,0,10.5820105820106,10.5820105820106,0,34.6860908775581,529.100529100529,8.48925848925849,65.5567117585848
2015,"MUNICIPIO",4112900,3456,3433,1738,1695,814,1690,929,390,852,453,NA,0.688,NA,NA,41,0,37,1,7,13,9,8,1,2,0,0,40,20,24,30,24.8536585365854,6.48675949766043,0,2,11,22,3,3,33,0,0,8,0,7,34,16,25,39,2,0,0,0,5,33,2,5,33,2,38,39,40,38.775,1.91468682583488,0,12,0,2,27,41,0,21,20,40,1,0,11,2,10,2,9,0,1,2,0,3,41,0,0,0,0,25,16,33,0,0,8,0,3,37,1,3020,3270,3520,3239.39024390244,414.359739721946,1,32,4,0,41,9.46341463414634,0.595716416410097,0,41,22,0,0,2,20,1,4,6,4,5,13,9,2,0,0,0,0,0,0,0,0,0,0,0,0,0,0,0,0,0,0,0,0,0,0,0,0,0,2705,NA,0,0,0,0,0,0,0,6.36574074074074,48.1220657276995
2015,"MUNICIPIO",4112959,7697,7641,3815,3826,1675,4213,1753,818,2127,881,NA,0.708,NA,NA,74,0,68,1,14,18,17,15,9,0,0,0,73,21,26,32,26.1621621621622,6.56480242486039,0,3,18,40,8,5,54,1,0,16,0,16,57,33,41,74,0,0,0,0,5,66,2,5,66,2,38,38,39,38.5890410958904,1.52602985661738,0,2,0,2,70,34,40,20,54,72,2,0,14,14,15,2,21,1,1,0,0,5,74,0,0,0,0,44,30,54,1,0,16,0,6,64,4,2943.75,3220,3478.75,3198.16216216216,495.561478348205,7,59,6,0,74,9.22972972972973,0.609228060797383,1,73,56,0,0,9,47,1,7,17,4,18,34,22,2,0,1,1,0,1,0,1,0,0,0,0,0,0,0,0,0,0,0,0,0,0,0,0,0,0,7696,NA,27.027027027027,0,13.5135135135135,13.5135135135135,0,0,0,7.27556190723659,34.7907851433945
2015,"MUNICIPIO",4113007,6963,6610,3260,3350,1463,3633,1514,750,1834,766,NA,0.718,NA,NA,91,0,88,0,17,22,23,23,4,1,1,0,91,22,25,31,25.9340659340659,6.10792235598288,0,4,18,50,1,18,65,2,0,24,0,10,81,42,49,89,2,0,1,0,8,82,0,9,82,0,38,39,39,38.2637362637363,2.11258222632958,0,9,5,5,71,87,4,34,57,87,3,1,21,17,5,7,29,2,0,2,1,7,91,0,0,0,0,55,36,65,2,0,24,0,7,79,5,2935,3240,3540,3202.74725274725,555.449899599047,5,74,10,0,91,9.68131868131868,0.534979145577364,1,90,48,0,0,7,41,0,5,24,5,7,34,14,1,0,0,0,0,0,0,0,0,0,0,0,0,0,0,0,0,0,0,0,0,0,0,0,0,0,6450,5936,0,0,0,0,0,0,0,6.89358035329599,49.618320610687
2015,"MUNICIPIO",4113106,4438,4506,2288,2218,803,2286,1417,378,1134,706,NA,0.721,NA,NA,57,0,56,0,14,13,15,10,4,1,0,0,57,20,25,30,25.1754385964912,6.21094312776577,0,1,10,34,1,11,43,6,0,7,0,14,43,29,28,57,0,0,0,0,6,50,1,6,50,1,37,38,39,38.2280701754386,1.59258935451997,0,8,1,0,48,17,40,1,56,55,2,0,21,3,0,2,23,2,0,0,0,6,57,0,0,0,0,26,31,43,6,0,7,0,5,50,2,2870,3080,3470,3107.54385964912,483.73926972874,5,48,4,1,56,9.63157894736842,0.81572883597099,1,56,52,0,0,2,50,2,8,20,5,15,37,15,1,0,1,1,0,1,0,1,0,0,0,0,2,0,0,0,0,0,0,0,0,0,0,0,0,0,4300,NA,35.0877192982456,0,17.5438596491228,17.5438596491228,0,176.36684303351,3508.77192982456,11.7169896349707,50.2645502645503
2015,"MUNICIPIO",4113205,47557,44932,22646,22286,10835,24521,9576,5301,12067,4918,NA,0.706,NA,NA,637,0,538,11,111,158,164,114,66,11,2,0,626,21,25,31,26.0047095761381,6.67636706271363,0,38,202,291,18,83,588,3,0,18,0,114,517,263,374,622,14,0,1,12,64,517,30,77,517,30,38,39,40,38.7564102564103,2.3060303244107,2,112,8,15,471,116,521,348,288,591,40,2,70,133,75,86,141,18,17,13,2,66,156,481,0,0,0,318,319,588,3,0,18,0,46,565,26,2905,3195,3490,3173.79905808477,523.325983823681,44,497,59,7,630,9.20094191522763,0.793328545170989,6,628,321,0,0,40,281,19,62,74,58,68,175,146,8,0,4,2,2,3,0,3,0,0,1,0,7,0,0,0,0,0,0,0,0,0,0,0,0,0,36725,28031,10.989010989011,3.13971742543171,3.13971742543171,6.27943485086342,0,58.0094472528383,1098.9010989011,6.74979498286267,52.7885970000829
2015,"MUNICIPIO",4113254,6292,6360,3236,3124,2025,3280,1055,1019,1587,518,NA,0.585,NA,NA,92,0,83,1,22,29,17,16,5,2,0,0,91,19.75,23,29.25,24.6195652173913,6.26317054720628,1,9,39,35,0,8,70,1,0,21,0,16,75,35,57,92,0,0,0,2,8,75,2,10,75,2,38,39,40,38.3218390804598,2.25931792997079,0,15,5,2,68,92,0,37,55,90,2,0,12,14,17,16,16,1,1,0,0,10,92,0,0,0,0,51,41,70,1,0,21,0,7,83,2,2922.5,3250,3481.25,3184.78260869565,491.47396219779,8,65,13,3,89,9.29347826086956,0.98937257816422,0,92,32,0,0,4,28,0,3,15,2,8,18,14,1,0,2,2,0,1,0,2,0,0,0,0,3,0,0,0,0,0,0,0,0,0,0,0,0,0,2716,NA,32.6086956521739,0,21.7391304347826,21.7391304347826,0,189.035916824197,3260.86956521739,5.08582326764145,57.9710144927536
2015,"MUNICIPIO",4113304,32133,30777,14992,15785,7741,16435,6601,3837,8465,3483,NA,0.706,NA,NA,568,0,556,5,124,161,121,93,46,18,0,0,563,20,24,30,25.3204225352113,6.76953481302944,3,25,173,241,40,86,467,5,0,84,11,75,493,259,309,560,8,0,0,4,20,538,3,24,538,3,39,40,40,39.2955752212389,1.46328527323768,2,78,8,15,465,42,526,270,298,555,13,0,123,110,86,71,133,8,4,8,0,22,566,1,1,0,0,274,294,467,5,0,84,11,44,505,19,2910,3222.5,3500,3194.45774647887,497.664756489449,56,472,29,6,562,9.35035211267606,0.828589598268554,3,565,223,0,0,17,206,7,36,69,33,61,113,110,11,0,7,5,2,1,0,7,0,0,0,0,7,1,0,0,0,0,1,1,0,0,0,1,0,0,29303,11527,14.0845070422535,3.52112676056338,8.80281690140845,12.3239436619718,11.8133490844654,82.6934435912581,1232.39436619718,6.93990601562257,67.0998227997637
2015,"MUNICIPIO",4113403,4165,4145,2054,2091,863,2131,1151,437,1079,575,NA,0.707,NA,NA,51,0,48,0,7,12,15,15,0,2,0,0,51,21.5,26,30,26.4509803921569,5.61538502861628,0,0,11,26,1,13,32,3,0,16,0,8,43,19,32,51,0,0,0,0,5,43,3,5,43,3,38,39,40,38.9607843137255,2.06843693946637,0,8,0,0,43,51,0,13,38,48,2,1,4,12,10,6,11,0,2,0,1,5,51,0,0,0,0,25,26,32,3,0,16,0,3,45,3,2982.5,3280,3535,3232.05882352941,546.496968400181,4,37,7,1,50,9.62745098039216,0.915658982672599,0,51,39,0,0,2,37,1,9,14,1,12,20,19,1,0,1,1,0,0,0,1,0,0,0,0,1,0,0,0,0,0,0,0,0,0,0,0,0,0,3518,NA,19.6078431372549,0,19.6078431372549,19.6078431372549,0,92.678405931418,1960.78431372549,9.36374549819928,47.2659870250232
2015,"MUNICIPIO",4113429,3774,3973,1962,2011,761,2004,1208,385,1012,614,NA,0.68,NA,NA,43,0,36,0,8,11,15,7,2,0,0,0,43,20.5,25,27,24.8604651162791,5.50576059945545,0,3,12,22,3,3,26,2,0,15,0,13,29,19,24,39,4,0,1,0,8,34,0,9,34,0,37,38,39,37.4883720930233,2.42381137313447,0,4,2,0,36,43,0,17,26,35,3,5,2,9,4,4,9,2,1,0,5,7,43,0,0,0,0,27,16,26,2,0,15,0,8,34,1,2703,3150,3610,3002.02325581395,760.538045395435,5,30,4,1,41,9.40476190476191,0.964226565054738,1,42,39,0,0,4,35,1,2,17,4,11,20,19,2,0,1,1,0,0,0,1,0,0,0,0,0,0,0,0,1,0,1,1,0,0,0,1,0,0,2999,NA,23.2558139534884,0,23.2558139534884,23.2558139534884,98.8142292490118,0,0,10.3338632750397,42.4901185770751
2015,"MUNICIPIO",4113452,5187,5361,2792,2569,1279,2697,1385,577,1324,668,NA,0.666,NA,NA,67,0,66,0,15,25,15,9,1,2,0,0,67,20,24,27,24.2089552238806,5.82974949675665,2,3,18,35,2,7,55,1,0,11,0,12,54,33,34,67,0,0,0,1,2,61,3,3,61,3,38,39,40,38.8955223880597,1.85157040928823,0,10,2,2,53,64,3,33,34,64,3,0,8,24,13,5,12,1,2,0,0,2,67,0,0,0,0,36,31,55,1,0,11,0,1,62,4,2947.5,3300,3590,3290.41791044776,438.348351485566,3,55,9,1,66,9.25373134328358,0.910266088005266,1,66,34,0,0,3,31,1,8,6,4,12,21,13,1,0,1,1,0,0,0,1,0,0,0,0,1,0,0,0,0,0,0,0,0,0,0,0,0,0,3453,NA,14.9253731343284,0,14.9253731343284,14.9253731343284,0,75.5287009063444,1492.53731343284,6.55484866011182,50.6042296072508
2015,"MUNICIPIO",4113502,22603,21201,10447,10754,4676,11681,4844,2246,5919,2589,NA,0.725,NA,NA,335,0,257,1,64,111,76,60,19,4,0,0,334,20,24,29,24.9880597014925,5.95691924928757,0,20,118,140,14,41,163,7,1,160,1,59,274,127,208,325,10,0,2,2,27,300,1,31,300,1,38,39,39,38.4246987951807,2.11819728253359,3,77,35,58,159,26,309,58,277,244,11,20,57,30,41,16,68,1,9,8,20,22,334,1,0,0,0,166,169,163,7,1,160,1,27,292,16,2922.5,3220,3480,3169.06567164179,514.300305325164,17,279,26,2,330,9.87349397590361,0.812825341766223,1,334,168,0,0,21,147,8,32,61,14,32,97,71,10,0,2,2,0,0,0,2,0,0,0,0,2,0,0,0,0,0,0,0,0,0,0,0,0,0,22598,16666,5.97014925373134,0,5.97014925373134,5.97014925373134,0,33.7894914681534,597.014925373134,7.43264168473211,56.5973982091569
2015,"MUNICIPIO",4113601,4690,4401,2234,2167,931,2487,983,420,1241,506,NA,0.744,NA,NA,65,0,61,0,10,20,11,14,5,5,0,0,65,21,26,33,27.1538461538462,7.18120543770066,0,2,9,43,3,7,42,0,0,22,0,13,52,23,42,65,0,0,0,3,1,60,1,4,60,1,38,38,39,38.2153846153846,2.26724163145101,0,4,2,2,55,65,0,15,50,62,3,0,5,15,6,2,31,1,2,0,0,3,65,0,0,0,0,32,33,42,0,0,22,0,4,57,4,2875,3225,3480,3177.53846153846,641.560063364176,1,60,4,2,63,9.07692307692308,1.25384025482331,1,64,20,0,0,0,20,2,5,3,2,8,10,10,0,0,3,2,1,0,0,3,0,0,0,0,3,0,0,0,0,0,0,0,0,0,0,0,0,0,4658,4658,46.1538461538462,15.3846153846154,30.7692307692308,46.1538461538462,0,241.74053182917,4615.38461538462,4.26439232409382,52.3771152296535
2015,"MUNICIPIO",4113700,548249,506701,243059,263642,105275,280673,120753,51567,145142,66933,NA,0.778,NA,NA,7365,0,6836,33,904,1642,1832,1786,965,197,6,0,7332,22,28,33,27.5208418194162,6.56164156104663,4,120,1439,3381,478,1915,5485,222,71,1515,12,1535,5787,3182,4183,7177,180,2,42,70,675,6396,164,789,6396,164,38,39,39,38.369301945843,2.16713571500837,21,979,314,319,5662,452,6913,2684,4674,6925,351,51,1054,1603,939,797,1803,162,142,174,51,592,7335,8,14,8,0,3724,3640,5486,222,71,1515,12,646,6369,350,2895,3200,3510,3167.73822131704,547.175866626345,460,5957,667,78,7272,9.75823129251701,0.778624573374387,49,7289,3662,0,0,444,3218,109,728,939,469,973,2005,1657,145,0,56,43,13,7,0,51,0,2,3,0,63,1,0,0,3,4,4,4,0,0,0,3,0,0,548141,548249,8.55397148676171,1.76510522742702,5.83842498302783,7.60353021045485,2.75592178693969,43.4057681443001,855.397148676171,6.67944674773689,50.743409902027
2015,"MUNICIPIO",4113734,7471,7315,3736,3579,1840,3959,1516,896,1951,732,NA,0.668,NA,NA,110,0,103,0,25,28,31,15,9,2,0,0,110,20.25,25,29,25.4545454545455,6.36884095519694,0,8,40,53,1,8,69,1,0,40,0,26,84,41,69,106,3,0,0,0,9,98,2,9,98,2,38,39,40,38.7981651376147,1.78874990754334,0,20,1,4,84,110,0,46,63,82,27,0,13,15,25,6,15,9,17,3,0,5,110,0,0,0,0,54,56,69,1,0,40,0,9,96,5,2862.5,3217.5,3473.75,3175.20909090909,498.605709080438,9,85,11,3,107,9.09090909090909,1.28894704587604,1,108,66,0,0,8,58,1,14,16,6,21,40,26,4,0,1,1,0,2,0,1,0,0,0,0,2,0,0,0,0,0,0,0,0,0,0,0,0,0,6073,NA,27.2727272727273,0,9.09090909090909,9.09090909090909,0,102.511532547412,1818.18181818182,8.83415874715567,56.3813429010764
2015,"MUNICIPIO",4113759,5127,5160,2559,2601,1131,2586,1443,575,1320,706,NA,0.69,NA,NA,61,0,54,1,13,16,20,7,4,0,0,0,60,20,25,28,24.5409836065574,5.49112547811407,1,3,18,30,1,8,20,3,0,37,0,6,53,27,34,57,4,0,0,0,10,49,2,10,49,2,38,38,39,38.0327868852459,2.06532655299151,0,5,0,0,56,19,42,9,52,57,0,4,3,18,2,6,20,0,0,0,4,8,61,0,0,0,0,32,29,20,3,0,37,0,6,53,2,2958,3250,3550,3194.27868852459,519.5728415775,3,43,10,1,60,8.9672131147541,0.657449950306843,0,61,36,0,0,3,33,3,3,15,4,8,16,20,0,0,0,0,0,0,0,0,0,0,0,0,0,0,0,0,0,0,0,0,0,0,0,0,0,0,3975,NA,0,0,0,0,0,0,0,7.02165008777063,46.2121212121212
2015,"MUNICIPIO",4113809,4859,4592,2261,2331,989,2438,1165,515,1224,592,NA,0.71,NA,NA,56,0,44,0,8,16,12,13,7,0,0,0,56,22,26,30.25,26.3928571428571,6.36089922582012,0,3,17,29,0,3,30,2,0,20,0,10,46,24,32,52,4,0,0,0,10,45,0,10,45,0,37,38,39,38.1090909090909,2.05185306737617,0,5,1,3,42,48,8,19,37,43,6,1,5,10,4,3,10,2,3,4,1,8,56,0,0,0,0,34,22,33,2,0,20,0,8,44,4,2795,3137.5,3493.75,3125.71428571429,565.720320051773,3,41,7,0,56,9.64285714285714,0.644658371220304,0,55,30,0,0,5,25,1,5,11,5,3,18,12,0,0,0,0,0,0,0,0,0,0,0,0,0,0,0,0,0,0,0,0,0,0,0,0,0,0,4858,NA,0,0,0,0,0,0,0,6.17410989915621,45.7516339869281
2015,"MUNICIPIO",4113908,13567,12973,6699,6274,2885,7035,3053,1425,3284,1565,NA,0.708,NA,NA,164,0,145,1,23,40,39,47,12,2,0,0,163,22,26.5,31,26.4878048780488,6.03414395845733,0,17,36,85,8,18,153,0,0,11,0,54,110,73,91,155,9,1,2,3,13,137,2,19,137,2,38,39,40,38.4620253164557,2.82084162340305,0,38,8,6,104,91,73,61,103,149,5,3,26,36,18,15,32,2,2,9,3,14,164,0,0,0,0,74,90,153,0,0,11,0,18,141,5,2925,3274,3562.5,3170.13414634146,653.267986089139,9,122,16,7,157,9.41463414634146,1.43959111025195,3,161,102,0,0,6,96,1,25,27,17,26,47,55,2,0,5,5,0,0,0,5,0,0,0,0,5,0,0,0,0,0,0,0,0,0,0,0,0,0,9866,2099,30.4878048780488,0,30.4878048780488,30.4878048780488,0,152.253349573691,3048.78048780488,7.51824279501732,49.9390986601705
2015,"MUNICIPIO",4114005,13943,13961,6947,7014,3165,7467,3329,1559,3751,1704,NA,0.719,NA,NA,181,0,174,2,42,44,47,28,13,4,1,0,179,20,25,30,25.3038674033149,6.97626423939604,0,1,47,97,13,23,148,0,0,33,0,34,147,84,97,177,4,0,3,0,14,158,5,17,158,5,38,39,40,38.4833333333333,2.46874314934344,0,23,2,5,150,180,1,71,110,156,22,2,34,32,28,12,31,7,15,4,2,14,178,1,0,2,0,84,97,148,0,0,33,0,14,161,6,2920,3220,3460,3145.16022099447,630.531206178089,13,148,15,5,176,9.353591160221,1.03110018304575,2,178,109,0,0,12,97,1,13,40,5,38,63,46,7,0,6,4,2,2,0,5,0,0,1,0,8,0,0,0,1,0,1,1,1,0,0,0,0,0,12156,7752,44.1988950276243,11.0497237569061,22.0994475138122,33.1491712707182,26.6595574513463,213.27645961077,4419.88950276243,7.81754285304454,48.2537989869368
2015,"MUNICIPIO",4114104,21672,19781,9853,9928,4362,11037,4382,2146,5484,2298,NA,0.718,NA,NA,305,0,293,3,59,73,77,58,29,4,0,2,300,20,26,30,25.9409836065574,6.72166022159695,1,9,81,174,12,27,164,15,1,124,0,62,243,122,183,297,8,0,2,4,29,268,2,35,268,2,38,39,39,38.1475409836066,2.16001390082767,1,41,15,27,220,298,7,107,198,293,11,0,54,44,54,17,85,5,6,8,0,31,303,2,0,0,0,151,154,164,15,1,124,0,31,260,14,2850,3225,3510,3159.46229508197,571.915404285624,16,254,27,3,302,9.43934426229508,0.849008455827914,3,302,138,0,0,14,124,0,39,35,12,38,75,63,8,0,2,0,2,0,0,2,0,0,0,0,2,0,0,0,0,0,0,0,0,0,0,0,0,0,21668,6353,6.55737704918033,6.55737704918033,0,6.55737704918033,0,36.4697301239971,655.737704918033,6.36766334440753,55.6163384390955
2015,"MUNICIPIO",4114203,34289,32658,16035,16623,6655,17694,8309,3251,8976,4396,NA,0.751,NA,NA,504,0,476,5,78,129,116,120,45,10,1,0,499,21,27,31,26.4126984126984,6.49577913577982,1,12,106,265,26,93,327,49,0,128,0,124,380,220,284,490,13,0,0,5,41,445,8,46,445,8,38,39,39,38.4048096192385,1.73102359445674,2,93,14,24,369,269,235,105,399,479,20,4,86,100,57,27,160,8,10,10,4,35,501,2,1,0,0,260,244,327,49,0,128,0,51,432,21,2870,3152.5,3480,3139.52182539683,519.333847968689,37,403,41,5,498,9.59840954274354,0.821618662375033,3,501,264,0,0,28,236,7,39,92,41,57,136,128,8,0,3,2,1,2,0,2,0,0,1,0,5,0,0,0,0,0,0,0,0,0,0,0,0,0,34282,25403,9.92063492063492,1.98412698412698,3.96825396825397,5.95238095238095,0,55.7040998217469,992.063492063492,7.69926215404357,56.1497326203209
2015,"MUNICIPIO",4114302,24905,22220,11315,10905,5898,11744,4578,2903,5789,2213,NA,0.655,NA,NA,359,0,323,11,83,109,77,45,24,10,0,0,348,19,24,29,24.5097493036212,6.58415990607909,1,20,137,162,11,25,327,3,0,16,0,236,122,141,218,349,9,0,2,5,27,317,3,34,317,3,38,39,39,38.5254237288136,1.95579417111702,1,74,11,14,250,349,10,196,162,340,13,0,61,55,77,18,97,7,4,9,0,23,359,0,0,0,0,168,191,328,3,0,16,0,26,315,18,2845,3180,3465,3169.59610027855,496.880678870721,24,291,31,2,356,9.49441340782123,0.716920012836663,1,355,158,0,0,31,127,10,31,42,16,28,96,62,12,0,1,0,1,0,0,1,0,0,0,0,1,0,0,0,0,0,0,0,0,0,0,0,0,0,14498,638,2.78551532033426,2.78551532033426,0,2.78551532033426,0,17.2741406115046,278.551532033426,6.34410760891387,62.0141647953014
2015,"MUNICIPIO",4114351,2954,3127,1680,1447,812,1607,708,354,748,345,NA,0.645,NA,NA,38,0,35,1,8,7,13,6,2,1,0,0,37,20,26,29,25.2631578947368,6.87606192496963,1,3,7,22,2,3,28,1,0,9,0,8,29,19,19,38,0,0,0,0,3,34,1,3,34,1,38,39,40,38.8421052631579,1.58585497086594,0,5,1,2,30,37,1,18,20,32,4,1,8,7,8,4,2,1,3,0,1,3,37,0,1,0,0,20,18,28,1,0,9,0,2,35,1,2911.25,3162.5,3310,3118.02631578947,400.670956652686,3,34,1,0,37,9.48648648648649,0.606521119061709,0,38,17,0,0,3,14,1,1,5,4,3,9,8,2,0,0,0,0,0,0,0,0,0,0,0,0,0,0,0,0,0,0,0,0,0,0,0,0,0,905,NA,0,0,0,0,0,0,0,5.75490859851049,50.8021390374332
2015,"MUNICIPIO",4114401,17334,17048,8439,8609,4679,9166,3203,2325,4667,1617,NA,0.688,NA,NA,311,0,300,6,80,82,59,59,20,4,0,1,304,19,24,30,24.7073954983923,6.68082788726109,2,25,113,126,13,32,186,2,0,98,25,35,276,136,175,305,6,0,2,3,26,271,9,31,271,9,38,39,40,38.604501607717,2.33373140074085,1,70,13,17,208,70,241,112,199,303,7,1,73,37,75,20,67,5,0,6,1,27,309,1,1,0,0,172,139,186,2,0,98,25,29,268,14,2857.5,3125,3447.5,3130.56270096463,538.581849074661,31,241,31,6,305,9.03858520900322,0.935909041437808,4,306,97,0,0,12,85,3,15,25,11,31,61,36,2,0,3,2,1,3,0,2,0,0,1,0,6,0,0,0,0,0,0,0,0,0,0,0,0,0,11482,5148,19.2926045016077,3.21543408360129,6.43086816720257,9.64630225080386,0,128.562245553889,1929.26045016077,5.59593861774547,66.6380972787658
2015,"MUNICIPIO",4114500,13660,13169,6527,6642,3400,6894,2875,1701,3475,1466,NA,0.716,NA,NA,230,0,183,7,46,50,54,47,20,6,0,0,223,20,26,31,25.704347826087,7.04690946294369,8,44,65,75,10,25,127,4,0,22,64,92,128,86,144,222,8,0,1,0,14,198,3,15,198,3,38,39,40,38.7592592592593,1.60157114934851,2,59,14,15,138,81,149,61,169,213,6,5,32,34,48,7,63,3,2,8,5,11,228,0,2,0,0,117,113,127,4,0,22,64,16,202,12,2955,3250,3500,3199.79130434783,516.44605979245,12,180,18,1,228,9.22707423580786,0.81701247531219,1,229,95,0,0,14,81,1,14,26,12,28,49,46,7,0,1,1,0,4,0,1,0,0,0,0,5,0,0,0,0,0,0,0,0,0,0,0,0,0,8517,NA,21.7391304347826,0,4.34782608695652,4.34782608695652,0,143.884892086331,2173.91304347826,6.95461200585652,66.1870503597122
2015,"MUNICIPIO",4114609,50808,46819,22833,23986,9513,26354,10952,4730,13373,5883,NA,0.774,NA,NA,660,0,621,1,75,153,176,160,73,22,0,0,659,23,27,32,27.4469696969697,6.35699988642321,0,19,125,319,39,152,514,15,3,125,0,81,577,283,377,646,14,0,4,6,66,555,26,76,555,26,38,39,39,38.4170471841705,2.28453478730717,2,87,27,26,515,287,373,188,472,640,16,4,83,158,87,55,178,7,9,12,4,64,657,3,0,0,0,347,313,514,15,3,125,0,46,577,37,2985,3312.5,3575,3247.19393939394,564.51807528444,34,516,83,6,654,9.26363636363636,0.881548569114343,7,653,345,0,0,38,307,11,68,112,31,85,204,141,18,0,10,8,2,4,0,10,0,0,0,0,15,0,0,0,1,0,1,1,0,0,1,0,0,0,50808,7356,21.2121212121212,3.03030303030303,12.1212121212121,15.1515151515152,7.47775368279369,112.166305241905,2272.72727272727,6.79026924893718,49.3531743064383
2015,"MUNICIPIO",4114708,5982,5956,2993,2963,1207,3196,1553,605,1573,785,NA,0.703,NA,NA,74,0,74,0,18,27,17,10,1,1,0,0,74,20,23,26.75,23.5810810810811,5.22639967949009,0,5,20,45,2,2,34,1,0,39,0,52,22,27,47,74,0,0,0,1,6,65,2,7,65,2,38,38.5,39,38.3108108108108,1.99949086448071,0,10,3,3,58,74,0,24,50,74,0,0,6,18,7,14,22,0,0,0,0,7,74,0,0,0,0,38,36,34,1,0,39,0,4,65,5,2877.5,3147.5,3433.75,3193.86486486487,499.531570281114,2,62,10,1,73,9.22972972972973,0.609228060797383,0,74,54,0,0,7,47,3,7,15,4,18,32,22,2,0,0,0,0,0,0,0,0,0,0,0,0,0,0,0,0,0,0,0,0,0,0,0,0,0,5556,NA,0,0,0,0,0,0,0,9.02708124373119,47.0438652256834
2015,"MUNICIPIO",4114807,34388,31959,15795,16164,6622,17549,7788,3181,8897,4086,NA,0.735,NA,NA,498,0,475,0,58,96,155,125,55,6,3,0,498,23,27,31.75,27.3574297188755,6.06377532957527,0,9,106,265,22,96,322,27,4,145,0,111,387,193,305,480,18,0,3,7,51,432,4,61,432,4,38,39,39,38.1509054325956,2.21326740498258,3,37,36,29,393,497,1,139,358,485,12,0,70,93,62,43,155,3,7,18,0,45,497,0,1,0,0,262,236,322,27,4,145,0,53,423,22,2875,3180,3485,3145.81124497992,562.731081543276,28,402,47,8,489,9.54929577464789,1.04441897483829,6,492,242,0,0,31,211,6,40,61,26,78,147,95,6,0,8,6,2,2,0,7,0,0,1,0,10,0,0,0,1,0,1,1,0,0,0,1,0,0,27752,18528,20.0803212851406,4.01606425702811,12.0481927710843,16.0642570281124,11.2397437338429,112.397437338429,2008.03212851406,7.03733860649064,55.9739237945375
2015,"MUNICIPIO",4114906,9078,8863,4500,4363,2051,4745,2067,985,2353,1025,NA,0.691,NA,NA,137,0,134,3,29,34,38,22,9,2,0,0,134,20,25,29,25.2554744525547,6.37207741206103,0,11,64,52,0,9,93,4,0,40,0,81,56,47,90,135,2,0,0,2,14,118,3,16,118,3,37,38,39,38.1386861313869,1.80759216570742,1,27,0,2,107,137,0,35,102,137,0,0,8,35,10,19,49,0,0,2,0,14,137,0,0,0,0,58,79,93,4,0,40,0,13,120,4,2845,3110,3350,3099.21167883212,479.864708731671,7,117,11,0,137,9.83211678832117,0.394248038260132,1,136,85,0,0,14,71,1,13,29,12,16,54,31,2,0,0,0,0,0,0,0,0,0,0,0,0,0,0,0,0,0,0,0,0,0,0,0,0,0,7809,1618,0,0,0,0,0,0,0,9.36329588014981,58.2235444113897
2015,"MUNICIPIO",4115002,7134,6858,3533,3325,1573,3630,1655,733,1771,821,NA,0.681,NA,NA,99,0,90,1,14,31,24,13,12,4,0,0,98,20.5,25,30,26.2121212121212,6.82473401929609,3,6,26,50,2,12,65,3,0,30,0,11,88,33,66,97,1,0,0,0,13,82,3,13,82,3,38,39,39,38.4591836734694,1.9004522920531,0,15,4,3,76,22,77,9,89,94,2,0,22,4,16,2,39,0,1,1,0,10,99,0,0,0,0,50,49,65,3,0,30,0,5,90,4,2980,3280,3590,3239.9494949495,466.775464391505,6,77,11,0,99,9.55555555555556,0.609821355945986,0,99,50,0,0,8,42,0,12,17,3,10,31,19,2,0,0,0,0,0,0,0,0,0,0,0,0,0,0,0,0,0,0,0,0,0,0,0,0,0,6331,NA,0,0,0,0,0,0,0,7.00869077656294,55.9006211180124
2015,"MUNICIPIO",4115101,10541,10224,5113,5111,2561,5391,2272,1262,2661,1188,NA,0.639,NA,NA,183,0,176,4,46,48,40,28,13,2,2,0,179,19,24,29,24.792349726776,6.86130625823734,1,17,64,78,4,19,84,4,2,91,0,90,92,76,107,182,1,0,0,2,10,168,2,12,168,2,38,39,40,38.6043956043956,1.70393837514122,0,40,8,11,123,182,1,76,107,177,6,0,16,52,23,31,43,2,3,1,0,11,180,1,0,2,0,88,95,84,4,2,91,0,14,160,9,2985.5,3250,3500,3224.74316939891,520.861769691502,11,153,16,3,180,9.2896174863388,0.850501704632423,1,182,99,0,0,11,88,5,14,32,16,21,58,41,6,0,1,1,0,2,0,1,0,0,0,0,3,1,0,0,0,0,1,1,0,0,1,0,0,0,10535,4790,16.3934426229508,0,5.46448087431694,5.46448087431694,37.5798571965427,112.739571589628,1639.34426229508,9.39189830186889,68.7711386696731
2015,"MUNICIPIO",4115200,397437,357077,171724,185353,66536,206473,84068,32522,106439,46392,NA,0.808,NA,NA,5087,0,4843,12,456,985,1408,1360,723,135,6,2,5073,24,28,33,28.2903479457441,6.21713784672166,3,58,684,2475,328,1534,3589,172,74,1244,2,940,4128,2226,2861,4930,156,2,29,50,528,4402,58,609,4402,58,38,39,39,38.2106924442691,2.09760737103375,16,466,222,289,4080,155,4932,1218,3868,4881,190,7,733,1115,474,357,1603,78,81,153,7,462,5062,11,13,1,0,2565,2520,3589,172,74,1244,2,479,4367,241,2890,3205,3500,3156.86062512286,561.508508036668,239,4202,446,24,5062,9.52084152575698,0.752484027770103,43,5043,2082,0,0,203,1879,64,463,590,221,541,1137,944,89,0,38,30,8,11,0,31,0,3,4,0,32,0,0,0,2,1,2,2,0,1,0,1,0,0,397358,397437,9.63239630430509,1.57263613131512,5.89738549243169,7.47002162374681,1.87901051306382,30.0641682090211,629.054452526047,5.23856611236498,47.7926323997783
2015,"MUNICIPIO",4115309,6585,6268,3116,3152,1378,3302,1588,682,1655,815,NA,0.698,NA,NA,90,0,86,1,16,19,22,19,12,1,0,0,89,22,26,32,26.6888888888889,6.56453605238186,0,5,31,40,3,11,46,0,0,43,1,15,75,31,59,86,4,0,0,0,9,77,4,9,77,4,38,39,40,38.7111111111111,1.77526351545717,0,12,3,4,71,89,1,33,57,86,4,0,6,22,4,12,32,1,2,4,0,7,89,0,0,1,0,47,43,46,0,0,43,1,7,81,2,2955,3237.5,3531.25,3216.05555555556,459.068117172979,7,74,5,0,90,9.54444444444444,0.656191105198648,1,89,41,0,0,0,41,0,13,11,6,11,21,20,1,0,0,0,0,1,0,0,0,0,0,0,1,0,0,0,0,0,0,0,0,0,0,0,0,0,5070,NA,11.1111111111111,0,0,0,0,60.4229607250755,1111.11111111111,6.22627182991648,54.380664652568
2015,"MUNICIPIO",4115358,5793,5684,2840,2844,1085,3016,1583,537,1482,825,NA,0.758,NA,NA,70,0,49,1,12,16,18,12,11,0,0,0,69,20,25,32,25.8857142857143,6.7082965226669,0,3,18,37,3,8,55,2,0,10,0,14,56,35,35,66,4,0,0,3,7,55,2,10,55,2,38,39,39,38.2089552238806,2.59683556516584,2,4,1,2,50,52,18,19,51,64,3,2,10,13,6,4,18,1,2,3,2,8,70,0,0,0,0,29,41,55,2,0,10,0,7,57,6,3073.75,3362.5,3650,3299.21428571429,570.94355904857,2,45,16,1,69,9.41428571428571,0.751671704913038,0,69,37,0,0,2,35,0,10,13,5,7,21,16,0,0,0,0,0,1,0,0,0,0,0,0,1,0,0,0,0,0,0,0,0,0,0,0,0,0,4506,NA,14.2857142857143,0,0,0,0,67.476383265857,1428.57142857143,6.38701881581219,47.2334682860999
2015,"MUNICIPIO",4115408,14470,13900,6909,6991,3311,7257,3332,1678,3627,1686,NA,0.722,NA,NA,212,0,203,2,36,54,69,29,20,2,0,0,210,21,26,29,25.811320754717,5.99938892235305,1,11,63,89,13,35,181,2,0,27,0,75,137,78,134,208,4,0,2,1,15,193,1,18,193,1,38,38,39,38.2028301886792,1.88820020361776,0,35,3,7,167,115,97,72,139,200,10,0,36,28,54,22,47,4,5,4,0,10,212,0,0,0,0,105,107,181,2,0,27,0,20,185,7,2820,3125,3480.25,3108.77830188679,524.423983622079,16,179,13,1,211,9.61320754716981,0.689401893628115,3,209,89,0,0,15,74,2,17,26,12,17,53,36,3,0,0,0,0,0,0,0,0,0,0,0,1,1,0,0,0,0,1,1,0,0,0,0,1,0,10481,3748,0,0,0,0,27.5709953129308,27.5709953129308,471.698113207547,6.15065653075328,58.4505100634133
2015,"MUNICIPIO",4115457,4871,4981,2612,2369,1403,2535,1043,656,1229,484,NA,0.614,NA,NA,57,0,57,1,12,16,12,10,3,3,0,0,56,20,24,30,25.4912280701754,7.21635742853282,0,10,15,27,2,3,47,0,0,10,0,4,53,21,36,57,0,0,1,0,1,55,0,2,55,0,39,40,40,39.1228070175439,1.96459897251501,0,2,2,6,47,57,0,36,21,55,1,1,12,8,18,2,14,0,1,0,1,1,55,2,0,0,0,24,33,47,0,0,10,0,4,49,4,2960,3090,3370,3145.61403508772,569.084532836541,4,49,4,0,57,9.42105263157895,0.680004422807377,0,57,25,0,0,0,25,0,6,9,6,4,13,12,2,0,1,0,1,0,0,1,0,0,0,0,1,0,0,0,0,0,0,0,0,0,0,0,0,0,1719,NA,17.5438596491228,17.5438596491228,0,17.5438596491228,0,81.366965012205,1754.38596491228,5.13241634161363,46.3791700569569
2015,"MUNICIPIO",4115507,4755,4603,2288,2315,936,2457,1210,460,1215,640,NA,0.721,NA,NA,60,0,58,1,8,17,12,15,5,1,1,0,59,21.75,27,31,26.6,6.85738498361871,0,3,21,26,2,8,43,0,0,17,0,32,28,19,41,59,0,0,0,2,8,47,2,10,47,2,37,39,39,38.2033898305085,2.31024450875651,1,3,2,2,51,60,0,13,47,59,1,0,9,7,6,6,19,1,0,0,0,10,60,0,0,0,0,32,28,43,0,0,17,0,4,50,6,2900,3185,3438.75,3178.66666666667,585.777671327603,3,49,7,2,58,9.5,1.01680789979462,0,60,42,0,0,3,39,1,8,17,5,8,26,16,3,0,0,0,0,1,0,0,0,0,0,0,1,0,0,0,0,0,0,0,0,0,0,0,0,0,4603,120,16.6666666666667,0,0,0,0,82.3045267489712,1666.66666666667,8.83280757097792,49.3827160493827
2015,"MUNICIPIO",4115606,17340,16078,7968,8110,3836,8787,3455,1878,4438,1794,NA,0.725,NA,NA,254,0,177,5,41,63,68,45,23,9,0,0,249,21,26,31,26.2637795275591,6.83900888840669,0,17,70,117,8,41,186,4,0,64,0,69,185,99,155,251,2,0,0,2,20,224,8,22,224,8,38,39,40,38.6929133858268,1.78492506468464,0,25,5,11,210,96,158,87,167,170,13,0,19,35,22,19,56,5,8,2,0,19,254,0,0,0,0,124,130,186,4,0,64,0,17,221,16,2911.25,3180,3518.75,3222.5,484.934645773981,15,205,32,2,252,9.59842519685039,0.79285188464376,5,244,111,0,0,15,96,2,26,31,11,26,67,44,1,0,2,0,2,1,0,2,0,0,0,0,3,0,0,0,0,0,0,0,0,0,0,0,0,0,14203,7665,11.8110236220472,7.8740157480315,0,7.8740157480315,0,67.598017124831,1181.10236220472,6.40138408304498,57.2329878323569
2015,"MUNICIPIO",4115705,32591,29428,14335,15093,7264,15121,7043,3585,7770,3738,NA,0.743,NA,NA,507,0,192,1,101,142,117,84,42,18,2,0,506,20,25,31,25.7593688362919,6.79726796402482,1,6,48,104,18,45,166,6,0,47,1,247,255,199,308,496,9,0,0,4,30,458,1,34,458,1,39,41,41,39.7606490872211,1.86960964595178,2,46,16,18,135,160,347,235,271,208,6,0,34,48,16,20,57,3,2,9,0,25,502,1,2,2,0,253,254,386,9,0,66,1,40,440,27,2920,3240,3575,3217.91518737673,522.761229500891,50,398,36,3,499,9.66932270916335,0.710777553093981,6,496,228,0,0,30,198,14,34,58,27,65,143,85,15,0,3,3,0,1,0,3,0,0,0,0,3,0,0,0,0,0,0,0,0,0,0,0,0,0,32584,32591,7.88954635108481,0,5.91715976331361,5.91715976331361,0,38.6100386100386,591.715976331361,6.9957963855052,65.2509652509653
2015,"MUNICIPIO",4115739,3668,3818,2029,1789,900,2008,910,432,952,405,NA,0.632,NA,NA,39,0,34,2,10,8,9,3,2,5,0,0,37,19,24,30,25.7692307692308,7.89890578185405,0,2,15,19,0,3,28,1,0,9,0,18,20,19,20,39,0,0,0,0,3,34,1,3,34,1,38,39,39,38.5263157894737,1.33024773358834,0,7,0,3,29,39,0,12,27,38,0,0,7,11,5,6,5,0,0,0,0,3,39,0,0,0,0,20,19,28,1,0,9,0,1,38,0,2830,3260,3387.5,3159.35897435897,407.330622673206,2,35,1,0,38,9.31578947368421,0.808911953846271,0,37,20,0,0,0,20,0,4,9,3,4,10,10,0,0,0,0,0,0,0,0,0,0,0,0,0,0,0,0,0,0,0,0,0,0,0,0,0,0,1654,NA,0,0,0,0,0,0,0,5.4525627044711,40.9663865546218
2015,"MUNICIPIO",4115754,9705,8555,4361,4194,2376,4790,1389,1163,2357,674,NA,0.652,NA,NA,156,0,146,1,43,42,36,23,8,3,0,0,155,19,24,28.25,24.4935897435897,6.24602768720356,0,16,65,58,3,14,98,4,0,53,0,104,52,62,94,150,6,0,3,1,19,133,0,23,133,0,38,38,39,38.0576923076923,2.52277467474869,0,21,5,9,121,156,0,51,105,147,6,0,15,38,12,17,43,1,3,6,0,18,156,0,0,0,0,80,76,98,4,0,53,0,18,133,5,2815,3122.5,3507.5,3068.79487179487,655.540493254316,13,125,12,3,153,9.69871794871795,0.95322794075216,2,154,70,0,0,18,52,1,11,21,6,13,37,33,7,0,3,2,1,1,0,3,0,0,0,0,4,1,0,0,0,0,1,1,0,0,1,0,0,0,9149,NA,25.6410256410256,6.41025641025641,12.8205128205128,19.2307692307692,42.4268137462876,169.707254985151,2564.10256410256,7.21277691911386,66.1858294442087
2015,"MUNICIPIO",4115804,44885,41817,20567,21250,9179,24057,8581,4538,12100,4612,NA,0.763,NA,NA,726,0,202,4,100,175,189,164,74,20,0,0,722,22,27,32,26.9146005509642,6.46739357340527,1,39,196,306,33,146,610,4,0,109,0,293,427,289,437,696,16,0,3,5,32,681,3,40,681,3,38,39,40,38.8729281767956,1.72055725809259,2,94,30,34,561,65,661,193,533,218,7,1,57,6,85,5,28,1,3,16,1,28,724,0,2,0,0,359,366,610,4,0,109,0,57,631,38,2936.25,3245,3530,3206.56887052342,539.307696776184,52,596,58,9,717,9.21212121212121,0.881482554707054,5,700,264,0,0,29,235,10,67,62,37,59,159,105,14,0,8,8,0,2,0,8,0,0,0,0,10,0,0,0,0,0,0,0,0,0,0,0,0,0,44876,13105,13.7741046831956,0,11.0192837465565,11.0192837465565,0,82.6446280991735,1377.41046831956,5.881697671828,60
2015,"MUNICIPIO",4115853,5398,5046,2524,2522,1098,2680,1268,532,1327,663,NA,0.74,NA,NA,63,0,59,0,9,18,13,14,7,1,1,0,63,22,27,31.5,26.8253968253968,6.71911016223486,0,5,13,28,1,15,48,0,0,13,0,7,56,29,34,63,0,0,0,0,4,56,3,4,56,3,38,39,40,38.7619047619048,1.92365818936034,0,7,2,1,52,62,1,21,42,58,4,0,11,14,8,6,15,1,3,0,0,4,62,1,0,0,0,31,32,49,0,0,13,0,3,55,5,3077.5,3360,3605,3345.90476190476,481.569132620736,3,51,7,0,63,9.25396825396825,0.717708134771977,0,63,34,0,0,3,31,0,14,6,2,9,21,13,2,0,0,0,0,1,0,0,0,0,0,0,1,0,0,0,0,0,0,0,0,0,0,0,0,0,4791,NA,15.8730158730159,0,0,0,0,75.3579502637528,1587.30158730159,6.298629121897,47.4755086661643
2015,"MUNICIPIO",4115903,2334,2327,1180,1147,539,1270,518,269,614,264,NA,0.68,NA,NA,28,0,28,1,10,6,6,3,1,1,0,0,27,18,21.5,27.25,23.6071428571429,7.4849938059515,0,2,6,16,1,3,14,1,0,13,0,6,22,13,15,28,0,0,0,0,1,27,0,1,27,0,39,39,40,38.8214285714286,1.61138476055871,0,4,0,0,24,28,0,5,23,26,2,0,8,3,4,3,8,2,0,0,0,0,28,0,0,0,0,11,17,14,1,0,13,0,2,24,2,2960,3235,3577.5,3247.25,559.346419195356,3,22,3,0,28,9.75,0.585314097380708,0,28,14,0,0,0,14,0,0,7,4,3,11,3,0,0,0,0,0,0,0,0,0,0,0,0,0,0,0,0,0,0,0,0,0,0,0,0,0,0,2283,NA,0,0,0,0,0,0,0,5.99828620394173,45.6026058631922
2015,"MUNICIPIO",4116000,1885,1862,923,939,351,937,574,174,464,301,NA,0.748,NA,NA,31,0,30,0,4,4,15,6,2,0,0,0,31,24,27,29.5,26.6774193548387,5.43069729576963,0,0,7,15,3,6,23,1,0,6,0,11,20,12,19,31,0,0,0,0,1,29,1,1,29,1,38,39,39,38.8387096774194,1.31900907738975,0,3,1,0,27,30,1,14,17,30,1,0,5,7,4,3,10,0,1,0,0,1,31,0,0,0,0,11,20,23,1,0,6,0,0,28,3,3105,3380,3590,3375.96774193548,383.384966134647,0,27,4,0,31,9.80645161290323,0.401609664451249,0,31,19,0,0,0,19,1,5,8,2,3,11,8,0,0,0,0,0,0,0,0,0,0,0,0,0,0,0,0,0,0,0,0,0,0,0,0,0,0,1885,NA,0,0,0,0,0,0,0,10.079575596817,66.8103448275862
2015,"MUNICIPIO",4116059,10847,10474,5269,5205,2138,5454,2882,1038,2703,1464,NA,0.711,NA,NA,137,0,103,0,17,36,35,31,16,2,0,0,137,22,27,32,27.1459854014599,6.27148090446582,2,4,39,61,3,27,94,1,0,36,0,19,117,48,89,132,4,0,1,0,8,122,5,9,122,5,38,39,39,38.5220588235294,2.01831213591844,0,31,5,6,94,38,99,28,109,111,6,0,24,11,21,10,35,1,1,4,0,9,137,0,0,0,0,72,65,94,1,0,36,0,6,124,7,2990,3290,3575,3263.39416058394,506.370422970939,6,107,17,0,137,9.68613138686131,0.57843379835652,2,134,106,0,0,19,87,1,21,35,6,24,55,51,1,0,2,1,1,2,0,2,0,0,0,0,1,0,0,0,0,0,0,0,0,0,0,0,0,0,6416,NA,29.1970802919708,7.2992700729927,7.2992700729927,14.5985401459854,0,36.9959304476508,729.92700729927,9.77228726836913,50.6844247132815
2015,"MUNICIPIO",4116109,12709,12606,6315,6291,2781,6396,3429,1354,3199,1738,NA,0.675,NA,NA,177,0,174,2,37,52,43,23,17,2,1,0,175,20,24,29,25.1694915254237,6.60789612639737,0,9,55,86,14,13,79,6,0,91,0,100,77,62,115,177,0,0,0,1,18,155,3,19,155,3,38,39,39,38.5367231638418,1.75488166435257,0,35,1,7,133,177,0,59,118,158,19,0,22,33,34,14,38,5,14,0,0,17,177,0,0,0,0,88,89,79,6,0,91,0,11,159,7,2920,3190,3490,3202.29943502825,459.732686225126,11,146,19,2,175,9.67231638418079,0.734670420396135,0,177,109,0,0,9,100,2,15,44,8,31,58,51,3,0,2,2,0,0,0,1,0,0,1,0,0,0,0,0,0,0,0,0,0,0,0,0,0,0,11538,NA,11.2994350282486,0,11.2994350282486,11.2994350282486,0,0,0,8.57659926036667,55.3297905595499
2015,"MUNICIPIO",4116208,16435,15718,7950,7768,3962,8028,3728,1993,3895,1880,NA,0.686,NA,NA,226,0,194,2,44,57,64,35,17,7,0,0,224,21,25.5,30,25.7345132743363,6.63595284842272,1,12,85,112,3,12,148,6,0,70,0,137,87,76,150,216,10,0,0,1,18,194,9,19,194,9,38,39,40,38.6981981981982,1.86025259716137,1,57,13,8,136,215,11,121,105,215,9,1,21,42,33,38,54,2,7,10,1,13,226,0,0,0,0,109,117,148,6,0,70,0,14,199,13,2942.5,3255,3583.75,3246.67699115044,493.090162683161,8,173,27,3,223,9.67256637168142,0.965562384208003,4,221,105,0,0,13,92,1,13,36,9,33,69,36,3,0,0,0,0,1,0,0,0,0,0,0,1,0,0,0,0,0,0,0,0,0,0,0,0,0,13943,8057,4.42477876106195,0,0,0,0,25.6739409499358,442.477876106195,6.38880438089443,58.0231065468549
2015,"MUNICIPIO",4116307,3909,3672,1836,1836,749,1920,1003,379,949,508,NA,0.726,NA,NA,51,0,50,1,9,24,10,7,0,0,0,0,50,20,22,26.5,23.2745098039216,4.64791751808291,0,1,15,26,1,8,35,0,0,16,0,6,44,30,21,51,0,0,0,0,1,50,0,1,50,0,39,39,40,39.3333333333333,1.19443152447793,0,7,0,1,43,51,0,23,28,49,2,0,16,13,5,5,10,1,1,0,0,0,51,0,0,0,0,24,27,35,0,0,16,0,1,47,3,3021,3340,3627.5,3345.27450980392,438.750456566435,3,44,4,1,50,9.47058823529412,1.0267023166716,0,51,26,0,0,3,23,1,7,7,3,5,18,8,1,0,1,1,0,0,0,0,0,0,1,0,1,0,0,0,0,0,0,0,0,0,0,0,0,0,3540,NA,19.6078431372549,0,19.6078431372549,19.6078431372549,0,105.374077976818,1960.78431372549,6.65131747249936,53.740779768177
2015,"MUNICIPIO",4116406,4064,3836,1952,1884,796,2118,922,383,1026,475,NA,0.709,NA,NA,59,0,58,1,6,27,15,7,3,0,0,0,58,21,23,28.5,24.6271186440678,5.16252512754925,0,2,10,45,0,2,37,1,0,21,0,7,52,23,36,59,0,0,0,0,3,55,0,3,55,0,38,39,40,38.6724137931034,1.36867115774828,0,8,0,0,50,59,0,21,38,58,1,0,6,13,8,2,25,1,0,0,0,3,59,0,0,0,0,35,24,37,1,0,21,0,4,51,4,2955,3250,3572.5,3251.18644067797,471.023590981652,4,47,7,0,59,9.03389830508475,0.413817454962403,0,59,27,0,0,3,24,1,4,5,4,10,16,11,1,0,0,0,0,0,0,0,0,0,0,0,0,0,0,0,0,1,0,0,0,0,0,0,0,0,3610,NA,0,0,0,0,0,0,0,6.64370078740157,57.504873294347
2015,"MUNICIPIO",4116505,1518,1431,718,713,328,813,290,178,388,147,NA,0.717,NA,NA,30,0,29,0,8,8,6,2,5,1,0,0,30,19.25,22,30.5,24.9666666666667,7.33194866760316,0,0,11,17,1,1,19,0,0,11,0,6,24,12,18,30,0,0,0,0,2,28,0,2,28,0,38,39,39,38.5,1.52564288314682,0,2,2,3,22,30,0,5,25,29,1,0,7,3,5,4,8,1,0,0,0,2,30,0,0,0,0,18,12,19,0,0,11,0,1,28,1,2912.5,3135,3486.25,3186.83333333333,400.4576763838,1,28,1,0,30,9.8,0.484234198111502,0,30,9,0,0,0,9,0,2,4,1,2,3,6,0,0,0,0,0,0,0,0,0,0,0,0,0,0,0,0,0,0,0,0,0,0,0,0,0,0,1320,NA,0,0,0,0,0,0,0,5.92885375494071,77.319587628866
2015,"MUNICIPIO",4116604,3553,3478,1769,1709,812,1868,798,402,912,395,NA,0.698,NA,NA,49,0,46,0,6,20,9,7,5,1,1,0,49,21,23,31,25.8979591836735,6.87460574008667,1,1,10,29,2,6,30,1,1,16,1,8,41,20,29,49,0,0,0,1,7,38,3,8,38,3,37,38,39,38.0612244897959,2.10562899614053,0,2,1,2,42,49,0,10,39,43,3,3,8,8,6,1,14,2,1,0,3,6,49,0,0,0,0,25,24,30,1,1,16,1,6,40,3,2715,3310,3615,3190.20408163265,589.78187986435,8,33,7,1,48,9.69387755102041,0.795929269068894,0,49,24,0,0,1,23,1,4,11,3,4,16,8,1,0,0,0,0,0,0,0,0,0,0,0,0,0,0,0,0,0,0,0,0,0,0,0,0,0,3088,NA,0,0,0,0,0,0,0,6.75485505206867,53.7280701754386
2015,"MUNICIPIO",4116703,11537,11866,5828,6038,2420,6353,3093,1210,3216,1612,NA,0.733,NA,NA,137,0,131,3,24,32,31,29,11,7,0,0,134,21,26,32,26.2262773722628,6.93880043532904,0,2,31,78,7,19,97,5,0,35,0,26,109,65,72,135,2,0,0,2,15,115,4,17,115,4,37,38,39,37.9705882352941,1.77196762979625,1,15,3,8,109,68,69,15,122,133,4,0,32,22,10,11,39,0,3,2,0,17,137,0,0,0,0,68,69,97,5,0,35,0,14,121,2,2850,3140,3425,3099.85401459854,518.050624089764,11,111,12,1,136,9.37956204379562,0.82365207943676,1,136,92,0,0,6,86,0,18,39,8,21,51,41,2,0,0,0,0,0,0,0,0,0,0,0,0,0,0,0,0,0,0,0,0,0,0,0,0,0,10721,5661,0,0,0,0,0,0,0,7.9743434168328,42.5995024875622
2015,"MUNICIPIO",4116802,6650,7425,3757,3668,1803,3830,1792,882,1927,859,NA,0.658,NA,NA,97,0,92,1,25,27,23,11,7,3,0,0,96,19,24,29,24.7113402061856,7.03556258542775,2,2,27,55,1,10,73,1,0,23,0,19,78,42,55,93,4,0,0,0,7,89,1,7,89,1,38,39,39,38.4845360824742,1.46567249966992,0,3,0,2,92,33,64,11,86,95,2,0,30,7,19,2,28,0,0,4,0,7,96,0,1,0,0,52,45,73,1,0,23,0,9,86,2,2855,3130,3380,3106.57731958763,427.72983186069,10,79,4,0,96,9.59375,0.534654339885028,0,97,55,0,0,5,50,3,11,16,2,18,32,23,5,0,0,0,0,0,0,0,0,0,0,0,0,0,0,0,0,0,0,0,0,0,0,0,0,0,5094,NA,0,0,0,0,0,0,0,8.27067669172932,50.3373118837571
2015,"MUNICIPIO",4116901,27886,26615,13019,13596,5651,14378,6586,2783,7233,3580,NA,0.722,NA,NA,359,0,351,1,60,98,95,71,31,3,0,0,358,21,26,30,25.8300835654596,6.10765503225234,0,9,84,192,8,66,247,5,2,104,0,139,219,160,199,352,7,0,1,6,37,311,4,44,311,4,38,38,39,38.0863509749304,2.01552848731454,3,64,11,16,264,170,189,40,319,346,13,0,42,97,19,48,101,8,3,7,0,34,358,1,0,0,0,191,168,247,5,2,104,0,32,317,10,2860,3150,3400,3100.31197771588,543.046493936573,20,304,28,1,358,9.62116991643454,0.626418186829513,4,355,206,0,0,23,183,10,35,57,29,52,144,62,7,0,3,1,2,0,0,3,0,0,0,0,3,0,0,0,0,0,0,0,0,0,0,0,0,0,26903,16673,8.35654596100279,5.57103064066852,2.78551532033426,8.35654596100279,0,41.4765657403567,835.654596100279,7.38721939324392,49.6336236692935
2015,"MUNICIPIO",4116950,5206,5098,2657,2441,1233,2644,1221,567,1275,599,NA,0.714,NA,NA,59,0,39,0,7,24,15,9,3,1,0,0,59,21,24,28,25.271186440678,5.60427948697144,0,1,19,29,2,6,42,1,0,14,0,10,47,17,42,57,2,0,0,3,9,45,2,12,45,2,37,38,39,37.5254237288136,2.67398664146581,0,9,2,4,39,28,31,4,55,53,3,1,4,7,2,6,24,0,3,2,1,8,59,0,0,0,0,32,27,42,1,0,14,0,5,50,4,2970,3294,3485,3241.37288135593,492.587884625156,2,40,14,0,59,9.33898305084746,0.685066558345206,2,50,45,0,0,4,41,0,15,14,4,8,28,17,0,0,0,0,0,0,0,0,0,0,0,0,0,0,0,0,0,0,0,0,0,0,0,0,0,0,2404,NA,0,0,0,0,0,0,0,8.64387245485978,46.2745098039216
2015,"MUNICIPIO",4117008,8359,8147,4034,4113,1861,4237,2049,912,2125,1076,NA,0.688,NA,NA,99,0,91,1,20,24,23,20,8,3,0,0,98,21,25,31,25.8787878787879,6.74199862463242,1,1,21,49,7,20,58,4,0,36,0,12,87,47,52,97,2,0,0,1,8,89,1,9,89,1,38,39,40,38.5858585858586,2.03043225020071,1,14,0,2,80,98,1,27,72,91,5,3,15,24,12,5,26,0,4,2,3,8,98,0,1,0,0,43,56,58,4,0,36,0,6,88,5,3042.5,3250,3502.5,3251.06060606061,478.735724850996,4,80,12,1,97,9.60204081632653,0.742520032266371,1,98,73,0,0,4,69,10,10,21,8,20,46,27,2,0,0,0,0,0,0,0,0,0,0,0,0,0,0,0,0,0,0,0,0,0,0,0,0,0,8000,NA,0,0,0,0,0,0,0,8.73310204569925,46.5882352941176
2015,"MUNICIPIO",4117057,11968,11241,5691,5550,3354,5557,2330,1687,2739,1124,NA,0.642,NA,NA,160,0,153,3,43,42,29,24,16,3,0,0,157,19,23,30.25,24.55625,7.09304458230321,2,16,63,62,5,12,72,0,0,22,66,23,137,60,100,154,6,0,0,1,14,144,1,15,144,1,39,40,40,39.01875,1.94733126524579,0,50,6,11,93,156,4,95,65,153,4,3,29,21,33,23,32,1,2,6,3,10,156,0,2,2,0,79,81,72,0,0,22,66,20,131,9,2920,3199.5,3496.25,3169.76875,560.140775453342,17,122,14,1,159,9.40625,0.703064943277226,0,160,66,0,0,13,53,2,15,20,7,9,45,21,5,0,0,0,0,0,0,0,0,0,0,0,0,0,0,0,0,0,0,0,0,0,0,0,0,0,2319,1734,0,0,0,0,0,0,0,5.51470588235294,58.4154801022271
2015,"MUNICIPIO",4117107,13470,13067,6425,6642,2973,7136,2958,1459,3644,1539,NA,0.758,NA,NA,190,0,166,3,37,45,44,37,16,8,0,0,187,20.25,25,31,26.1052631578947,6.93426990653888,0,1,48,107,5,29,65,9,1,114,0,46,143,80,110,188,2,0,1,1,18,158,5,20,158,5,38,39,40,38.3879781420765,2.15275641337885,0,19,5,3,159,61,129,20,170,180,3,0,33,33,19,15,54,2,1,2,0,18,189,1,0,0,0,94,96,65,9,1,114,0,19,163,8,2900,3150,3453.75,3140.55263157895,556.602586244622,11,151,16,5,185,9.68421052631579,0.994834892522711,2,188,81,0,0,10,71,2,6,22,13,28,45,36,3,0,2,2,0,0,0,2,0,0,0,0,4,0,0,0,0,0,0,0,0,0,0,0,0,0,13201,7659,10.5263157894737,0,10.5263157894737,10.5263157894737,0,109.769484083425,2105.26315789474,6.01336302895323,52.1405049396268
2015,"MUNICIPIO",4117206,5782,5503,2691,2812,1098,2896,1509,559,1465,788,NA,0.71,NA,NA,72,0,70,3,12,19,14,13,7,4,0,0,69,20.75,25,31,26.0972222222222,7.46854384099413,0,7,22,34,3,6,34,3,0,35,0,33,39,27,45,70,2,0,0,0,6,66,0,6,66,0,38,39,39,38.3472222222222,1.48380669769311,0,11,2,2,57,32,40,11,61,68,4,0,6,20,4,8,25,1,3,2,0,3,72,0,0,0,0,39,33,34,3,0,35,0,7,62,3,2896.25,3067.5,3488.75,3149.88888888889,527.054439167943,5,59,6,1,71,9.45833333333333,1.16204651915319,0,72,58,0,0,2,56,5,6,17,10,18,32,26,3,0,0,0,0,0,0,0,0,0,0,0,0,0,0,0,0,0,0,0,0,0,0,0,0,0,5781,NA,0,0,0,0,0,0,0,10.0311310965064,49.1467576791809
2015,"MUNICIPIO",4117214,4163,3908,1896,2012,898,2011,999,457,1028,527,NA,0.68,NA,NA,49,0,41,3,13,13,9,7,4,0,0,0,46,19,24,29,24.1632653061224,6.87188395679425,0,1,16,23,3,6,28,1,0,19,0,12,37,25,24,49,0,0,1,2,4,38,2,7,38,2,38,39,39.5,38.2127659574468,3.08528182218321,0,8,3,0,36,48,1,16,33,47,1,0,12,9,6,5,8,0,1,0,0,5,48,0,0,1,0,22,27,28,1,0,19,0,4,43,2,2840,3175,3450,3059.81632653061,692.27374984748,3,39,3,2,47,9.53061224489796,1.51522881682832,0,49,31,0,0,3,28,1,5,5,7,10,18,13,0,0,2,1,1,0,0,2,0,0,0,0,2,0,0,0,0,0,0,0,0,0,0,0,0,0,3493,NA,40.8163265306122,20.4081632653061,20.4081632653061,40.8163265306122,0,194.552529182879,4081.63265306122,7.44655296661062,47.6653696498054
2015,"MUNICIPIO",4117222,8092,7626,3791,3835,1555,4013,2058,750,1989,1096,NA,0.731,NA,NA,106,0,94,0,15,31,34,17,8,1,0,0,106,22,26,29,26.0943396226415,5.57635877421782,0,5,20,61,2,17,84,5,1,16,0,8,98,51,55,106,0,0,1,1,8,89,3,10,89,3,38,39,40,38.6176470588235,2.33375623646277,0,15,1,2,82,106,0,24,82,92,11,1,11,25,12,9,23,6,5,0,1,9,106,0,0,0,0,46,60,84,5,1,16,0,8,83,15,3053.75,3327.5,3700,3352.16037735849,571.356750147317,9,74,18,1,105,9.42452830188679,0.661140619111391,1,105,78,0,0,13,65,2,10,31,9,13,51,27,2,0,0,0,0,0,0,0,0,0,0,0,0,0,0,0,0,0,0,0,0,0,0,0,0,0,5820,NA,0,0,0,0,0,0,0,9.63914977755808,53.2931121166415
2015,"MUNICIPIO",4117255,10722,10377,5225,5152,2381,5579,2417,1138,2763,1251,NA,0.716,NA,NA,129,0,112,0,22,24,37,31,10,4,1,0,129,21,28,31,26.937984496124,6.62706564257574,1,8,30,66,7,16,116,0,1,10,0,27,100,48,81,124,5,0,0,1,21,104,2,22,104,2,37,39,39,38.234375,2.0866443505469,0,16,2,7,98,62,67,45,84,123,3,1,19,19,18,7,35,1,2,5,1,19,129,0,0,0,0,65,64,116,0,1,10,0,6,112,11,3050,3370,3680,3327.22480620155,498.176318565872,2,97,24,0,129,9.75193798449612,0.57324470876235,0,129,72,0,0,10,62,4,15,20,9,14,40,32,4,0,1,1,0,1,0,1,0,0,0,0,2,0,0,0,0,0,0,0,0,0,0,0,0,0,8507,NA,15.5038759689922,0,7.75193798449612,7.75193798449612,0,72.3850886717336,1550.38759689922,6.71516508114158,46.6883821932682
2015,"MUNICIPIO",4117271,6792,7398,3814,3584,1788,3688,1922,836,1835,913,NA,0.651,NA,NA,73,0,66,0,20,20,14,9,8,2,0,0,73,19,23,30,24.9178082191781,7.24521571003455,0,3,26,34,1,9,52,3,0,15,0,41,32,32,41,71,2,0,0,0,5,67,1,5,67,1,38,39,39,38.3424657534247,1.51124652450838,1,17,1,4,49,49,24,6,67,66,5,2,13,17,6,6,20,0,3,2,2,4,73,0,0,0,0,31,42,52,3,0,15,0,9,62,2,2770,3120,3400,3109.98630136986,509.275206465868,7,59,4,2,71,9.35616438356164,0.887722789152401,1,72,57,0,0,7,50,0,8,20,6,16,30,27,4,0,0,0,0,0,0,0,0,0,0,0,0,0,0,0,0,0,0,0,0,0,0,0,0,0,3937,NA,0,0,0,0,0,0,0,8.3922261484099,39.7820163487738
2015,"MUNICIPIO",4117297,2907,2827,1485,1342,546,1499,782,251,720,371,NA,0.71,NA,NA,29,0,29,0,3,10,7,5,1,3,0,0,29,21,25,30,26.6551724137931,7.11776380447923,0,2,9,13,0,5,19,2,0,8,0,13,16,12,17,29,0,0,0,1,1,26,1,2,26,1,37,38,39,38.1034482758621,2.14384213814835,0,3,0,1,25,29,0,8,21,29,0,0,1,10,1,3,12,0,0,0,0,2,29,0,0,0,0,18,11,19,2,0,8,0,5,21,3,2910,3140,3695,3188.44827586207,646.562481027102,3,20,6,0,29,9.82758620689655,0.384425872219245,1,28,25,0,0,6,19,0,2,10,4,3,18,7,0,0,0,0,0,0,0,0,0,0,0,0,0,0,0,0,0,0,0,0,0,0,0,0,0,0,2206,NA,0,0,0,0,0,0,0,8.5999312005504,40.2777777777778
2015,"MUNICIPIO",4117305,23418,23380,12078,11302,6247,11986,5147,3065,5871,2366,NA,0.609,NA,NA,301,0,270,8,84,75,69,39,22,4,0,0,293,19,23,28,24.0730897009967,6.59150767441918,4,29,111,137,9,11,214,6,0,60,18,128,170,122,179,294,6,0,0,6,28,253,8,34,253,8,38,39,40,38.5627118644068,2.12739647222346,2,72,13,14,192,205,96,141,159,287,9,0,55,50,72,22,52,3,6,6,0,26,295,4,1,1,0,148,153,214,6,0,60,18,30,262,9,2850,3200,3520,3156.67441860465,559.138611595322,22,236,28,4,297,9.30897009966777,0.821108561094689,3,294,150,0,0,24,126,1,19,57,17,32,92,58,6,0,5,4,1,0,0,4,0,0,0,1,5,0,0,0,0,0,0,0,0,0,0,0,0,0,13249,7384,16.6112956810631,3.32225913621262,13.2890365448505,16.6112956810631,0,85.1643672287515,1661.12956810631,6.40532923392262,51.2689490717084
2015,"MUNICIPIO",4117404,3488,3380,1705,1675,652,1805,923,317,893,465,NA,0.72,NA,NA,38,0,38,0,5,8,12,9,4,0,0,0,38,22.25,27,31.75,26.5526315789474,5.88492057592299,1,1,14,15,1,6,25,2,0,11,0,8,30,12,26,38,0,0,0,0,3,35,0,3,35,0,37,38,39,38.0789473684211,1.28150205254169,0,9,1,3,25,38,0,9,29,36,2,0,2,8,4,7,12,2,0,0,0,3,38,0,0,0,0,21,17,25,2,0,11,0,3,32,3,2922.5,3125,3332.5,3205.55263157895,525.412820827761,2,33,3,0,38,9.63157894736842,0.674679208320075,1,37,25,0,0,1,24,0,2,11,3,8,10,15,1,0,0,0,0,0,0,0,0,0,0,0,0,0,0,0,0,0,0,0,0,0,0,0,0,0,3487,NA,0,0,0,0,0,0,0,7.16743119266055,42.5531914893617
2015,"MUNICIPIO",4117453,5976,5692,2867,2825,1286,3093,1313,630,1537,658,NA,0.709,NA,NA,77,0,69,1,22,20,14,11,5,3,1,0,76,19,23,30,25.1428571428571,7.29584287853505,1,1,15,52,2,6,32,9,1,32,0,8,68,35,42,74,3,0,1,1,10,63,2,12,63,2,38,39,40,38.3116883116883,2.87118048461888,0,21,1,5,50,77,0,27,50,74,3,0,13,13,10,8,16,0,2,3,0,12,77,0,0,0,0,41,36,32,9,1,32,0,11,65,1,2845,3150,3485,3076.90909090909,610.34662674966,5,62,6,0,77,9.50649350649351,0.718613002932451,0,77,36,0,0,4,32,2,3,13,4,10,22,14,1,0,0,0,0,1,0,0,0,0,0,0,1,0,0,0,0,0,0,0,0,0,0,0,0,0,5138,NA,12.987012987013,0,0,0,0,65.0618087182824,1298.7012987013,6.02409638554217,50.0975927130774
2015,"MUNICIPIO",4117503,39291,35936,17822,18114,8168,20606,7162,4005,10348,3761,NA,0.716,NA,NA,600,0,575,5,104,153,153,121,52,12,0,0,595,21,26,31,26.1016666666667,6.38717390868517,0,23,159,350,25,41,334,42,3,221,0,145,455,231,369,588,12,0,5,2,54,530,9,61,530,9,38,39,40,38.455,2.12025174112484,5,129,41,33,386,595,5,176,423,579,18,1,82,112,66,40,224,9,5,12,1,47,594,2,4,0,0,316,284,334,42,3,221,0,45,530,25,2918.75,3228,3550,3191.30333333333,548.963048577402,28,510,47,5,595,9.61166666666667,0.788606612664463,6,594,215,0,0,22,193,8,38,68,17,62,132,83,12,0,3,3,0,0,0,1,1,0,0,0,3,0,0,0,1,0,1,1,0,0,1,0,0,0,39284,26803,5,0,5,5,9.66370313103981,28.9911093931194,500,5.47199104120537,57.9822187862389
2015,"MUNICIPIO",4117602,47674,42888,21183,21705,13088,23166,6634,6462,11716,3527,NA,0.66,NA,NA,821,0,795,15,231,244,155,113,42,20,1,0,806,19,23,28,24.020706455542,6.6320220944511,7,98,356,275,28,57,400,30,5,374,10,140,678,318,503,814,6,0,0,9,63,739,9,72,739,9,38,39,39,38.4085365853659,1.75068109679895,7,233,34,46,492,23,798,272,547,797,22,1,113,162,125,102,222,9,11,6,1,69,816,1,4,0,0,447,374,400,30,5,374,10,80,724,17,2840,3130,3400,3090.22898903776,484.39391215644,80,686,44,9,808,9.17625458996328,0.825912551634649,5,814,257,0,0,28,229,10,48,66,28,77,134,123,16,0,9,7,2,7,0,7,0,0,2,0,16,0,0,0,0,0,0,0,0,0,0,0,0,0,44569,31270,19.4884287454324,2.43605359317905,8.52618757612668,10.9622411693057,0,136.565380675999,1948.84287454324,5.3907790409867,70.0751109593718
2015,"MUNICIPIO",4117701,33753,32123,16046,16077,7828,17697,6598,3846,8787,3444,NA,0.718,NA,NA,485,0,454,3,71,136,126,98,39,9,3,0,482,21,26,31,26.1917525773196,6.36642260599779,0,48,126,221,14,75,458,3,0,20,0,136,349,198,287,473,12,0,1,3,37,437,6,41,437,6,38,39,40,38.6528925619835,1.86927093017019,0,60,15,20,385,238,247,194,291,472,11,0,54,118,74,76,105,3,6,12,0,34,484,0,1,0,0,254,231,458,3,0,20,0,31,425,29,2900,3200,3540,3199.60618556701,538.795208226596,29,386,55,3,478,9.60914760914761,0.775295307339606,2,483,208,0,0,25,183,6,38,56,33,50,116,92,9,0,5,4,1,2,0,5,0,0,0,0,8,0,0,0,0,0,0,0,0,0,0,0,0,0,23551,19896,14.4329896907216,2.06185567010309,8.24742268041237,10.3092783505155,0,91.0435871173324,1649.48453608247,6.16241519272361,55.1951746898828
2015,"MUNICIPIO",4117800,14477,14865,7513,7352,4211,7555,3099,2067,3734,1551,NA,0.639,NA,NA,210,0,203,4,46,48,51,31,21,8,1,0,206,20,25,31,25.8285714285714,7.33472718168861,3,28,84,72,9,14,148,2,2,57,1,64,145,78,132,204,6,0,0,3,6,201,0,9,201,0,38,39,40,38.9238095238095,1.66411743981529,0,41,12,6,151,206,4,108,102,203,4,3,37,36,49,33,38,1,3,4,3,6,202,3,0,5,0,115,95,148,2,2,57,1,13,193,4,2881.25,3155,3467.5,3148.28095238095,493.137646980944,20,175,9,2,208,9.35714285714286,0.886405260427918,1,209,102,0,0,7,95,1,23,37,10,24,59,43,7,0,1,1,0,2,0,1,0,0,0,0,3,0,0,0,0,0,0,0,0,0,0,0,0,0,10117,NA,14.2857142857143,0,4.76190476190476,4.76190476190476,0,80.3427959292983,1428.57142857143,7.04565863093182,56.2399571505088
2015,"MUNICIPIO",4117909,30859,28683,13997,14686,6095,16059,6529,3006,8201,3479,NA,0.768,NA,NA,520,0,489,4,63,144,130,118,49,11,1,0,516,22,27,32,26.9115384615385,6.17314882492742,1,10,114,205,40,147,385,21,1,110,2,116,404,199,321,509,11,0,0,3,43,457,12,46,457,12,38,39,40,38.7456310679612,1.71266606164822,1,64,2,10,442,124,396,146,374,478,16,18,70,87,75,69,125,6,9,11,18,39,518,0,2,0,0,256,264,385,21,1,110,2,28,457,35,3003.75,3240,3550,3259.59807692308,472.266908380836,25,418,59,1,518,9.76300578034682,0.548514510218455,2,518,183,0,0,23,160,5,37,49,27,42,104,79,9,0,1,1,0,2,0,0,1,0,0,0,4,0,0,0,1,1,1,1,0,0,0,0,0,1,30853,19931,5.76923076923077,0,1.92307692307692,1.92307692307692,12.1936349225704,48.7745396902817,769.230769230769,5.93019864545189,63.4069015973662
2015,"MUNICIPIO",4118006,13011,11772,5851,5921,2569,6607,2596,1295,3261,1365,NA,0.746,NA,NA,198,0,193,1,45,43,51,34,22,2,0,0,197,20,25,30,25.7474747474747,6.51175186662203,0,1,46,112,6,33,106,4,0,87,0,20,178,84,114,194,4,0,2,2,11,183,0,15,183,0,38,39,39,38.4141414141414,2.01522177495073,0,7,1,3,187,54,144,85,113,194,4,0,63,13,49,11,42,2,2,4,0,12,198,0,0,0,0,96,102,106,4,0,87,0,18,173,7,2947.5,3282.5,3500,3199.12626262626,535.370348798627,10,169,15,2,196,9.76767676767677,0.658074144963698,0,198,86,0,0,12,74,0,18,28,5,23,46,40,5,0,3,3,0,0,0,3,0,0,0,0,3,0,0,0,0,0,0,0,0,0,0,0,0,0,13008,5620,15.1515151515152,0,15.1515151515152,15.1515151515152,0,91.9963201471941,1515.15151515152,6.60979171470294,60.7175712971481
2015,"MUNICIPIO",4118105,11069,10250,5115,5135,2520,5684,2046,1230,2843,1062,NA,0.717,NA,NA,160,0,153,2,32,48,33,26,15,4,0,0,158,20,24,30,25.26875,6.64624722691369,0,12,50,78,3,16,84,7,0,69,0,34,126,63,97,158,2,0,0,3,14,135,8,17,135,8,38,39,39,38.5125,1.9778251825756,1,22,5,9,122,159,1,47,113,149,11,0,25,25,22,17,46,5,5,2,0,13,159,0,0,1,0,71,89,84,7,0,69,0,12,140,8,2898.75,3170,3465,3153.375,543.676359865619,10,134,12,1,158,9.23899371069182,0.631044136722496,1,159,55,0,0,8,47,1,6,11,8,21,34,21,2,0,2,2,0,0,0,1,0,0,1,0,2,0,0,0,0,0,0,0,0,0,0,0,0,0,11066,5890,12.5,0,12.5,12.5,0,70.3482237073514,1250,4.9688318727979,56.2785789658811
2015,"MUNICIPIO",4118204,150660,140469,69306,71163,37300,77742,25427,18356,39289,13518,NA,0.75,NA,NA,2469,0,2325,25,516,657,582,421,222,45,1,0,2444,20,25,30,25.4584852166869,6.58078444872491,3,117,711,1275,132,228,1581,65,5,808,0,1556,911,995,1474,2418,51,0,20,17,216,2158,46,253,2158,46,38,39,40,38.4965404965405,2.23353736638274,19,583,271,232,1333,203,2266,1179,1289,2359,93,2,234,623,298,344,603,28,54,50,2,210,2452,3,8,6,0,1224,1245,1582,65,5,808,0,167,2147,155,2935,3215,3540,3211.6763872013,546.749524293329,123,1990,276,17,2438,9.69653767820774,0.730888131929631,20,2443,1020,0,0,117,903,66,169,301,119,248,584,435,53,0,14,11,3,6,1,12,0,1,1,0,12,1,0,0,0,0,1,1,0,0,0,1,0,0,145208,108906,8.10044552450385,1.21506682867558,4.45524503847712,5.67031186715269,2.54524167069663,30.5429000483596,486.026731470231,6.77021107128634,62.8420168494999
2015,"MUNICIPIO",4118303,3050,2791,1383,1408,666,1591,534,333,793,282,NA,0.709,NA,NA,44,0,44,1,13,12,12,3,2,1,0,0,43,19,22.5,27,23.7045454545455,6.04086681541704,0,0,15,25,0,4,25,2,0,17,0,10,34,13,31,44,0,0,0,0,4,39,1,4,39,1,38,39,40,38.8181818181818,1.660382798014,0,3,1,3,37,44,0,5,39,41,3,0,9,2,12,2,12,0,3,0,0,4,44,0,0,0,0,24,20,25,2,0,17,0,4,38,2,2932.5,3272.5,3566.25,3231.25,533.386640383442,5,33,6,0,44,9.86363636363636,0.347141757178774,0,44,17,0,0,3,14,0,1,7,4,2,11,6,1,0,0,0,0,0,0,0,0,0,0,0,0,0,0,0,0,0,0,0,0,0,0,0,0,0,NA,NA,0,0,0,0,0,0,0,5.57377049180328,55.4854981084489
2015,"MUNICIPIO",4118402,86773,81590,39282,42308,17327,44359,19904,8534,22923,10851,NA,0.763,NA,NA,1234,0,1204,7,173,280,327,280,138,29,0,0,1227,22,27,32,27.0243111831442,6.44354550866422,1,22,194,707,48,262,898,33,12,290,0,230,1003,492,742,1211,23,0,4,7,110,1109,4,121,1109,4,38,38,39,38.2106969205835,1.71137570777952,5,56,75,116,978,100,1134,156,1078,1189,43,1,289,140,201,92,354,19,19,23,1,95,1231,1,1,1,0,614,620,898,33,12,290,0,101,1091,42,2915,3200,3490,3165.83549432739,509.452938471169,83,1020,107,5,1229,9.74716369529984,0.647607783921144,4,1230,656,0,0,72,584,24,134,203,60,163,350,306,31,0,7,4,3,1,0,6,0,0,1,0,8,0,0,0,1,1,1,1,0,1,0,0,0,0,86756,77757,6.48298217179903,2.43111831442464,3.24149108589951,5.67260940032415,4.3624307464119,34.8994459712952,648.298217179903,7.55995528563032,53.8323954107229
2015,"MUNICIPIO",4118451,5304,4822,2368,2454,1033,2591,1198,518,1307,629,NA,0.747,NA,NA,81,0,74,0,16,14,21,14,12,4,0,0,81,21,27,34,27.1358024691358,7.18636397356089,1,4,13,42,4,15,67,1,1,11,1,9,72,44,37,79,2,0,0,0,1,75,4,1,75,4,38,39,40,38.875,1.47875246771036,0,7,2,0,72,80,1,19,62,78,2,0,15,26,8,9,16,1,1,2,0,1,81,0,0,0,0,33,48,67,1,1,11,1,3,76,2,3035,3270,3520,3277.03703703704,423.957381243812,3,65,8,1,80,9.33333333333333,0.806225774829855,1,80,46,0,0,8,38,1,12,16,2,7,24,22,2,0,1,1,0,0,0,1,0,0,0,0,1,0,0,0,0,0,0,0,0,0,0,0,0,0,5304,NA,12.3456790123457,0,12.3456790123457,12.3456790123457,0,76.5110941086458,1234.56790123457,8.67269984917044,61.9739862280031
2015,"MUNICIPIO",4118501,79011,72370,34984,37386,16184,41156,15030,7983,21250,8153,NA,0.782,NA,NA,1330,0,1273,7,190,311,325,302,157,36,2,0,1323,21.25,27,32,27.0345864661654,6.60975002188515,1,29,237,645,104,314,981,25,7,310,0,269,1055,606,724,1298,32,0,7,11,102,1193,17,120,1193,17,38,39,40,38.4706766917293,1.96649061033222,3,156,10,51,1104,8,1322,510,820,1272,56,1,82,433,70,243,320,26,22,32,1,100,1325,1,4,0,0,665,665,981,25,7,310,0,103,1182,45,2910,3205,3495,3172.42030075188,510.956494028579,80,1098,119,19,1305,9.49244712990937,0.86194618478866,13,1317,455,0,0,68,387,16,105,127,50,89,268,187,17,0,9,5,4,3,0,9,0,0,0,0,12,0,0,0,0,1,0,0,0,0,0,0,0,0,78996,71172,9.02255639097744,3.00751879699248,3.7593984962406,6.76691729323308,0,56.4705882352941,902.255639097744,5.75869182772019,62.5882352941177
2015,"MUNICIPIO",4118600,5773,5434,2802,2632,1259,2905,1270,594,1388,650,NA,0.717,NA,NA,73,0,71,0,13,29,8,14,7,2,0,0,73,20,24,32,25.6438356164384,6.89478438751935,1,7,20,37,0,8,73,0,0,0,0,36,36,34,39,73,0,0,0,2,6,61,3,8,61,3,38,39,40,38.7638888888889,2.27350356638244,0,11,0,3,58,73,0,30,43,68,5,0,10,19,7,7,16,2,3,0,0,8,73,0,0,0,0,33,40,73,0,0,0,0,6,64,3,2950,3265,3565,3238.60273972603,532.785154211287,8,54,10,0,73,9.41095890410959,0.619937641092414,0,73,38,0,0,5,33,2,5,15,5,6,17,21,1,0,0,0,0,0,0,0,0,0,0,0,0,0,0,0,0,0,0,0,0,0,0,0,0,0,3078,NA,0,0,0,0,0,0,0,6.58236618742422,52.5936599423631
2015,"MUNICIPIO",4118709,7291,6913,3633,3280,1541,3686,1686,750,1722,808,NA,0.708,NA,NA,86,0,79,0,16,11,26,21,10,2,0,0,86,22.25,27,32,27.1162790697674,6.43413434856014,0,8,29,41,1,6,80,1,0,5,0,13,73,31,55,86,0,0,0,1,5,74,6,6,74,6,38,39,40,38.953488372093,2.23294570279438,0,30,1,0,55,13,73,22,64,83,3,0,4,24,15,13,22,0,3,0,0,5,86,0,0,0,0,43,43,80,1,0,5,0,4,77,5,3030,3285,3566.25,3290.27906976744,429.366007344147,3,67,10,0,86,9.59302325581395,0.601525648110833,0,86,54,0,0,0,54,0,18,20,6,10,26,28,3,0,0,0,0,0,0,0,0,0,0,0,0,0,0,0,0,0,0,0,0,0,0,0,0,0,2888,NA,0,0,0,0,0,0,0,7.40639144150322,49.9419279907085
2015,"MUNICIPIO",4118808,14144,13624,6731,6893,3070,7276,3278,1459,3670,1764,NA,0.723,NA,NA,167,0,161,1,35,45,37,30,13,6,0,0,166,20,25,31,25.8922155688623,6.87673740598261,0,4,44,88,6,25,119,2,0,45,0,31,136,60,107,165,2,0,3,2,15,143,4,20,143,4,38,39,40,38.3413173652695,2.5806799680448,0,26,5,4,132,167,0,57,110,129,33,4,18,23,25,12,35,9,24,2,4,14,167,0,0,0,0,93,74,119,2,0,45,0,12,147,8,2952.5,3230,3497,3195.98203592814,537.758853030517,10,134,20,1,166,9.22155688622754,0.671280000157857,1,165,105,0,0,9,96,2,27,32,10,25,70,35,4,0,3,2,1,0,0,3,0,0,0,0,3,0,0,0,0,0,0,0,0,0,0,0,0,0,NA,NA,17.9640718562874,5.98802395209581,11.9760479041916,17.9640718562874,0,81.7438692098093,1796.40718562874,7.42364253393665,45.5040871934605
2015,"MUNICIPIO",4118857,5995,5653,2825,2828,1215,3054,1384,592,1526,710,NA,0.713,NA,NA,102,0,98,0,19,26,25,20,6,6,0,0,102,21.25,26,31,26.5882352941176,6.75651931771257,1,5,15,53,8,19,62,3,0,36,0,52,50,44,58,100,2,0,0,0,1,100,1,1,100,1,38,39,40,38.6960784313725,1.17556993286446,0,15,3,3,80,102,0,24,78,98,4,0,10,28,11,16,31,3,0,2,0,1,101,0,0,1,0,47,55,62,3,0,36,0,2,96,4,2940,3162.5,3452.5,3223.82352941176,384.315114409592,0,93,7,0,102,9.26470588235294,0.628158877995575,0,102,38,0,0,4,34,0,8,10,8,8,22,16,1,0,0,0,0,0,0,0,0,0,0,0,0,0,0,0,0,0,0,0,0,0,0,0,0,0,5994,NA,0,0,0,0,0,0,0,6.33861551292744,66.8414154652687
2015,"MUNICIPIO",4118907,10937,10208,5004,5204,1910,5402,2896,953,2752,1499,NA,0.7,NA,NA,150,0,144,0,26,27,44,23,25,5,0,0,150,22,27,33,27.34,6.8872316449749,0,9,40,74,2,24,108,4,0,38,0,82,67,50,100,146,4,0,2,4,13,129,2,19,129,2,38,38,39,37.9533333333333,2.46950981921587,1,15,3,2,128,147,3,29,121,139,10,0,12,29,5,19,61,4,4,4,0,11,149,0,1,0,0,80,70,108,4,0,38,0,16,131,3,2861.25,3140,3471.25,3090.32,553.839912421093,13,121,12,1,149,9.34,0.749317362715635,1,149,107,0,0,8,99,8,19,34,4,34,66,41,7,0,2,1,1,0,0,2,0,0,0,0,2,0,0,0,1,0,1,1,0,0,1,0,0,0,10935,NA,13.3333333333333,6.66666666666667,6.66666666666667,13.3333333333333,36.3372093023256,72.6744186046512,1333.33333333333,9.78330437962878,54.5058139534884
2015,"MUNICIPIO",4119004,6746,6761,3401,3360,1479,3386,1896,727,1681,952,NA,0.726,NA,NA,71,0,66,2,17,18,19,7,6,2,0,0,69,19,24,28.5,24.5633802816901,6.84884222617474,0,5,15,35,5,11,66,2,0,3,0,21,49,35,36,70,1,0,0,0,5,61,3,5,61,3,38,39,40,38.9565217391304,1.72724519367671,1,9,1,4,55,70,1,23,48,68,3,0,20,10,10,3,18,1,2,1,0,4,70,0,1,0,0,42,29,66,2,0,3,0,7,60,4,2972.5,3250,3480,3178.02816901408,569.890063880269,10,54,4,0,71,9.80281690140845,0.496263706103898,2,69,43,0,0,2,41,1,8,19,5,8,26,17,3,0,1,1,0,0,0,1,0,0,0,0,1,0,0,0,0,0,0,0,0,0,0,0,0,0,4064,NA,14.0845070422535,0,14.0845070422535,14.0845070422535,0,59.4883997620464,1408.45070422535,6.37414764304773,42.2367638310529
2015,"MUNICIPIO",4119103,12211,11236,5759,5477,2884,6272,2080,1440,3018,1019,NA,0.694,NA,NA,177,0,159,0,20,48,46,39,14,10,0,0,177,22,27,31,27.2542372881356,6.59870825945309,0,19,47,87,4,19,163,1,0,11,0,108,69,64,113,174,3,0,1,1,13,159,1,15,159,1,38,39,39,38.2285714285714,1.89502849712771,1,26,6,8,129,174,3,77,100,165,7,2,17,34,34,16,48,2,5,3,2,12,177,0,0,0,0,80,97,163,1,0,11,0,13,154,10,2912,3260,3480,3194.66101694915,544.847109815185,10,145,16,2,174,9.59659090909091,0.779589469053899,1,174,64,0,0,4,60,0,26,17,6,11,40,24,3,0,1,1,0,1,0,1,0,0,0,0,2,0,0,0,0,0,0,0,0,0,0,0,0,0,8224,NA,11.2994350282486,0,5.64971751412429,5.64971751412429,0,66.2690523525514,1129.94350282486,5.2411759888625,58.648111332008
2015,"MUNICIPIO",4119152,127045,117008,56809,60199,27931,68187,20890,13919,34868,11412,NA,0.751,NA,NA,2195,0,1831,8,333,566,541,443,231,71,2,0,2187,22,26,31,26.7498861047836,6.58205647181359,4,62,517,1110,127,333,1623,119,15,417,2,1134,1046,896,1299,2150,42,2,15,21,192,1853,71,230,1853,71,38,39,40,38.5264623955432,2.26023929566976,7,439,126,121,1386,1152,1043,1034,1159,2049,86,8,286,450,309,240,511,39,34,42,8,189,2175,15,3,2,0,1116,1079,1623,119,15,417,2,181,1913,101,2895,3200,3502.5,3165.6437357631,541.848226150957,145,1742,190,16,2173,9.50205573321151,0.825009209743217,13,2147,678,0,0,90,588,30,125,175,86,172,366,312,47,0,11,9,2,4,0,9,0,0,1,0,15,0,0,0,0,1,0,0,0,0,0,0,0,0,127033,111101,6.83371298405467,0.911161731207289,4.1002277904328,5.01138952164009,0,43.0193874039234,683.371298405467,5.33669172340509,62.9517035677412
2015,"MUNICIPIO",4119202,6425,6215,3165,3050,1394,3252,1569,693,1586,771,NA,0.697,NA,NA,82,0,78,0,19,15,18,20,8,2,0,0,82,20.25,26,32,26.2439024390244,6.92563849284485,0,2,24,42,3,11,69,2,1,10,0,14,68,37,45,82,0,0,0,1,7,71,1,8,71,1,38,39,40,38.775,2.05601925814751,1,2,1,1,76,9,73,32,50,78,3,0,7,25,18,3,17,1,2,0,0,6,82,0,0,0,0,31,51,69,2,1,10,0,5,72,5,2937.5,3365,3562.5,3236.9512195122,553.814358129238,6,64,10,2,80,9.80487804878049,0.823107997207991,1,81,56,0,0,8,48,4,7,17,9,11,32,24,1,0,1,1,0,0,0,1,0,0,0,0,1,0,0,0,0,0,0,0,0,0,0,0,0,0,5377,232,12.1951219512195,0,12.1951219512195,12.1951219512195,0,63.0517023959647,1219.51219512195,8.715953307393,51.702395964691
2015,"MUNICIPIO",4119251,2740,2625,1369,1256,705,1307,613,316,648,292,NA,0.695,NA,NA,26,0,25,0,5,10,8,2,1,0,0,0,26,20.25,23.5,27,24.1153846153846,5.34660208414221,0,1,10,10,3,2,23,1,1,1,0,6,20,7,19,26,0,0,0,0,2,21,3,2,21,3,38,39,40.75,39.1923076923077,2.15442299967728,0,3,1,0,22,26,0,12,14,26,0,0,5,1,6,1,11,0,0,0,0,2,26,0,0,0,0,12,14,23,1,1,1,0,4,22,0,2765,3090,3473.75,3115.11538461538,479.085739877369,3,21,1,0,26,9.96153846153846,0.196116135138184,0,26,21,0,0,2,19,0,6,7,2,4,12,9,1,0,0,0,0,0,0,0,0,0,0,0,0,0,0,0,1,0,1,1,0,0,0,1,0,0,1205,NA,0,0,0,0,154.320987654321,0,0,7.66423357664234,40.1234567901235
2015,"MUNICIPIO",4119301,31978,30208,15181,15027,9295,15727,5186,4550,7941,2536,NA,0.654,NA,NA,528,0,509,11,144,134,105,76,49,9,0,0,517,19,23,30,24.625,6.87731330754756,6,78,203,186,11,44,329,10,7,182,0,195,333,196,332,518,10,0,1,2,56,442,26,59,442,26,38,39,40,38.5901328273245,2.0261919416987,1,83,16,18,409,176,352,274,254,512,15,1,91,76,132,59,93,7,8,9,1,51,526,1,0,1,0,263,265,329,10,7,182,0,41,472,15,2885,3155,3500,3147.01136363636,487.505729897369,41,424,45,9,519,9.52272727272727,0.905105980697639,5,523,189,0,0,31,158,3,38,58,17,42,104,85,16,0,7,4,3,3,0,6,0,0,1,0,10,0,0,0,0,0,0,0,0,0,0,0,0,0,21063,6987,18.9393939393939,5.68181818181818,7.57575757575758,13.2575757575758,0,125.928724342022,1893.93939393939,5.91031334042154,66.4903664525878
2015,"MUNICIPIO",4119400,24953,23424,11620,11804,6077,12416,4931,3012,6222,2570,NA,0.708,NA,NA,399,0,363,3,102,105,76,69,33,11,0,0,396,19,24,31,25.1503759398496,6.79213583159204,2,33,121,202,9,30,333,9,0,46,0,262,131,158,241,390,7,0,1,0,41,349,6,42,349,6,38,39,40,38.6523929471033,1.80908916385523,0,41,13,17,324,312,87,242,157,393,4,0,74,64,103,43,64,2,1,7,0,35,399,0,0,0,0,194,205,333,9,0,46,0,32,354,13,2875,3170,3482.5,3168.36090225564,483.454799116871,30,328,29,4,395,9.37844611528822,0.798639918911578,2,397,187,0,0,16,171,10,42,43,28,48,99,88,7,0,2,2,0,3,0,2,0,0,0,0,5,0,0,0,0,0,0,0,0,0,0,0,0,0,18901,14538,12.531328320802,0,5.0125313283208,5.0125313283208,0,80.3600128576021,1253.1328320802,7.49408888710776,64.1272902603664
2015,"MUNICIPIO",4119509,104481,93207,48194,45013,25485,54340,13382,12331,25664,7018,NA,0.7,NA,NA,1608,0,1324,10,293,445,412,274,131,42,1,0,1598,21,25,30,25.7655472636816,6.49324052912069,6,78,520,829,63,101,1177,62,15,326,3,869,730,599,1009,1579,26,1,4,25,144,1334,58,174,1334,58,38,39,40,38.4936143039591,2.22524524161469,10,410,110,109,868,1605,3,811,794,1497,73,4,208,283,256,225,327,23,40,26,4,145,1592,12,4,0,0,859,749,1177,62,15,326,3,140,1401,67,2880,3190,3496.25,3161.13495024876,531.197241000149,119,1263,130,16,1588,9.49376558603491,0.880557887535101,8,1573,572,0,0,120,452,33,120,152,34,113,343,229,35,0,4,3,1,4,0,3,0,0,1,0,6,0,0,0,0,0,0,0,0,0,0,0,0,0,102730,79973,4.97512437810945,0.621890547263682,1.86567164179104,2.48756218905473,0,23.3790523690773,373.134328358209,5.47467960681846,62.6558603491272
2015,"MUNICIPIO",4119608,32419,32638,16250,16388,8109,17642,6887,4005,8895,3488,NA,0.702,NA,NA,478,0,468,6,107,118,108,87,39,13,0,0,472,20,25,30,25.4602510460251,6.78615324228897,4,29,138,209,23,75,367,11,1,99,0,105,373,218,260,471,7,0,1,3,22,451,0,26,451,0,38,39,40,38.6352201257862,1.64529396487515,2,64,12,15,384,137,341,154,324,457,18,1,123,78,73,41,116,5,11,7,1,20,478,0,0,0,0,257,221,367,11,1,99,0,44,417,17,2860,3140,3400,3113.03765690377,487.678377454698,45,401,24,6,472,9.01882845188284,0.881715670706077,2,476,227,0,0,21,206,4,42,82,31,47,136,91,7,0,4,1,3,1,0,4,0,0,0,0,5,0,0,0,0,0,0,0,0,0,0,0,0,0,24005,14640,10.4602510460251,6.27615062761506,2.09205020920502,8.36820083682008,0,56.2113546936481,1046.02510460251,7.00206668928715,53.7380550871276
2015,"MUNICIPIO",4119657,3073,2814,1441,1373,665,1512,637,319,743,311,NA,0.71,NA,NA,36,0,35,1,6,10,7,5,6,1,0,0,35,21,25.5,31,26.1944444444444,7.20245769341249,0,1,14,15,1,5,25,0,0,11,0,9,26,18,18,36,0,0,1,0,5,30,0,6,30,0,37,38,39,37.6111111111111,2.80079353834667,0,5,2,3,26,36,0,9,27,36,0,0,5,9,1,3,12,0,0,0,0,6,36,0,0,0,0,27,9,25,0,0,11,0,4,31,1,2858.75,3012.5,3462.5,3071.80555555556,650.764553404881,1,32,3,1,35,9.80555555555556,0.709907215041694,1,35,23,0,0,3,20,1,5,8,0,6,13,10,2,0,1,1,0,0,0,1,0,0,0,0,1,0,0,0,0,0,0,0,0,0,0,0,0,0,2600,NA,27.7777777777778,0,27.7777777777778,27.7777777777778,0,134.589502018843,2777.77777777778,7.48454279205988,48.4522207267833
2015,"MUNICIPIO",4119707,4277,4095,2070,2025,924,2201,970,460,1086,479,NA,0.705,NA,NA,74,0,71,4,15,24,15,13,2,1,0,0,70,19.25,23,29,23.9594594594595,6.04648474619801,1,1,21,37,4,10,51,1,0,22,0,17,57,32,42,74,0,0,0,0,4,69,1,4,69,1,38,38,39,38.3918918918919,1.26942514837647,0,6,2,5,60,74,0,4,70,70,3,0,25,6,10,6,20,1,2,0,0,3,74,0,0,0,0,46,28,51,1,0,22,0,2,71,1,2981.25,3135,3403.75,3176.75675675676,348.786970773161,4,66,3,0,74,9.82432432432432,0.417366436944675,0,74,25,0,0,4,21,1,2,5,4,9,18,7,0,0,0,0,0,0,0,0,0,0,0,0,0,0,0,0,0,0,0,0,0,0,0,0,0,0,3427,NA,0,0,0,0,0,0,0,5.84521861117606,68.1399631675875
2015,"MUNICIPIO",4119806,13926,13654,6849,6805,2765,7152,3737,1364,3495,1946,NA,0.706,NA,NA,123,0,114,0,15,26,35,35,5,7,0,0,123,23,28,31.5,27.4552845528455,6.11267432621483,1,7,24,67,7,17,112,2,0,8,0,22,99,47,76,119,4,0,0,0,11,109,3,11,109,3,38,39,40,39.0243902439024,1.83528000559055,0,10,5,3,104,62,61,51,72,116,6,0,31,11,29,6,28,1,3,4,0,9,121,2,0,0,0,57,66,112,2,0,8,0,8,109,6,3100,3350,3584.5,3308,534.880483049757,6,99,14,0,123,9.82926829268293,0.438090436676854,3,119,98,0,0,11,87,2,18,42,8,17,60,38,7,0,0,0,0,0,0,0,0,0,0,0,0,0,0,0,0,0,0,0,0,0,0,0,0,0,7261,NA,0,0,0,0,0,0,0,7.03719661065633,35.1931330472103
2015,"MUNICIPIO",4119905,337865,311611,151362,160249,76548,171600,63463,37736,87226,35287,NA,0.763,NA,NA,5375,0,5052,40,924,1371,1285,1029,586,130,10,0,5335,21,26,31,26.3266976744186,6.7327405343617,8,173,1439,2759,219,763,4711,58,3,546,0,3373,1991,2144,3231,5263,107,1,24,38,484,4701,111,547,4701,111,38,39,40,38.5064377682403,2.00268240689353,13,733,163,249,4117,67,5308,2524,2849,5256,109,3,906,960,1092,514,1194,29,61,105,3,485,5365,3,5,2,0,2731,2644,4712,58,3,546,0,462,4654,259,2895,3190,3500,3169.02511627907,545.001618324592,401,4315,505,64,5309,9.22073329611018,0.80972890019553,17,5355,2251,0,0,231,2020,79,470,693,213,565,1213,1038,122,0,43,31,12,16,2,41,0,0,1,0,62,0,0,0,3,2,3,3,0,0,2,1,0,0,337798,337865,10.9767441860465,2.23255813953488,5.76744186046512,8,3.43934148075115,71.0797239355238,1153.48837209302,6.66242434108298,61.6215348634581
2015,"MUNICIPIO",4119954,24352,20920,10357,10563,4998,10574,5348,2488,5373,2702,NA,0.738,NA,NA,330,0,302,7,53,88,79,62,34,7,0,0,323,20,25.5,31,25.9545454545455,6.67716659550503,1,11,102,168,21,26,203,8,1,115,1,227,103,130,200,314,16,0,3,9,29,284,4,41,284,4,38,39,40,38.3404255319149,2.37740400823472,5,54,15,26,225,329,1,188,141,314,14,1,39,67,48,43,77,5,7,16,1,25,328,0,0,2,0,165,165,204,8,1,115,1,33,276,21,2870,3255,3508.75,3173.04545454545,615.097329185693,19,255,38,4,326,9.65151515151515,0.866331121587895,2,325,174,0,0,21,153,8,20,40,18,67,119,55,9,0,5,3,2,1,1,4,0,0,1,0,2,0,0,1,0,0,1,1,0,0,1,0,0,0,24347,19530,18.1818181818182,6.06060606060606,9.09090909090909,15.1515151515152,18.6115764005211,37.2231528010422,606.060606060606,7.14520367936925,61.4182021217197
2015,"MUNICIPIO",4120002,13973,14189,7036,7153,2940,7576,3673,1433,3815,1905,NA,0.738,NA,NA,161,0,64,2,29,48,34,25,20,2,1,0,159,20,25,31,25.8447204968944,6.847042250318,0,3,37,84,8,21,63,6,1,90,0,43,117,60,101,158,3,0,3,0,17,139,2,20,139,2,38,38,39,37.8819875776397,2.60619186263113,0,21,1,7,130,63,98,33,128,149,7,4,40,6,24,4,59,3,4,1,4,15,161,0,0,0,0,91,70,63,6,1,90,0,17,138,6,2875,3170,3535,3136.76397515528,617.918203684031,9,131,18,4,157,9.57142857142857,1.43924583425785,1,68,108,0,0,13,95,0,21,43,13,18,59,49,7,0,3,3,0,2,0,3,0,0,0,0,5,0,0,0,0,0,0,0,0,0,0,0,0,0,13907,12962,31.055900621118,0,18.6335403726708,18.6335403726708,0,131.061598951507,3105.5900621118,7.72919201316825,42.2018348623853
2015,"MUNICIPIO",4120101,4782,4514,2256,2258,1131,2466,917,549,1213,496,NA,0.7,NA,NA,67,0,52,1,11,18,15,14,6,2,0,0,66,20.5,26,31.5,26.1492537313433,6.90246712885675,0,3,29,25,2,8,46,5,0,13,0,41,26,26,41,59,8,0,0,2,8,54,2,10,54,2,38,39,39,38.0757575757576,2.36845036037429,0,12,0,8,45,67,0,30,37,62,5,0,14,7,10,3,17,0,3,8,0,4,67,0,0,0,0,34,33,46,5,0,13,0,5,60,2,2955,3155,3522.5,3163.73134328358,602.17996862132,2,47,9,0,65,9.15384615384615,0.643009749896173,0,67,44,0,0,6,38,1,9,10,6,12,25,19,2,0,0,0,0,0,0,0,0,0,0,0,0,0,0,0,0,0,0,0,0,0,0,0,0,0,4455,3460,0,0,0,0,0,0,0,9.20117105813467,55.234954657873
2015,"MUNICIPIO",4120150,3564,3663,1915,1748,912,1906,845,441,920,387,NA,0.688,NA,NA,46,0,46,0,10,13,8,9,5,1,0,0,46,20,24,31,25.5434782608696,6.94008172138606,0,3,7,25,8,3,40,0,0,6,0,2,44,19,27,46,0,0,0,0,3,42,1,3,42,1,39,40,40,39.1521739130435,1.563008371405,0,3,0,2,41,46,0,22,24,46,0,0,9,9,13,6,6,0,0,0,0,3,46,0,0,0,0,21,25,40,0,0,6,0,4,39,3,2871.25,3192.5,3585,3230.32608695652,553.653925374078,5,36,5,1,45,9.43478260869565,0.719634904750503,0,46,23,0,0,3,20,1,4,7,5,3,14,9,2,0,0,0,0,0,0,0,0,0,0,0,0,0,0,0,0,0,0,0,0,0,0,0,0,0,1150,NA,0,0,0,0,0,0,0,6.45342312008979,50
2015,"MUNICIPIO",4120200,2608,2530,1284,1246,577,1380,573,278,676,292,NA,0.735,NA,NA,35,0,32,0,9,9,9,4,4,0,0,0,35,19.5,24,28,24.7428571428571,5.78711986246362,0,2,4,24,1,3,19,1,0,15,0,6,29,14,21,35,0,0,0,0,1,33,0,1,33,0,38.25,39,39,38.9705882352941,0.968763476704604,0,1,0,2,32,16,19,4,31,31,3,0,7,3,4,1,15,2,1,0,0,1,35,0,0,0,0,17,18,19,1,0,15,0,0,33,2,3112.5,3285,3497.5,3335.28571428571,356.580868761052,1,29,4,0,35,9.85714285714286,0.355035801248363,0,35,20,0,0,5,15,0,2,8,1,4,9,11,1,0,0,0,0,1,0,0,0,0,0,0,1,1,0,0,0,0,1,1,0,0,0,1,0,0,2607,1591,28.5714285714286,0,0,0,147.92899408284,147.92899408284,2857.14285714286,7.66871165644172,51.7751479289941
2015,"MUNICIPIO",4120309,4143,4020,2061,1959,1023,2051,946,492,989,478,NA,0.685,NA,NA,51,0,51,0,15,14,9,8,3,2,0,0,51,19,24,29,24.7058823529412,6.76843886770667,0,2,18,24,3,4,49,0,0,2,0,32,19,29,22,51,0,0,0,1,4,44,2,5,44,2,38,39,40,38.6274509803922,2.12566022039013,0,8,1,1,41,51,0,22,29,49,2,0,11,15,6,4,9,1,1,0,0,4,51,0,0,0,0,29,22,49,0,0,2,0,4,41,6,2895,3250,3500,3230.09803921569,614.418009335728,3,40,8,0,51,9.3921568627451,0.634930905612541,0,51,36,0,0,6,30,0,4,14,7,5,23,13,4,0,0,0,0,2,0,0,0,0,0,0,2,0,0,0,0,0,0,0,0,0,0,0,0,0,2306,NA,39.2156862745098,0,0,0,0,202.224469160768,3921.56862745098,8.68935553946416,51.567239635996
2015,"MUNICIPIO",4120333,3668,3434,1740,1694,767,1852,815,389,914,391,NA,0.71,NA,NA,69,0,64,2,12,20,20,10,3,2,0,0,67,21,25,29,25.2898550724638,6.15988313791786,0,3,18,38,3,7,42,8,0,18,0,33,35,28,41,67,2,0,0,3,4,60,2,7,60,2,38,39,40,38.6811594202899,2.2976506775348,0,8,2,2,57,69,0,25,43,66,3,0,16,11,7,13,14,0,2,2,0,4,69,0,0,0,0,42,27,42,8,0,18,0,6,56,7,3000,3420,3620,3332.01449275362,515.091296669356,2,56,9,0,69,9.81159420289855,0.46258106821592,0,69,29,0,0,0,29,2,11,5,5,6,16,13,0,0,0,0,0,0,0,0,0,0,0,0,0,0,0,0,0,0,0,0,0,0,0,0,0,0,NA,NA,0,0,0,0,0,0,0,7.9062159214831,75.492341356674
2015,"MUNICIPIO",4120358,5558,5628,2816,2812,1162,2959,1507,578,1461,773,NA,0.752,NA,NA,82,0,71,0,11,29,18,18,6,0,0,0,82,22,25,31,25.7317073170732,5.79495050626571,0,2,23,38,5,13,76,0,1,4,0,15,66,35,47,76,5,0,0,3,10,63,5,13,63,5,37,39,40,38.4197530864198,2.54393493200428,0,9,2,0,68,17,65,30,52,78,1,1,18,8,14,3,19,1,0,4,1,10,82,0,0,0,0,37,45,77,0,1,4,0,9,70,3,2800,3115,3487.5,3086.96341463415,577.877970909318,4,66,6,1,81,9.70731707317073,0.808714951965196,2,80,39,0,0,4,35,0,9,10,5,11,25,14,1,0,0,0,0,0,0,0,0,0,0,0,0,0,0,0,0,0,0,0,0,0,0,0,0,0,4344,1899,0,0,0,0,0,0,0,7.01691255847427,56.1259411362081
2015,"MUNICIPIO",4120408,5144,4784,2455,2329,1123,2699,962,536,1298,495,NA,0.713,NA,NA,61,0,61,1,12,18,19,10,1,0,0,0,60,20,24,28,24.0819672131148,5.21949896052362,0,1,16,40,0,4,26,4,0,31,0,12,49,24,37,61,0,0,0,0,7,54,0,7,54,0,37,39,39,38.2786885245902,1.73331231597178,0,5,5,3,48,60,1,25,36,57,4,0,11,7,8,11,14,2,2,0,0,6,61,0,0,0,0,33,28,26,4,0,31,0,5,54,2,2910,3120,3475,3131.96721311475,480.515590007689,2,56,3,0,61,9.54098360655738,0.593682588925633,1,60,30,0,0,4,26,3,7,7,3,6,14,16,3,0,0,0,0,0,0,0,0,0,0,0,0,0,0,0,1,0,1,1,0,0,1,0,0,0,5144,420,0,0,0,0,77.0416024653313,0,0,5.83203732503888,46.9953775038521
2015,"MUNICIPIO",4120507,11243,10832,5401,5431,2113,5656,3063,1037,2836,1558,NA,0.701,NA,NA,98,0,89,1,12,24,30,15,14,2,0,0,97,22,27,31,26.9591836734694,6.66103977417436,0,8,27,46,4,13,66,2,0,27,0,40,56,48,50,97,0,0,1,0,9,85,2,10,85,2,38,39,40,38.4948453608247,2.05712031399583,0,17,2,8,67,96,2,33,64,95,2,0,21,23,10,13,19,1,1,0,0,9,98,0,0,0,0,49,49,66,2,0,27,0,6,85,7,2951.25,3222.5,3582.5,3220.28571428571,601.849606175503,4,82,11,0,98,9.6734693877551,0.743015730211608,2,95,72,0,0,5,67,2,19,18,10,18,45,27,7,0,1,1,0,1,0,1,0,0,0,0,2,0,0,0,0,0,0,0,0,0,0,0,0,0,10489,4666,20.4081632653061,0,10.2040816326531,10.2040816326531,0,70.5218617771509,2040.81632653061,6.4039847015921,34.555712270804
2015,"MUNICIPIO",4120606,51567,48792,24891,23901,12103,25887,10802,5961,12367,5573,NA,0.676,NA,NA,696,0,643,4,126,173,155,150,69,19,0,0,692,21,26,31.25,26.4109195402299,6.73255561079964,1,82,171,325,37,80,610,2,0,83,0,126,569,283,413,687,9,2,2,8,67,567,44,79,567,44,38,39,40,38.7014492753623,2.51281145510147,3,145,28,67,448,105,591,377,318,644,42,7,159,73,171,55,106,16,23,7,7,71,686,5,3,2,0,371,325,610,2,0,83,0,43,605,48,3000,3300,3620,3271.6724137931,527.702828556644,51,512,97,9,682,9.39797395079595,0.879358431752587,3,683,359,0,0,40,319,5,85,101,32,96,212,147,18,0,4,3,1,2,0,4,0,0,0,0,6,0,0,0,0,0,0,0,0,0,0,0,0,0,28668,22132,8.62068965517241,1.4367816091954,4.31034482758621,5.74712643678161,0,48.5162125010108,862.068965517241,6.96181666569705,56.2788065011725
2015,"MUNICIPIO",4120655,4824,4856,2391,2465,1047,2704,1105,534,1371,560,NA,0.71,NA,NA,58,0,55,1,12,18,17,8,2,0,0,0,57,20,24,28,24.5862068965517,5.42907857116486,0,4,11,32,9,2,30,1,0,27,0,31,27,22,36,57,0,0,0,0,6,45,6,6,45,6,38,39,40,38.6842105263158,2.2213082915966,0,9,1,2,46,58,0,12,46,56,2,0,9,10,4,8,19,0,2,0,0,4,58,0,0,0,0,30,28,30,1,0,27,0,6,50,2,2830,3107.5,3390,3077.41379310345,488.230102296928,6,47,3,0,58,9.70689655172414,0.592604145548472,0,58,49,0,0,3,46,3,7,16,2,18,30,19,1,0,0,0,0,1,0,0,0,0,0,0,0,0,0,0,0,0,0,0,0,0,0,0,0,0,3781,NA,17.2413793103448,0,0,0,0,0,0,10.1575456053068,42.3048869438366
2015,"MUNICIPIO",4120705,7410,7045,3453,3592,1362,3822,1861,650,1985,957,NA,0.714,NA,NA,94,0,72,2,15,25,26,17,9,0,0,0,92,21,26,30,25.8723404255319,6.40603553203563,1,3,25,42,2,10,75,0,0,7,0,12,82,45,49,91,3,0,0,0,12,67,6,12,67,6,37,39,40,38.4352941176471,2.01451316831688,0,5,1,1,75,64,30,30,64,77,2,1,17,8,11,10,13,2,0,3,1,11,94,0,0,0,0,41,53,84,0,0,8,0,6,83,5,2930.25,3155,3430,3167.51063829787,482.245458953538,10,64,8,1,93,9.73404255319149,0.674824260912418,0,94,67,0,0,7,60,1,13,21,8,17,31,36,5,0,1,1,0,0,0,1,0,0,0,0,1,0,0,0,0,0,0,0,0,0,0,0,0,0,7409,2286,10.6382978723404,0,10.6382978723404,10.6382978723404,0,50.3778337531486,1063.82978723404,9.04183535762483,47.3551637279597
2015,"MUNICIPIO",4120804,22048,19851,9955,9896,4950,11429,3472,2364,5750,1782,NA,0.742,NA,NA,357,0,313,2,59,87,78,74,43,14,0,0,355,21,26,32,26.8291316526611,6.76337148963268,0,6,94,181,20,54,294,6,0,48,0,205,151,136,221,348,9,1,1,4,19,331,1,25,331,1,38,39,39,38.3585434173669,1.97178585182091,0,60,14,10,265,355,2,155,201,338,9,5,56,66,64,45,83,2,6,9,5,16,355,0,2,0,0,177,180,294,6,0,48,0,28,306,23,2890,3220,3520,3190.12885154062,565.148235681988,25,286,36,4,351,9.53521126760563,0.899324698241426,1,344,144,0,0,15,129,9,29,39,15,37,83,61,7,0,4,3,1,1,0,2,0,0,1,0,6,0,0,0,0,1,0,0,0,0,0,0,0,0,22044,16909,14.0056022408964,2.80112044817927,8.40336134453782,11.2044817927171,0,104.347826086957,1680.67226890756,6.53120464441219,62.0869565217391
2015,"MUNICIPIO",4120853,3998,3803,1850,1953,738,2016,1049,378,1019,556,NA,0.791,NA,NA,46,0,43,0,3,13,13,11,3,3,0,0,46,22.25,28,31.75,27.9130434782609,5.89472866949417,0,0,3,26,6,11,42,2,0,2,0,5,41,19,27,44,2,0,0,2,3,40,1,5,40,1,38,39,40,38.4782608695652,2.41972570010903,0,1,0,7,38,46,0,5,41,45,1,0,6,13,3,4,14,0,1,2,0,3,46,0,0,0,0,30,16,42,2,0,2,0,3,41,2,3086.25,3375,3567.5,3279.45652173913,505.791160527379,1,37,5,0,46,9.45652173913044,0.585245313774221,0,46,32,0,0,3,29,2,6,7,6,8,17,15,3,0,0,0,0,0,0,0,0,0,0,0,0,0,0,0,0,0,0,0,0,0,0,0,0,0,2612,NA,0,0,0,0,0,0,0,8.0040020010005,45.1422963689892
2015,"MUNICIPIO",4120903,32982,30605,15397,15208,8487,16066,6052,4170,7954,3084,NA,0.681,NA,NA,493,0,487,6,121,117,110,87,46,6,0,0,487,19,25,30,25.1622718052738,6.69258451656291,3,43,152,221,14,60,394,6,0,93,0,68,425,207,286,489,4,0,1,2,40,432,17,43,432,17,38,39,40,38.770325203252,1.78420699435681,2,141,22,23,305,224,269,192,301,476,17,0,88,93,86,54,115,5,9,4,0,38,490,1,0,2,0,269,224,394,6,0,93,0,35,436,22,2960,3275,3570,3238.10344827586,488.45784309391,33,416,39,5,487,9.33130081300813,0.855077047158763,3,490,171,0,0,36,135,2,34,53,20,26,108,63,8,0,1,1,0,1,0,1,0,0,0,0,2,0,0,0,1,0,1,1,0,0,1,0,0,0,24732,13188,4.05679513184584,0,2.02839756592292,2.02839756592292,12.5722906713603,25.1445813427206,405.679513184584,5.18464617063853,61.9813930098064
2015,"MUNICIPIO",4121000,12247,11729,5937,5792,2843,6377,2509,1394,3178,1220,NA,0.688,NA,NA,180,0,167,3,35,50,50,21,16,5,0,0,177,20,25,29,25.2166666666667,6.61239313840003,1,12,56,101,2,8,74,7,0,98,0,56,124,64,116,178,0,0,1,2,16,157,4,19,157,4,38,39,40,38.4333333333333,2.08506259702666,0,24,7,8,138,31,149,38,142,172,2,1,28,25,30,22,48,2,0,0,1,17,180,0,0,0,0,89,91,74,7,0,98,0,14,156,10,2861.25,3170,3436.25,3171.69444444444,574.142587327824,13,147,19,3,177,9.03333333333333,0.864572746227611,2,177,86,0,0,10,76,0,20,29,11,16,51,35,2,0,3,3,0,0,0,2,0,0,1,0,3,0,0,0,0,0,0,0,0,0,0,0,0,0,8939,NA,16.6666666666667,0,16.6666666666667,16.6666666666667,0,94.3989930774072,1666.66666666667,7.02212786804932,56.6393958464443
2015,"MUNICIPIO",4121109,4985,5088,2545,2543,1133,2724,1231,527,1371,645,NA,0.715,NA,NA,79,0,70,1,18,17,24,10,9,0,0,0,78,20,25,29,25.3164556962025,6.34185183623487,0,4,28,35,5,7,44,1,0,32,0,13,66,37,42,74,5,0,0,2,17,58,2,19,58,2,37,38,39,37.8607594936709,2.54565581301522,0,12,2,2,62,79,0,30,49,64,12,3,16,10,10,2,13,2,5,5,3,13,79,0,0,0,0,44,35,44,1,0,32,0,13,62,4,2785.5,3162,3521,3086.24050632911,618.107185443735,7,55,11,2,77,9.34177215189873,1.35765706886917,0,79,38,0,0,6,32,0,4,6,4,18,22,16,2,0,1,1,0,0,0,1,0,0,0,0,1,0,0,0,0,0,0,0,0,0,0,0,0,0,4442,NA,12.6582278481013,0,12.6582278481013,12.6582278481013,0,72.9394602479942,1265.82278481013,7.62286860581745,57.6221735959154
2015,"MUNICIPIO",4121208,18419,17089,8837,8252,4171,9049,3869,2023,4331,1898,NA,0.68,NA,NA,222,0,202,2,27,60,67,36,23,7,0,0,220,22,26,30,26.5540540540541,6.31841786405088,1,21,47,116,9,28,207,1,0,14,0,105,117,99,123,219,3,0,0,1,17,193,2,18,193,2,38,39,39,38.3615023474178,1.67552345981226,0,37,4,3,172,222,0,120,102,210,7,0,30,55,36,31,36,1,6,3,0,14,221,0,0,1,0,115,107,207,1,0,14,0,19,190,13,2905,3242.5,3500,3193.26126126126,549.832713542637,17,165,28,1,221,9.54954954954955,0.669148695860451,2,218,117,0,0,14,103,4,16,30,22,31,63,54,7,0,0,0,0,0,0,0,0,0,0,0,0,1,0,0,0,0,1,1,0,0,1,0,0,0,7180,1282,0,0,0,0,23.089355806973,0,0,6.35213638091102,51.25836989148
2015,"MUNICIPIO",4121257,4385,4134,2124,2010,1109,2161,864,552,1049,409,NA,0.63,NA,NA,55,0,48,0,14,19,10,6,4,2,0,0,55,19.5,24,28.5,24.5636363636364,6.60741344687257,0,7,20,20,2,6,34,4,0,17,0,14,41,28,27,55,0,0,1,0,5,48,1,6,48,1,38,39,39.5,38.4181818181818,2.49956225123749,0,9,3,1,42,55,0,18,37,47,1,0,6,13,1,8,13,1,0,0,0,6,55,0,0,0,0,28,27,34,4,0,17,0,5,49,1,2980,3360,3630,3260.72727272727,555.323077621235,6,42,7,0,55,9.67272727272727,0.610238127611322,3,52,32,0,0,4,28,2,3,8,4,11,16,16,2,0,0,0,0,0,0,0,0,0,0,0,0,0,0,0,0,0,0,0,0,0,0,0,0,0,2519,NA,0,0,0,0,0,0,0,7.29760547320411,52.4308865586273
2015,"MUNICIPIO",4121307,3990,3955,1953,2002,806,2013,1136,383,1022,597,NA,0.707,NA,NA,52,0,46,0,9,16,15,6,6,0,0,0,52,21,25,28.25,25.4615384615385,6.13719466621686,0,0,12,29,3,8,28,3,1,20,0,12,40,29,23,48,4,0,1,0,4,46,1,5,46,1,37.75,38.5,39,38.2115384615385,2.40372699553837,1,4,1,3,43,51,1,8,44,49,1,1,6,18,3,5,13,0,0,3,1,2,51,0,1,0,0,28,24,28,3,1,20,0,7,43,2,2756.25,3065,3417.5,3051.82692307692,614.684702251897,5,40,3,0,51,9.80392156862745,0.400979193631652,0,52,39,0,0,2,37,1,6,14,6,10,20,19,3,0,1,1,0,0,0,1,0,0,0,0,1,0,0,0,0,0,0,0,0,0,0,0,0,0,3989,NA,19.2307692307692,0,19.2307692307692,19.2307692307692,0,97.8473581213307,1923.07692307692,9.77443609022556,50.880626223092
2015,"MUNICIPIO",4121356,2833,2847,1414,1433,627,1547,673,308,781,344,NA,0.704,NA,NA,32,0,29,0,7,13,6,5,1,0,0,0,32,20,23.5,27,23.875,5.38666214201875,0,2,7,13,5,5,12,0,0,20,0,25,7,16,16,32,0,0,0,1,3,26,2,4,26,2,38,39,40,38.34375,2.83536849741423,0,5,0,1,25,32,0,7,25,30,1,1,5,10,2,4,6,0,1,0,1,3,32,0,0,0,0,15,17,12,0,0,20,0,3,28,1,2893.75,3077.5,3550,3145,549.681726092473,3,21,6,0,32,9.90625,0.39015092199748,0,32,19,0,0,3,16,0,5,8,2,1,11,8,1,0,0,0,0,0,0,0,0,0,0,0,0,0,0,0,0,0,0,0,0,0,0,0,0,0,2671,NA,0,0,0,0,0,0,0,6.70667137310272,40.9731113956466
2015,"MUNICIPIO",4121406,17023,16338,8004,8334,3524,8821,3993,1769,4454,2111,NA,0.722,NA,NA,238,0,213,0,38,59,67,48,20,6,0,0,238,22,26,31,26.3949579831933,6.23007336499726,0,10,59,108,16,44,197,5,1,35,0,96,142,110,128,232,6,0,1,2,18,208,6,21,208,6,38,39,39,38.3744680851064,1.91379027031789,1,16,1,5,207,101,137,31,207,226,7,2,43,51,29,18,60,3,4,6,2,17,237,1,0,0,0,125,113,197,5,1,35,0,24,204,10,3000,3261,3500,3201.85714285714,562.020920758921,12,187,28,1,235,9.76271186440678,0.784726173699096,2,236,114,0,0,15,99,1,28,30,12,28,66,48,2,0,2,0,2,1,0,2,0,0,0,0,3,0,0,0,0,0,0,0,0,0,0,0,0,0,15234,9995,12.6050420168067,8.40336134453782,0,8.40336134453782,0,67.3551863493489,1260.50420168067,6.69682194677789,53.4351145038168
2015,"MUNICIPIO",4121505,14869,14176,7201,6975,3545,7497,3134,1708,3702,1565,NA,0.672,NA,NA,230,0,218,1,49,63,41,45,25,6,0,0,229,20,25,32,25.7347826086957,7.02112275919573,0,38,64,100,12,16,184,2,0,44,0,141,89,98,132,226,4,0,0,1,22,195,12,23,195,12,38,39,40,38.6652173913043,1.99477673738457,1,27,5,5,192,225,5,103,127,220,10,0,20,67,32,32,47,3,5,4,0,20,227,2,1,0,0,122,108,184,2,0,44,0,14,200,16,2935,3270,3533,3243.36086956522,526.606575087137,13,179,26,1,229,9.83913043478261,0.532964954102162,1,229,94,0,0,13,81,1,20,36,8,16,61,33,1,0,2,1,1,0,0,2,0,0,0,0,2,0,0,0,0,0,0,0,0,0,0,0,0,0,9642,7055,8.69565217391304,4.34782608695652,4.34782608695652,8.69565217391304,0,54.0248514316586,869.565217391304,6.3218777321945,62.1285791464073
2015,"MUNICIPIO",4121604,6984,6812,3427,3385,1675,3557,1580,860,1736,789,NA,0.733,NA,NA,90,0,81,3,21,18,24,13,10,1,0,0,87,19,25,30,25.1,6.77080646782339,0,4,30,41,3,11,70,0,0,20,0,13,77,39,51,86,4,0,0,3,10,77,0,13,77,0,37,38,39.75,38.0777777777778,2.34749581027867,2,12,2,2,70,90,0,31,59,79,7,1,13,18,12,10,14,0,4,4,1,11,90,0,0,0,0,45,45,70,0,0,20,0,14,73,3,2791.25,3087.5,3445.5,3049.38888888889,590.189756086771,7,76,3,0,90,9.45555555555556,0.721439122165731,0,90,38,0,0,5,33,0,4,11,10,8,24,14,1,0,0,0,0,1,0,0,0,0,0,0,1,0,0,0,0,0,0,0,0,0,0,0,0,0,4221,3481,11.1111111111111,0,0,0,0,57.6036866359447,1111.11111111111,5.44100801832761,51.8433179723502
2015,"MUNICIPIO",4121703,26522,25172,12926,12246,7305,13044,4823,3546,6387,2313,NA,0.618,NA,NA,407,0,383,5,115,98,95,55,28,11,0,0,402,19,24,29,24.5995085995086,6.76227581086185,3,67,151,152,4,28,259,12,0,134,0,80,327,177,230,394,13,0,3,4,25,363,8,32,363,8,38,39,40,38.5583126550869,1.99836976630932,1,59,28,39,273,90,317,218,189,393,13,0,100,55,100,32,69,4,8,13,0,23,404,0,2,1,0,216,191,259,12,0,134,0,39,354,14,2885,3125,3400,3108.66339066339,533.211316081478,39,329,22,4,402,9.5,1.01531482680539,8,399,186,0,0,24,162,1,28,72,16,45,110,76,9,0,6,4,2,0,0,6,0,0,0,0,6,0,0,0,1,0,1,1,0,0,0,1,0,0,18435,11859,14.7420147420147,4.91400491400491,9.82800982800983,14.7420147420147,15.6568028808517,93.9408172851104,1474.20147420147,7.01304577332026,63.7231877250665
2015,"MUNICIPIO",4121752,7815,7307,3747,3560,2350,3849,1108,1173,1890,497,NA,0.648,NA,NA,120,0,106,4,27,30,20,23,13,3,0,0,116,19,24,31,25.4416666666667,7.17933054781892,1,12,45,38,3,10,69,0,0,40,0,59,61,33,87,120,0,0,0,0,7,109,4,7,109,4,38,39,40,38.9916666666667,1.75133002679252,0,18,5,5,80,120,0,78,42,104,4,1,13,14,26,17,27,0,4,0,1,7,120,0,0,0,0,62,58,77,0,0,43,0,11,107,2,2863.75,3160,3458.75,3155.20833333333,468.297648216313,12,96,10,0,120,9.65,0.603212687381895,0,120,36,0,0,6,30,0,7,9,4,10,23,13,2,0,0,0,0,0,0,0,0,0,0,0,0,0,0,0,0,0,0,0,0,0,0,0,0,0,4854,1730,0,0,0,0,0,0,0,4.60652591170825,63.4920634920635
2015,"MUNICIPIO",4121802,10949,10678,5272,5406,2254,5573,2851,1143,2769,1494,NA,0.716,NA,NA,146,0,134,1,31,44,31,23,12,4,0,0,145,20,24,30,25.3630136986301,6.51457796233933,0,8,44,76,4,11,117,3,0,22,0,30,115,71,75,140,6,0,1,1,18,122,3,20,122,3,38,39,40,38.3724137931034,2.21718298368487,0,9,3,16,113,95,51,53,93,138,5,0,49,9,27,8,26,0,2,6,0,15,146,0,0,0,0,73,73,120,3,0,22,0,11,127,8,2857.5,3172.5,3462.5,3142.73287671233,576.900520810709,12,116,11,1,145,9.54794520547945,0.675504325321887,1,145,80,0,0,6,74,3,16,25,8,22,39,41,5,0,1,0,1,1,1,1,0,0,0,0,2,0,0,0,0,0,0,0,0,0,0,0,0,0,10645,7063,13.6986301369863,6.84931506849315,0,6.84931506849315,0,72.2282412423258,1369.86301369863,7.30660334277103,52.7266161068978
2015,"MUNICIPIO",4121901,13646,13524,6731,6793,3207,6850,3467,1509,3467,1817,NA,0.701,NA,NA,178,0,172,5,31,52,46,26,15,3,0,0,173,21,25,29,25.1011235955056,6.54932599942809,1,9,52,89,7,20,125,8,0,45,0,30,148,68,110,174,4,0,0,5,13,148,12,18,148,12,38,39,40,38.5898876404494,2.30089861805792,1,41,2,3,131,40,138,76,102,168,6,1,43,13,48,7,41,3,3,4,1,14,178,0,0,0,0,76,102,125,8,0,45,0,14,150,14,2901.25,3202.5,3507.5,3185.1797752809,594.27831296537,12,136,25,3,175,9.48314606741573,1.10071737830623,2,176,125,0,0,10,115,8,17,32,21,37,68,57,7,0,3,3,0,0,0,3,0,0,0,0,3,1,0,0,0,0,1,1,0,0,0,1,0,0,13643,7648,16.8539325842697,0,16.8539325842697,16.8539325842697,28.8433804441881,86.5301413325642,1685.39325842697,9.16019346328594,51.3412171906547
2015,"MUNICIPIO",4122008,15014,14093,7340,6753,3495,7666,2932,1730,3573,1450,NA,0.687,NA,NA,200,0,189,0,40,49,46,35,22,8,0,0,200,20,26,32,26.405,7.03408606957371,0,27,54,99,3,17,165,0,0,35,0,34,166,87,113,194,6,0,0,2,13,178,7,15,178,7,38,39,40,38.735,1.89279910244354,0,20,1,2,175,54,146,91,109,189,7,3,48,33,52,17,28,1,3,5,3,9,200,0,0,0,0,95,105,165,0,0,35,0,16,169,15,2966.5,3265,3602.5,3240.1,553.90151148206,13,155,24,2,198,9.81,0.732518200847504,8,192,97,0,0,6,91,2,19,32,16,22,48,49,4,0,3,2,1,1,0,3,0,0,0,0,4,0,0,0,0,0,0,0,0,0,0,0,0,0,5931,5358,20,5,10,15,0,111.950741673664,2000,6.46063673904356,55.9753708368318
2015,"MUNICIPIO",4122107,3360,3334,1742,1592,673,1672,989,308,807,477,NA,0.729,NA,NA,33,0,32,0,3,12,5,7,5,1,0,0,33,21,26,32,27.3030303030303,7.00662565221684,0,1,9,14,0,9,23,0,0,10,0,12,21,13,20,33,0,0,0,1,3,29,0,4,29,0,38,38,39,38.0909090909091,2.14131437970403,0,0,0,1,31,33,0,9,24,33,0,0,2,8,3,3,13,0,0,0,0,4,33,0,0,0,0,13,20,23,0,0,10,0,3,29,1,2915,3125,3340,3112.42424242424,522.332690336283,1,30,2,0,33,9.63636363636364,0.742385589593685,0,33,29,0,0,1,28,0,5,12,3,8,18,11,1,0,0,0,0,0,0,0,0,0,0,0,0,0,0,0,0,0,0,0,0,0,0,0,0,0,2737,NA,0,0,0,0,0,0,0,8.63095238095238,40.8921933085502
2015,"MUNICIPIO",4122156,13538,13661,7059,6602,4050,7070,2541,1980,3424,1198,NA,0.629,NA,NA,227,0,226,1,36,82,43,51,11,3,0,0,226,21,24,31,25.5947136563877,6.07865613655634,1,18,76,105,10,17,178,2,0,47,0,22,205,89,138,227,0,0,1,3,9,214,0,13,214,0,39,40,40,39.2070484581498,1.94534698143349,0,38,7,19,163,227,0,121,106,218,8,1,44,39,45,31,48,4,4,0,1,11,227,0,0,0,0,108,119,178,2,0,47,0,18,197,12,2902.5,3245,3520,3210.19823788546,535.739775026602,23,185,19,6,221,9.29074889867841,1.28780971476686,0,227,73,0,0,11,62,3,14,22,6,17,46,27,4,0,5,5,0,0,0,4,0,0,1,0,6,0,0,0,0,0,0,0,0,0,0,0,0,0,5343,NA,22.0264317180617,0,22.0264317180617,22.0264317180617,0,175.233644859813,2643.1718061674,5.39222928054366,66.2967289719626
2015,"MUNICIPIO",4122172,4088,3898,1962,1936,1069,2049,780,548,1013,375,NA,0.64,NA,NA,63,0,46,2,11,16,25,9,0,0,0,0,61,20,25,28.5,24.5079365079365,5.26054399208655,0,3,25,26,1,7,42,0,0,21,0,26,35,21,42,61,2,0,0,0,7,45,0,7,45,0,38,39,39,38.4038461538462,1.49849094529202,0,10,0,2,50,63,0,11,52,59,4,0,4,8,8,2,22,1,1,2,0,5,62,1,0,0,0,29,34,42,0,0,21,0,4,55,4,2863,3250,3465,3217.98412698413,509.397825775959,1,42,7,0,63,9.68253968253968,0.667817746660521,0,63,31,0,0,3,28,0,8,7,3,10,19,12,1,0,1,1,0,0,0,1,0,0,0,0,0,0,0,0,0,0,0,0,0,0,0,0,0,0,2377,NA,15.8730158730159,0,15.8730158730159,15.8730158730159,0,0,0,7.58317025440313,62.1915103652517
2015,"MUNICIPIO",4122206,32232,30650,15546,15104,8441,17122,5087,4105,8529,2470,NA,0.679,NA,NA,641,0,541,6,183,185,111,96,47,13,0,0,635,19,23,29,24.2917316692668,6.72128686732579,6,69,220,306,8,29,550,6,0,75,0,433,202,281,360,624,17,0,1,4,43,566,6,48,566,6,38,39,39,38.5112903225806,1.69238576462926,3,183,39,41,335,628,13,361,280,594,36,0,110,126,120,55,123,10,16,17,0,34,631,1,3,6,0,357,284,550,6,0,75,0,60,556,25,2840,3170,3485,3135.1872074883,537.42954121782,52,500,49,8,629,9.53689167974882,0.847102948238844,6,631,192,0,0,29,163,5,33,72,21,32,122,70,5,0,5,5,0,3,0,4,0,0,0,0,5,0,0,0,0,0,0,0,0,0,0,0,0,0,25692,NA,12.4804992199688,0,7.8003120124805,7.8003120124805,0,58.6235197561262,780.03120124805,5.95681310498883,75.1553523273537
2015,"MUNICIPIO",4122305,33395,31274,15570,15704,7622,17101,6551,3697,8502,3505,NA,0.76,NA,NA,404,0,354,2,56,105,103,91,41,5,1,0,402,21,26,32,26.5544554455446,6.39358432699508,0,13,85,222,26,57,393,0,0,8,0,87,315,158,246,392,12,0,3,4,49,328,19,56,328,19,38,39,40,38.3548387096774,2.44453806058366,1,68,7,14,290,398,6,177,227,389,14,1,68,58,78,37,93,4,7,12,1,45,401,3,0,0,0,194,210,393,0,0,8,0,27,352,25,2938.75,3270,3590,3238.81188118812,546.791634056674,15,313,55,5,399,9.36386138613861,0.941874452600029,5,398,209,0,0,12,197,4,46,67,24,56,118,91,8,0,5,2,3,0,0,5,0,0,0,0,5,0,0,0,0,0,0,0,0,0,0,0,0,0,28986,14987,12.3762376237624,7.42574257425743,4.95049504950495,12.3762376237624,0,58.8096918372148,1237.62376237624,6.25842191944902,47.5182310044695
2015,"MUNICIPIO",4122404,63316,57862,28459,29403,12249,32309,13304,5979,16342,7082,NA,0.739,NA,NA,911,0,854,4,129,235,269,169,84,18,3,0,907,22,26,31,26.397365532382,6.27397850161815,1,19,210,494,45,139,523,47,7,333,0,177,730,349,562,893,18,0,8,6,84,804,8,98,804,8,38,38,39,38.1472527472528,2.11502772541706,1,97,22,21,752,261,650,251,659,810,85,10,107,172,82,136,227,26,54,16,10,74,909,1,0,1,0,472,439,523,47,7,333,0,91,785,35,2845,3145,3462.5,3116.99012074643,559.907791575656,70,732,86,13,898,9.77607025246981,0.851835981932034,5,900,446,0,0,36,410,14,94,130,57,115,245,201,21,0,13,11,2,4,0,10,0,0,3,0,17,1,0,0,1,0,2,2,0,0,0,2,0,0,63304,38054,18.6608122941822,2.1953896816685,12.0746432491767,14.2700329308452,12.2384041121038,104.026434952882,1866.08122941822,7.04403310379683,55.7459307306327
2015,"MUNICIPIO",4122503,11065,11537,5823,5714,2719,6096,2722,1315,3038,1361,NA,0.681,NA,NA,142,0,91,3,28,42,37,24,8,0,0,0,139,20,24,29,24.4647887323944,5.79515813041093,0,9,40,69,7,13,95,4,1,34,0,56,78,62,80,135,6,1,3,2,9,114,5,15,114,5,38,39,39,38.2089552238806,3.28604849168562,0,19,4,4,99,36,106,38,103,131,6,2,25,22,17,12,32,3,3,6,2,11,142,0,0,0,0,79,63,95,4,1,34,0,16,122,4,2858.75,3187.5,3510,3137.05633802817,612.530477165013,11,99,13,1,141,9.64788732394366,0.939270753030111,3,126,89,0,0,8,81,2,13,33,9,24,51,38,8,0,3,3,0,0,0,3,0,0,0,0,0,1,0,0,0,0,1,1,0,0,0,0,1,0,9051,NA,21.1267605633803,0,21.1267605633803,21.1267605633803,32.916392363397,0,0,8.04338002711252,46.7412771560237
2015,"MUNICIPIO",4122602,9488,8996,4564,4432,2028,4956,2012,969,2458,1005,NA,0.713,NA,NA,124,0,79,0,24,40,27,22,8,3,0,0,124,20,24,30,25.2258064516129,6.24804191724358,0,4,29,41,1,12,75,13,0,36,0,16,106,49,75,124,0,0,0,1,14,104,5,15,104,5,37,39,40,38.4354838709677,2.10783260733644,0,24,6,7,82,44,80,47,77,113,10,0,23,20,26,10,21,4,6,0,0,13,124,0,0,0,0,62,62,75,13,0,36,0,8,113,3,2948.75,3190,3505,3189.59677419355,475.659831299071,4,107,11,1,123,9.76612903225806,0.638963476795607,1,119,63,0,0,6,57,0,14,18,8,17,43,20,3,0,0,0,0,1,0,0,0,0,0,0,1,0,0,0,1,0,1,1,0,0,0,0,1,0,8934,5593,8.06451612903226,0,0,0,40.6834825061025,40.6834825061025,806.451612903226,6.63996627318718,50.4475183075671
2015,"MUNICIPIO",4122651,5367,5588,2831,2757,1297,2832,1459,639,1417,701,NA,0.662,NA,NA,70,0,65,0,11,21,17,13,7,1,0,0,70,21,25.5,31,26.1857142857143,6.48363124491845,0,4,28,26,3,9,48,5,0,17,0,22,48,25,45,66,4,0,0,1,8,61,0,9,61,0,38,39,40,38.3142857142857,2.18388602680035,0,8,0,0,62,26,44,9,61,68,1,0,14,8,11,7,21,1,0,4,0,3,70,0,0,0,0,39,31,48,5,0,17,0,7,63,0,2940,3230,3500,3134.94285714286,536.784222043827,6,56,4,0,70,9.74285714285714,0.606384253880357,0,70,48,0,0,4,44,0,8,20,8,8,34,14,0,0,0,0,0,0,0,0,0,0,0,0,0,0,0,0,0,0,0,0,0,0,0,0,0,0,3528,2224,0,0,0,0,0,0,0,8.94354387926216,49.4001411432604
2015,"MUNICIPIO",4122701,6585,6096,3051,3045,1261,3360,1475,632,1678,735,NA,0.74,NA,NA,101,0,93,1,19,28,23,21,9,0,0,0,100,20,25,30,25.5940594059406,6.35165839418617,0,3,23,65,2,7,84,2,0,15,0,22,78,35,66,99,2,0,0,0,9,87,5,9,87,5,37,38,39,38.3564356435644,1.9878840932803,0,20,3,4,73,101,0,30,71,95,4,2,15,18,12,12,31,1,2,1,2,7,101,0,0,0,0,44,57,84,2,0,15,0,8,87,6,2805,3180,3490,3144.89108910891,577.553372442584,11,77,9,0,101,9.94059405940594,0.237561873128573,0,101,54,0,0,9,45,0,15,17,6,7,26,28,5,0,0,0,0,1,0,0,0,0,0,0,1,0,0,0,0,0,0,0,0,0,0,0,0,0,6584,NA,9.9009900990099,0,0,0,0,59.5947556615018,990.09900990099,8.2004555808656,60.1907032181168
2015,"MUNICIPIO",4122800,4142,4403,2248,2155,1083,2244,1076,532,1085,538,NA,0.7,NA,NA,48,0,43,0,12,8,14,9,2,3,0,0,48,20.5,26,30.25,26.1041666666667,7.07178867299222,0,4,12,24,0,8,38,0,0,9,0,8,40,21,27,48,0,0,0,0,4,41,3,4,41,3,38,39,40,38.7916666666667,1.8901574102336,0,6,0,5,36,46,2,25,23,42,2,0,8,10,6,6,9,1,1,0,0,3,46,2,0,0,0,22,26,38,0,0,9,0,2,43,3,2927.5,3167.5,3627.5,3264.5,531.671190980994,2,37,8,1,47,9.35416666666667,0.978265580555347,0,48,29,0,0,4,25,0,7,9,4,5,18,11,1,0,0,0,0,0,0,0,0,0,0,0,0,0,0,0,0,0,0,0,0,0,0,0,0,0,2729,NA,0,0,0,0,0,0,0,7.00144857556736,44.2396313364055
2015,"MUNICIPIO",4122909,5201,5178,2614,2564,1077,2582,1519,538,1265,761,NA,0.704,NA,NA,59,0,54,0,18,14,8,13,5,1,0,0,59,19,24,31,25.0847457627119,6.94135069732214,0,5,17,31,2,4,52,3,0,4,0,11,48,27,32,59,0,0,1,1,9,42,2,11,42,2,37,39,40,38.1272727272727,2.89350835015048,0,13,6,6,33,58,1,27,32,56,2,0,12,8,8,2,12,2,0,0,0,10,58,0,0,1,0,30,29,52,3,0,4,0,6,48,5,2925,3230,3527.5,3183.77966101695,641.58137247759,6,39,10,1,58,9.5593220338983,0.771724143154033,0,59,51,0,0,0,51,4,11,15,6,15,28,23,0,0,1,1,0,0,0,1,0,0,0,0,1,0,0,0,0,0,0,0,0,0,0,0,0,0,4426,1404,16.9491525423729,0,16.9491525423729,16.9491525423729,0,79.0513833992095,1694.91525423729,9.80580657565853,46.6403162055336
2015,"MUNICIPIO",4123006,14539,13689,6941,6748,3168,7457,3064,1525,3678,1545,NA,0.718,NA,NA,174,0,159,1,30,49,37,30,24,3,0,0,173,21,25.5,31.75,26.3735632183908,6.7501737895866,0,14,64,70,9,17,124,0,0,50,0,23,150,64,110,167,7,0,2,3,27,136,5,32,136,5,37,38,39,37.6127167630058,2.60483899328506,0,17,3,5,144,53,121,16,158,169,5,0,4,47,5,35,46,1,2,7,0,26,173,1,0,0,0,91,83,124,0,0,50,0,14,156,4,2942.5,3247.5,3500,3173.24137931034,545.576133203961,5,139,21,3,171,9.29310344827586,1.2213224239426,4,170,100,0,0,20,80,2,20,26,13,19,61,39,6,0,2,2,0,0,0,2,0,0,0,0,3,0,0,0,0,0,0,0,0,0,0,0,0,0,10258,NA,11.4942528735632,0,11.4942528735632,11.4942528735632,0,81.5660685154976,1724.13793103448,6.87805213563519,47.3083197389886
2015,"MUNICIPIO",4123105,3684,3803,1906,1897,899,1898,1006,426,958,513,NA,0.653,NA,NA,46,0,44,0,14,15,7,3,6,1,0,0,46,18.25,22,28,24.0869565217391,6.95964905550886,0,1,10,31,2,2,22,1,0,19,4,9,37,19,27,44,2,0,0,0,3,42,1,3,42,1,38,39,40,38.8260869565217,1.67735701925628,0,8,1,1,36,44,2,17,29,45,1,0,12,3,9,3,13,0,1,2,0,3,46,0,0,0,0,25,21,22,1,0,19,4,2,43,1,2878.75,3285,3581.25,3218.26086956522,467.554176767314,4,34,6,0,46,9.80434782608696,0.453115889880101,2,44,34,0,0,3,31,0,5,11,6,9,16,18,3,0,0,0,0,0,0,0,0,0,0,0,0,0,0,0,0,0,0,0,0,0,0,0,0,0,3282,NA,0,0,0,0,0,0,0,9.22909880564604,48.0167014613779
2015,"MUNICIPIO",4123204,3597,3646,1804,1842,825,1865,956,407,942,493,NA,0.723,NA,NA,50,0,39,0,11,8,15,12,2,2,0,0,50,20,26,30.75,25.96,6.42050287305108,0,1,10,27,3,9,24,2,0,24,0,12,38,21,29,46,4,0,0,1,9,35,1,10,35,1,37,38,39,37.6739130434783,2.57383715125091,0,7,0,2,39,50,0,14,36,41,8,0,9,5,5,2,8,2,4,4,0,6,50,0,0,0,0,28,22,24,2,0,24,0,13,36,1,2502.5,3127.5,3447.5,2954.7,659.916823763203,6,32,4,1,49,9.46,1.11043289958907,0,50,18,0,0,0,18,0,4,5,3,6,9,9,0,0,0,0,0,0,0,0,0,0,0,0,0,0,0,0,0,0,0,0,0,0,0,0,0,0,3016,1960,0,0,0,0,0,0,0,5.00417014178482,53.0785562632696
2015,"MUNICIPIO",4123303,8166,8092,4051,4041,1707,4309,2076,807,2160,1074,NA,0.71,NA,NA,123,0,90,1,21,43,28,18,12,0,0,0,122,21,24,29,25.130081300813,6.04757009812178,0,4,38,63,5,12,72,3,0,48,0,53,70,51,72,120,3,0,0,1,9,112,1,10,112,1,38,39,39,38.4390243902439,1.61014377457731,0,15,12,6,90,123,0,23,100,77,7,8,20,5,15,6,22,4,3,3,8,8,123,0,0,0,0,60,63,72,3,0,48,0,10,108,5,2957.5,3200,3465,3180.56097560976,475.030079226076,5,106,9,0,123,9.85365853658537,0.455978983360739,0,123,69,0,0,5,64,4,10,22,11,17,40,29,3,0,0,0,0,0,0,0,0,0,0,0,0,0,0,0,0,0,0,0,0,0,0,0,0,0,7239,NA,0,0,0,0,0,0,0,8.44966936076414,56.9444444444444
2015,"MUNICIPIO",4123402,11431,10432,5118,5314,2092,5730,2610,1036,2911,1367,NA,0.705,NA,NA,138,0,131,0,14,37,31,37,15,4,0,0,138,22,27,32,27.2028985507246,6.15512298677562,0,5,42,64,3,24,83,3,0,52,0,22,116,46,92,132,6,0,0,1,11,126,0,12,126,0,38,39,40,38.536231884058,1.67488716382052,0,13,5,6,113,129,9,49,89,132,6,0,15,27,19,15,45,0,3,6,0,8,137,1,0,0,0,63,75,83,3,0,52,0,9,120,9,2901.25,3266,3565,3224.11594202899,534.305403146541,6,109,17,2,136,9.50724637681159,0.839241722498588,0,138,64,0,0,5,59,1,16,21,11,10,31,33,3,0,0,0,0,1,0,0,0,0,0,0,1,0,0,0,0,0,0,0,0,0,0,0,0,0,11428,4957,7.2463768115942,0,0,0,0,34.3524562006183,724.63768115942,5.59881025282128,47.4063895568533
2015,"MUNICIPIO",4123501,25415,23413,11506,11907,5056,12740,5617,2456,6529,2922,NA,0.744,NA,NA,303,0,277,1,50,78,77,60,30,6,1,0,302,21,26,31,26.2574257425743,6.51181320617003,2,38,77,118,12,56,242,12,1,43,3,43,260,129,174,301,2,0,0,0,29,269,4,29,269,4,38,39,39,38.5331125827815,1.68358192166309,0,13,3,6,280,73,230,73,230,278,7,0,45,64,43,13,81,0,7,2,0,29,303,0,0,0,0,161,142,242,12,1,43,3,18,272,13,3000,3215,3515,3226.94719471947,510.838290256098,17,248,32,1,302,9.02970297029703,0.835338439695078,5,297,149,0,0,18,131,4,43,49,9,26,92,57,6,0,2,2,0,2,0,2,0,0,0,0,4,0,0,0,0,0,0,0,0,0,0,0,0,0,12437,9818,13.2013201320132,0,6.6006600660066,6.6006600660066,0,61.2651248276918,1320.13201320132,5.86267951996852,46.4083320569766
2015,"MUNICIPIO",4123600,1765,1818,927,891,380,989,449,193,471,227,NA,0.717,NA,NA,22,0,22,0,4,4,7,4,3,0,0,0,22,21.25,27.5,30.75,26.5909090909091,6.37449599060186,0,0,4,13,2,3,12,0,0,10,0,6,16,9,13,22,0,0,1,0,1,19,1,2,19,1,38,38,39,37.9545454545455,2.75122955590116,0,3,0,2,17,22,0,3,19,21,1,0,3,3,6,2,5,1,0,0,0,2,22,0,0,0,0,12,10,12,0,0,10,0,2,19,1,2713.75,3232.5,3393.75,3033.86363636364,753.317949408105,3,18,1,1,21,9.09090909090909,1.92500070276031,1,21,14,0,0,0,14,0,2,5,1,6,9,5,1,0,1,1,0,0,0,1,0,0,0,0,0,0,0,0,0,0,0,0,0,0,0,0,0,0,1734,NA,45.4545454545455,0,45.4545454545455,45.4545454545455,0,0,0,7.93201133144476,46.7091295116773
2015,"MUNICIPIO",4123709,8896,8760,4387,4373,1748,4528,2484,842,2270,1261,NA,0.72,NA,NA,106,0,89,1,19,22,28,23,8,5,0,0,105,21,26.5,31,26.5094339622642,6.88302990178968,0,6,24,61,3,12,64,2,0,38,0,26,80,49,57,106,0,0,1,0,17,79,9,18,79,9,38,39,40,38.5566037735849,2.53012398973137,0,13,2,6,85,36,70,36,70,95,3,1,30,10,20,6,12,1,2,0,1,17,106,0,0,0,0,46,60,64,2,0,38,0,10,92,4,3000,3280,3547.5,3230.28301886792,486.435445816801,7,82,14,2,104,9.43396226415094,0.905211029587164,2,99,81,0,0,8,73,2,14,28,8,21,49,32,1,0,1,1,0,0,0,1,0,0,0,0,1,0,0,0,0,0,0,0,0,0,0,0,0,0,7187,6227,9.43396226415094,0,9.43396226415094,9.43396226415094,0,44.0528634361234,943.396226415094,9.10521582733813,46.6960352422907
2015,"MUNICIPIO",4123808,14165,13132,6628,6504,2994,6986,3152,1398,3461,1645,NA,0.696,NA,NA,172,0,156,2,39,46,39,26,16,4,0,0,170,20,24,30,25.1220930232558,6.72189233246917,0,8,64,71,10,18,98,2,0,71,0,22,149,69,103,170,2,0,0,0,9,161,2,9,161,2,38,39,39,38.6395348837209,1.36722530899616,0,21,0,1,148,38,134,45,127,157,5,0,34,26,35,9,44,0,4,2,0,8,170,0,0,2,0,88,84,98,2,0,71,0,7,155,10,2900,3215,3571.25,3235.72674418605,496.860295218662,11,139,20,1,171,9.86046511627907,0.544247765594823,4,168,88,0,0,14,74,2,20,30,6,16,52,36,7,0,0,0,0,0,0,0,0,0,0,0,0,0,0,0,0,0,0,0,0,0,0,0,0,0,9386,NA,0,0,0,0,0,0,0,6.2124955877162,49.6966194741404
2015,"MUNICIPIO",4123824,3976,3925,1959,1966,915,1936,1074,461,973,532,NA,0.687,NA,NA,46,0,44,0,10,10,14,9,3,0,0,0,46,21,25.5,29.75,25.7173913043478,6.06140080428154,0,3,13,26,0,4,38,0,0,8,0,6,39,15,31,46,0,0,0,0,2,44,0,2,44,0,38,39,40,38.7173913043478,1.12867756400057,0,9,1,3,33,45,1,23,23,45,1,0,10,5,10,10,8,0,1,0,0,2,44,0,0,2,0,25,21,38,0,0,8,0,1,42,3,3005,3280,3447.5,3256.95652173913,474.854923179315,1,40,5,0,45,9.28888888888889,0.626034497387478,0,46,18,0,0,3,15,1,4,5,1,4,10,7,0,0,0,0,0,0,0,0,0,0,0,0,0,0,0,0,0,0,0,0,0,0,0,0,0,0,3019,NA,0,0,0,0,0,0,0,4.5271629778672,47.2764645426516
2015,"MUNICIPIO",4123857,11009,11500,5913,5587,3111,5931,2458,1528,2887,1172,NA,0.609,NA,NA,150,0,128,1,43,40,29,19,14,4,0,0,149,19,24,29,24.82,7.04164982193556,1,15,46,67,2,18,126,1,0,18,0,29,119,71,79,147,3,1,2,2,9,122,11,14,122,11,38,39,40,38.578231292517,3.05413523861115,0,9,10,2,128,26,124,62,88,146,4,0,30,34,22,10,33,1,3,3,0,11,149,1,0,0,0,81,69,126,1,0,18,0,8,130,12,3000,3300,3565,3270.26666666667,563.123440240722,6,108,21,2,148,9.47333333333333,0.974139900559102,0,150,63,0,0,7,56,1,13,22,1,19,37,26,2,0,1,1,0,0,0,1,0,0,0,0,1,0,0,0,0,0,0,0,0,0,0,0,0,0,4096,NA,6.66666666666667,0,6.66666666666667,6.66666666666667,0,34.6380325597506,666.666666666667,5.72259060768462,51.9570488396259
2015,"MUNICIPIO",4123907,12432,12435,6171,6264,2476,6321,3638,1188,3176,1900,NA,0.7,NA,NA,158,0,140,0,24,47,37,31,15,4,0,0,158,21,25,31,26.1455696202532,6.34750158921276,0,12,38,82,5,19,84,16,1,55,0,66,92,59,99,156,2,0,0,0,13,133,12,13,133,12,38,39,40,38.7721518987342,1.80550726565526,0,41,3,6,99,78,80,38,120,141,3,9,30,22,23,9,43,1,2,2,9,12,158,0,0,0,0,76,82,86,16,1,55,0,12,142,4,2952.5,3205,3498.75,3187.40506329114,445.743393061834,11,128,12,2,156,9.73417721518987,0.840213208602832,1,157,118,0,0,6,112,2,17,46,13,34,72,46,4,0,2,2,0,1,0,1,0,0,1,0,3,0,0,0,0,0,0,0,0,0,0,0,0,0,12124,5533,18.9873417721519,0,12.6582278481013,12.6582278481013,0,94.4584382871537,1898.73417721519,9.49163449163449,49.7481108312343
2015,"MUNICIPIO",4123956,3849,3571,1843,1728,898,1933,740,428,938,362,NA,0.704,NA,NA,42,0,33,1,9,9,12,7,3,1,0,0,41,20.25,26,29.75,25.3809523809524,6.4010379529984,0,3,15,17,3,3,26,1,0,13,0,11,31,12,30,42,0,0,0,2,3,34,3,5,34,3,38,39,40,38.6904761904762,2.64564156300643,0,8,1,4,28,42,0,12,30,34,3,1,5,2,11,1,10,2,1,0,1,5,42,0,0,0,0,22,20,26,1,0,13,0,4,34,4,2865,3300,3700,3285,655.947462203134,1,32,8,2,40,9.07142857142857,0.997383336116943,0,42,17,0,0,3,14,0,3,7,1,3,11,6,0,0,0,0,0,0,0,0,0,0,0,0,0,0,0,0,0,0,0,0,0,0,0,0,0,0,3800,NA,0,0,0,0,0,0,0,4.41673161860223,44.7761194029851
2015,"MUNICIPIO",4124004,5267,5249,2643,2606,1248,2672,1329,628,1311,667,NA,0.687,NA,NA,46,0,38,0,8,9,17,8,4,0,0,0,46,21.25,26,29.75,26.195652173913,5.77588690723922,0,0,12,27,2,5,40,0,0,6,0,7,39,16,30,42,4,0,0,0,0,42,0,0,42,0,38,39,40,38.9285714285714,1.25703594730712,0,0,2,2,42,45,1,17,29,44,2,0,10,3,9,5,11,0,0,4,0,0,46,0,0,0,0,25,21,40,0,0,6,0,1,45,0,2940,3245,3507.5,3194.9347826087,447.230708654141,3,34,1,1,45,9.6304347826087,1.25359386746309,0,46,37,0,0,3,34,0,5,15,4,10,21,16,4,0,0,0,0,0,0,0,0,0,0,0,0,0,0,0,0,0,0,0,0,0,0,0,0,0,4048,364,0,0,0,0,0,0,0,7.02487184355421,35.0877192982456
2015,"MUNICIPIO",4124020,10509,10332,5248,5084,2607,5815,1910,1239,2889,956,NA,0.705,NA,NA,199,0,193,0,38,62,46,35,16,2,0,0,199,21,24,30,25.4020100502513,6.12242079110321,0,5,50,111,7,26,173,1,1,24,0,25,174,76,123,194,5,0,3,1,15,178,1,19,178,1,38,39,40,38.4242424242424,2.21252048241245,2,41,7,9,140,199,0,93,106,187,11,1,15,47,20,42,43,3,6,5,1,16,199,0,0,0,0,101,98,173,1,1,24,0,13,183,3,2905,3140,3412.5,3117.78894472362,534.624512505846,13,169,11,4,195,9.30150753768844,0.870125811577383,5,194,77,0,0,10,67,3,17,18,8,21,42,35,9,0,3,2,1,0,0,3,0,0,0,0,3,0,0,0,0,0,0,0,0,0,0,0,0,0,10507,NA,15.0753768844221,5.0251256281407,10.0502512562814,15.0753768844221,0,103.842159916926,1507.53768844221,7.3270530021886,68.8819660782278
2015,"MUNICIPIO",4124053,22570,20841,10197,10644,4951,11774,4116,2407,6083,2154,NA,0.738,NA,NA,315,0,271,2,48,93,77,55,37,3,0,0,313,21,25,31,26.1650793650794,6.36156248909011,1,16,89,141,17,50,220,13,1,81,0,173,142,130,185,309,6,0,2,0,28,275,7,30,275,7,38,39,40,38.4903846153846,2.00158390162914,1,57,12,18,221,311,4,133,182,270,21,1,18,82,14,58,66,9,11,6,1,24,310,3,0,2,0,171,144,220,13,1,81,0,24,275,16,2910,3255,3552.5,3205.41587301587,566.868946875694,17,262,26,5,306,9.19292604501608,0.997455532680183,3,312,124,0,0,23,101,2,23,27,19,30,78,46,11,0,2,2,0,0,0,2,0,0,0,0,2,0,0,0,0,0,0,0,0,0,0,0,0,0,22565,8619,6.34920634920635,0,6.34920634920635,6.34920634920635,0,32.8785138911721,634.920634920635,5.49401860877271,51.7836593785961
2015,"MUNICIPIO",4124103,45299,42707,21003,21704,10051,22683,9973,4928,11479,5297,NA,0.718,NA,NA,610,0,549,6,116,147,154,129,49,8,1,0,604,20,26,31,25.9180327868852,6.44057102071042,3,41,189,274,24,78,462,24,0,124,0,122,488,213,397,602,8,0,1,3,64,487,15,68,487,15,38,39,39,38.4421052631579,1.94049867382992,2,75,15,34,468,15,595,268,342,591,19,0,134,43,142,38,129,4,13,8,0,60,610,0,0,0,0,305,305,462,24,0,124,0,41,537,32,2880,3220,3515,3199.52131147541,513.726851420284,41,461,61,0,608,9.6266447368421,0.582909188763204,1,608,316,0,0,29,287,19,55,104,38,71,181,135,12,0,2,1,1,3,0,2,0,0,0,0,5,1,0,0,0,0,1,1,0,0,0,0,0,0,43882,39808,8.19672131147541,1.63934426229508,1.63934426229508,3.27868852459016,8.71156024043906,43.5578012021953,819.672131147541,6.97587143204044,53.1405174666783
2015,"MUNICIPIO",4124202,2757,2727,1346,1381,586,1443,698,301,718,362,NA,0.696,NA,NA,23,0,21,0,6,8,8,0,1,0,0,0,23,19.5,22,27.5,23.5652173913043,5.0706471431754,0,0,2,18,1,2,15,1,0,7,0,2,21,12,11,21,2,0,0,0,4,19,0,4,19,0,38,39,39,38.2608695652174,1.83940186187961,0,2,0,2,19,23,0,2,21,23,0,0,9,1,1,3,5,0,0,2,0,2,23,0,0,0,0,13,10,15,1,0,7,0,3,19,1,2987.5,3250,3467.5,3150.65217391304,588.233689546754,0,20,1,0,23,9.69565217391304,0.558795995356872,0,23,23,0,0,1,22,0,7,6,2,7,13,10,3,0,0,0,0,0,0,0,0,0,0,0,0,0,0,0,1,0,1,1,0,0,0,1,0,0,2723,NA,0,0,0,0,139.275766016713,0,0,8.3424011606819,32.033426183844
2015,"MUNICIPIO",4124301,2333,2408,1200,1208,557,1210,641,264,626,318,NA,0.716,NA,NA,17,0,17,1,3,1,8,3,1,0,0,0,16,24,27,29,25.7058823529412,5.92415295508937,0,0,5,7,0,5,11,0,0,6,0,2,15,6,11,17,0,0,1,0,2,14,0,3,14,0,37,39,40,37.9411764705882,3.682230781661,0,4,0,0,13,17,0,4,13,17,0,0,1,4,2,1,6,0,0,0,0,3,17,0,0,0,0,10,7,11,0,0,6,0,4,13,0,2535,2745,3550,2881.47058823529,771.4004405663,4,12,1,0,17,9.58823529411765,0.618346942400842,0,17,15,0,0,2,13,0,2,5,3,3,11,4,0,0,1,1,0,0,0,1,0,0,0,0,1,0,0,0,0,0,0,0,0,0,0,0,0,0,1972,NA,58.8235294117647,0,58.8235294117647,58.8235294117647,0,159.744408945687,5882.35294117647,6.42948992713245,27.1565495207668
2015,"MUNICIPIO",4124400,19958,18893,9265,9628,4952,9579,4362,2498,4901,2229,NA,0.671,NA,NA,293,0,271,3,51,80,68,59,25,6,1,0,290,21,25,31,26.0170648464164,6.59672881672401,1,21,148,82,10,31,186,6,37,61,0,185,105,111,182,285,7,0,0,1,21,253,15,22,253,15,38,39,40,38.8551724137931,1.91146354313783,0,53,6,6,222,93,200,117,176,215,48,29,42,24,65,14,44,20,24,7,29,20,293,0,0,0,0,141,152,186,6,37,61,0,26,244,23,2900,3200,3500,3180.43686006826,546.356976239892,26,221,35,2,291,9.70648464163822,0.621414865891527,1,292,111,0,0,4,107,4,39,39,6,19,64,47,5,0,1,1,0,1,0,1,0,0,0,0,2,0,0,0,0,1,0,0,0,0,0,0,0,0,15825,9016,6.8259385665529,0,3.41296928327645,3.41296928327645,0,40.8079983676801,682.59385665529,5.56167952700671,59.7837176086513
2015,"MUNICIPIO",4124509,5481,5269,2663,2606,1084,2946,1239,519,1447,640,NA,0.739,NA,NA,72,0,68,0,8,20,18,17,9,0,0,0,72,22,27,31.25,27.0694444444444,6.03120147535354,0,3,26,35,2,6,44,1,0,26,0,9,63,24,48,70,2,0,0,1,7,62,2,8,62,2,38,39,39,38.4166666666667,1.92646505435053,1,18,2,5,45,72,0,26,46,64,8,0,3,17,13,5,20,1,6,2,0,5,72,0,0,0,0,38,34,44,1,0,26,0,6,62,4,2977.5,3262.5,3557.5,3188.93055555556,555.104693244129,5,59,6,0,72,9.15277777777778,0.464507075469459,1,71,43,0,0,4,39,0,7,14,5,13,28,15,1,0,0,0,0,0,0,0,0,0,0,0,0,0,0,0,0,0,0,0,0,0,0,0,0,0,5480,2699,0,0,0,0,0,0,0,7.84528370735267,49.7581202487906
2015,"MUNICIPIO",4124608,6756,6354,3254,3100,1413,3551,1390,672,1725,703,NA,0.682,NA,NA,98,0,94,0,21,20,32,16,5,3,1,0,98,21,26,29.75,25.8979591836735,6.58252888438636,1,7,33,44,4,9,62,0,0,36,0,11,87,43,55,96,2,0,0,2,12,81,1,14,81,1,37,38,39,37.9479166666667,1.99140147247144,0,12,5,9,72,58,40,19,79,93,5,0,17,21,10,11,21,1,2,2,0,11,98,0,0,0,0,48,50,62,0,0,36,0,5,90,3,2931.25,3132.5,3347.5,3110.71428571429,476.836114836503,3,84,7,0,98,9.71428571428571,0.556127998320049,0,98,39,0,0,4,35,1,12,9,7,6,23,16,1,0,0,0,0,0,0,0,0,0,0,0,0,0,0,0,0,0,0,0,0,0,0,0,0,0,6755,NA,0,0,0,0,0,0,0,5.77264653641208,56.8115942028986
2015,"MUNICIPIO",4124707,11553,11337,5846,5491,2925,5770,2642,1444,2792,1255,NA,0.637,NA,NA,153,0,131,3,46,46,25,18,12,3,0,0,150,18,22,29,23.9346405228758,6.70984469446748,2,8,48,77,4,13,64,7,1,53,28,33,117,65,88,151,2,0,0,2,9,128,8,11,128,8,38,39,39.5,38.7006802721088,1.88147044646189,0,27,3,5,113,151,2,52,101,145,4,3,27,26,24,15,37,3,1,2,3,9,149,0,0,4,0,83,70,64,7,1,53,28,8,136,9,2950,3250,3560,3228.75816993464,526.921072015032,8,114,17,2,151,9.66013071895425,0.770879527525561,2,151,81,0,0,16,65,3,10,19,16,17,52,29,1,0,2,2,0,0,0,1,0,0,0,1,2,0,0,0,0,0,0,0,0,0,0,0,0,0,8500,NA,13.0718954248366,0,13.0718954248366,13.0718954248366,0,71.6332378223496,1307.18954248366,7.01116593092703,54.7994269340974
2015,"MUNICIPIO",4124806,10709,10599,5240,5359,2245,5409,2945,1099,2728,1532,NA,0.727,NA,NA,135,0,126,0,19,38,36,26,14,2,0,0,135,22,26,31,26.3555555555556,6.18672949873738,0,4,34,55,11,31,104,2,2,27,0,25,110,58,77,135,0,0,0,0,10,114,9,10,114,9,38,39,40,38.781954887218,1.9003123581547,0,14,4,7,109,134,1,53,82,134,1,0,25,27,20,18,32,0,1,0,0,10,135,0,0,0,0,74,61,104,2,2,27,0,5,125,5,2945,3195,3520,3230.7037037037,442.61568306673,4,106,17,3,132,9.17037037037037,0.981475744948139,1,134,94,0,0,16,78,1,20,31,7,19,57,37,2,0,0,0,0,2,0,0,0,0,0,0,2,0,0,0,0,0,0,0,0,0,0,0,0,0,7356,4853,14.8148148148148,0,0,0,0,73.3137829912023,1481.48148148148,8.77766364739938,49.4868035190616
2015,"MUNICIPIO",4124905,6038,5911,2925,2986,1384,3130,1397,676,1557,753,NA,0.664,NA,NA,76,0,75,0,17,29,11,13,4,1,1,0,76,20,23,29.25,24.6315789473684,6.60876610825986,0,2,22,40,1,11,43,3,0,30,0,10,66,35,41,76,0,0,0,0,5,70,1,5,70,1,38,39,39,38.6052631578947,1.38640010933276,0,2,4,7,62,75,1,10,66,72,3,1,30,2,10,3,24,1,2,0,1,3,75,0,0,1,0,34,42,43,3,0,30,0,5,68,3,3012.5,3320,3555,3264.84210526316,433.23422618353,4,64,8,1,75,9.6578947368421,0.740317617944215,1,75,47,0,0,4,43,4,7,14,3,15,24,23,3,0,1,1,0,0,0,0,0,0,1,0,1,0,0,0,0,0,0,0,0,0,0,0,0,0,6027,4860,13.1578947368421,0,13.1578947368421,13.1578947368421,0,64.2260757867694,1315.78947368421,7.78403444849288,48.8118175979448
2015,"MUNICIPIO",4125001,11228,11525,5678,5847,2345,5889,3291,1181,2988,1678,NA,0.693,NA,NA,147,0,140,3,27,42,33,23,14,5,0,0,144,20.5,25,31,25.6734693877551,6.82176539367818,1,3,48,79,2,13,63,10,0,73,0,31,116,59,88,145,2,0,1,0,20,124,1,21,124,1,38,39,39,38.3082191780822,2.06969952339631,1,8,0,2,134,48,99,16,131,108,38,0,19,15,7,9,39,14,24,2,0,16,146,0,0,1,0,79,68,63,10,0,73,0,12,127,8,2880,3225,3557.5,3179.74149659864,572.696686180502,9,120,15,2,145,9,1.116501384892,2,145,117,0,0,10,107,6,11,38,9,43,71,46,5,0,3,3,0,0,0,3,0,0,0,0,3,0,0,0,0,0,0,0,0,0,0,0,0,0,10179,1792,20.4081632653061,0,20.4081632653061,20.4081632653061,0,100.401606425703,2040.81632653061,10.4203776273602,49.1967871485944
2015,"MUNICIPIO",4125100,14700,13704,7208,6496,3630,7504,2570,1773,3505,1218,NA,0.629,NA,NA,169,0,144,0,25,56,39,27,18,4,0,0,169,21,25,30,25.8520710059172,6.28362468148642,0,23,74,56,5,10,153,0,0,15,0,61,106,74,95,165,4,0,0,1,17,139,3,18,139,3,38,39,40,38.35625,1.96941032901352,0,29,2,4,130,125,44,89,80,160,5,1,38,17,39,14,23,3,2,4,1,17,169,0,0,0,0,94,75,153,0,0,15,0,10,150,9,2960,3280,3550,3241.77514792899,503.349302740328,9,127,19,1,168,9.55621301775148,0.697427143879564,0,168,78,0,0,11,67,3,19,23,9,13,48,30,5,0,1,1,0,0,0,1,0,0,0,0,1,0,0,0,0,0,0,0,0,0,0,0,0,0,4384,365,5.91715976331361,0,5.91715976331361,5.91715976331361,0,28.5306704707561,591.715976331361,5.30612244897959,48.2168330955777
2015,"MUNICIPIO",4125209,9302,9085,4546,4539,1863,4840,2382,903,2427,1209,NA,0.722,NA,NA,124,0,120,1,24,36,31,19,11,2,0,0,123,20,25,30,25.2903225806452,6.50174985020248,1,4,42,55,7,15,103,1,0,20,0,21,103,58,66,124,0,0,1,1,17,102,3,19,102,3,37,38,39.25,38.1612903225806,2.2753078833002,0,12,1,5,105,48,76,53,70,118,6,0,29,19,22,13,17,3,3,0,0,18,122,0,1,1,0,62,61,103,1,0,20,0,5,112,7,2857.5,3187.5,3503,3191.20161290323,531.257382232228,9,100,13,2,122,9.76612903225806,0.699696461107858,2,122,65,0,0,12,53,1,13,20,4,15,40,25,4,0,0,0,0,2,0,0,0,0,0,0,3,0,0,0,0,0,0,0,0,0,0,0,0,0,6415,NA,16.1290322580645,0,0,0,0,123.609394313968,2419.35483870968,6.98774457105999,51.0918829831067
2015,"MUNICIPIO",4125308,5674,5517,2724,2793,1088,2871,1558,530,1448,815,NA,0.743,NA,NA,52,0,50,0,5,13,14,11,8,1,0,0,52,22,27.5,33,27.5192307692308,6.2825322252566,0,1,9,26,3,13,40,0,0,12,0,14,38,20,32,52,0,0,0,0,8,42,1,8,42,1,38,39,39.5,38.4509803921569,1.81453823867337,0,2,1,3,46,52,0,16,36,50,2,0,6,10,4,3,18,1,1,0,0,8,52,0,0,0,0,30,22,40,0,0,12,0,3,46,3,2928.75,3220,3397.5,3161.63461538462,447.397398856733,3,44,3,0,52,9.69230769230769,0.46604138242837,0,52,36,0,0,5,31,1,4,11,2,13,24,12,1,0,0,0,0,0,0,0,0,0,0,0,0,0,0,0,0,1,0,0,0,0,0,0,0,0,5500,5500,0,0,0,0,0,0,0,6.34473034896017,35.9116022099448
2015,"MUNICIPIO",4125357,6015,6041,3068,2973,1127,3157,1757,556,1561,856,NA,0.676,NA,NA,79,0,79,1,14,23,23,10,5,3,0,0,78,21,25,28.5,25.4430379746835,6.4365678771377,0,4,15,43,3,14,48,2,0,29,0,34,45,36,43,79,0,0,0,0,5,72,2,5,72,2,38,39,39.5,38.620253164557,1.62751814727253,0,7,0,5,67,22,57,8,71,76,3,0,12,21,8,6,24,3,0,0,0,5,79,0,0,0,0,39,40,48,2,0,29,0,2,77,0,2942.5,3190,3387.5,3183.54430379747,351.437662615032,5,71,3,0,79,9.59493670886076,0.742811487659747,0,79,58,0,0,10,48,4,10,15,12,7,42,16,1,0,0,0,0,0,0,0,0,0,0,0,0,0,0,0,0,0,0,0,0,0,0,0,0,0,5458,NA,0,0,0,0,0,0,0,9.64256026600166,50.6085842408712
2015,"MUNICIPIO",4125407,6539,6511,3363,3148,1547,3241,1723,755,1566,827,NA,0.671,NA,NA,60,0,58,0,14,14,11,16,2,3,0,0,60,20,25,31,25.8166666666667,6.91961512270211,1,9,21,25,0,4,44,2,0,14,0,16,44,23,37,60,0,0,0,0,7,48,3,7,48,3,38,39,39.75,38.4655172413793,2.00188960946138,0,7,2,6,45,60,0,28,32,58,2,0,12,9,11,7,10,1,1,0,0,7,60,0,0,0,0,37,23,44,2,0,14,0,8,51,1,2822.5,3130,3423.75,3089.2,489.545856649519,9,46,3,0,60,9.73333333333333,0.548238061202807,0,60,50,0,0,4,46,4,9,12,8,13,33,17,2,0,2,2,0,0,0,2,0,0,0,0,2,0,0,0,0,0,0,0,0,0,0,0,0,0,4554,NA,33.3333333333333,0,33.3333333333333,33.3333333333333,0,127.713920817369,3333.33333333333,7.64642911760208,38.3141762452107
2015,"MUNICIPIO",4125456,3847,3830,1926,1904,860,2017,953,412,1020,472,NA,0.713,NA,NA,59,0,46,0,7,16,17,12,6,1,0,0,59,22,26,33,26.7118644067797,6.48087597170381,0,7,22,22,3,5,30,1,0,26,0,7,51,14,45,55,4,0,0,1,5,50,3,6,50,3,38,39,40,38.5423728813559,2.12799107058589,0,13,0,3,41,42,17,13,45,54,2,0,4,6,10,3,23,1,1,4,0,4,59,0,0,0,0,35,24,30,1,0,26,0,5,50,4,3022.5,3200,3525,3228.47457627119,453.975024223086,3,44,8,0,59,9.49152542372881,0.817331261841776,0,58,28,0,0,1,27,0,6,15,2,4,21,7,1,0,0,0,0,0,0,0,0,0,0,0,0,0,0,0,0,0,0,0,0,0,0,0,0,0,3258,NA,0,0,0,0,0,0,0,7.2783987522745,57.843137254902
2015,"MUNICIPIO",4125506,297895,264210,130597,133613,66506,154659,43045,32716,78003,22894,NA,0.758,NA,NA,5078,0,4248,26,762,1283,1280,1051,519,147,10,0,5052,21,26,31,26.6858999606144,6.56375845394941,9,162,1318,2511,251,783,4105,91,9,779,4,2563,2470,2083,2995,4959,115,4,22,62,476,4240,199,564,4240,199,38,39,40,38.4569258444933,2.28591411530719,24,781,165,175,3732,2203,2875,2205,2869,4730,187,11,521,1203,522,726,1156,68,91,115,11,457,5064,3,7,4,0,2605,2473,4105,91,9,779,4,423,4442,213,2900,3205,3510,3168.11343048444,552.176535776567,320,3991,486,80,4986,9.40840900118437,0.967385397203471,22,4925,1531,0,0,229,1302,92,322,393,160,335,877,654,101,0,26,20,6,16,0,22,0,0,2,0,42,2,0,0,0,2,2,2,0,1,0,1,0,0,294343,193167,8.27097282394644,1.18156754627806,3.93855848759354,5.1201260338716,2.56400394856608,53.8440829198877,827.097282394643,5.13939475318485,65.1000602540928
2015,"MUNICIPIO",4125555,2180,2098,1054,1044,431,1094,573,222,530,292,NA,0.725,NA,NA,20,0,19,0,4,3,8,3,2,0,0,0,20,20,25.5,29.5,26.1,6.56064823498089,0,0,3,14,0,2,18,0,0,2,0,1,19,9,11,20,0,0,1,1,0,18,0,2,18,0,37.75,38,39,37.45,3.44085362725742,0,3,1,0,16,20,0,8,12,19,1,0,3,4,3,1,6,0,1,0,0,2,20,0,0,0,0,12,8,18,0,0,2,0,4,14,2,2773.75,3172.5,3446.25,2979.5,793.3256117861,3,15,2,0,20,9.7,0.656946685331786,0,20,17,0,0,0,17,3,3,2,6,3,12,5,0,0,1,1,0,0,0,1,0,0,0,0,1,0,0,0,0,0,0,0,0,0,0,0,0,0,1714,NA,50,0,50,50,0,188.679245283019,5000,7.79816513761468,37.7358490566038
2015,"MUNICIPIO",4125605,44594,41257,20781,20476,10262,23047,7948,5011,11424,4041,NA,0.719,NA,NA,618,0,540,3,102,156,151,112,78,15,1,0,615,21,26,32,26.6084142394822,6.79775397242491,0,43,168,315,14,76,555,9,0,44,0,114,495,259,359,614,4,0,5,6,43,520,17,54,520,17,38,39,40,38.6209813874788,2.23345131980934,0,76,38,38,452,146,472,236,381,586,23,2,103,111,94,55,147,10,12,3,2,47,617,0,1,0,0,310,308,555,9,0,44,0,49,540,29,2931.25,3270,3560,3216.90938511327,559.304958995099,36,485,61,6,610,9.59415584415584,0.832802069066962,8,605,271,0,0,33,238,5,62,85,40,46,172,99,11,0,6,3,3,0,0,6,0,0,0,0,6,0,0,0,0,1,0,0,0,0,0,0,0,0,28910,13151,9.70873786407767,4.85436893203883,4.85436893203883,9.70873786407767,0,52.5210084033613,970.873786407767,6.07705072431269,54.0966386554622
2015,"MUNICIPIO",4125704,27197,25769,12857,12912,6038,14244,5487,2863,7212,2837,NA,0.704,NA,NA,433,0,272,7,81,116,95,81,43,10,0,0,426,20,25,31,25.8568129330254,6.78320406678763,11,30,146,163,16,62,199,7,3,159,37,89,340,158,275,424,6,0,2,2,47,365,15,51,365,15,38,39,39,38.4013921113689,2.10512064766843,0,103,25,29,261,430,3,102,330,322,8,1,68,31,68,31,83,4,3,6,1,36,430,3,0,0,0,205,228,199,7,3,159,37,29,382,22,2930,3230,3490,3215.63972286374,502.107898884438,29,333,57,1,428,9.66433566433567,0.655074255019665,3,428,184,0,0,39,145,4,33,40,30,38,106,78,16,0,3,2,1,3,0,2,0,0,1,0,4,0,0,0,0,0,0,0,0,0,0,0,0,0,22698,14250,13.8568129330254,2.3094688221709,4.6189376443418,6.9284064665127,0,55.4631170271769,923.78752886836,6.7654520719197,60.038824181919
2015,"MUNICIPIO",4125753,6388,6491,3292,3199,1447,3311,1733,703,1653,843,NA,0.683,NA,NA,60,0,47,0,20,16,11,8,5,0,0,0,60,19,22.5,28.25,23.8166666666667,6.13821501870203,1,4,16,28,1,7,33,4,0,22,0,11,49,28,32,60,0,0,0,1,3,53,2,4,53,2,38,39,40,38.5932203389831,1.98371511500775,0,10,4,4,40,60,0,23,37,57,1,0,10,14,7,4,17,0,1,0,0,4,58,0,2,0,0,34,26,33,4,0,22,0,3,55,2,2868.75,3135,3487.5,3192.25,475.907184548715,4,44,9,0,58,9.41379310344828,0.563026993171129,2,57,44,0,0,7,37,1,3,17,4,12,34,10,2,0,0,0,0,0,0,0,0,0,0,0,0,0,0,0,0,0,0,0,0,0,0,0,0,0,4724,NA,0,0,0,0,0,0,0,6.88791484032561,36.2976406533575
2015,"MUNICIPIO",4125803,10799,10167,5115,5052,2248,5616,2303,1096,2778,1178,NA,0.717,NA,NA,102,0,94,3,20,28,23,21,4,3,0,0,99,20,24.5,30,25.1470588235294,6.68291312957872,2,2,36,49,2,11,61,10,0,30,0,32,70,40,62,98,4,0,1,2,6,90,2,9,90,2,38,39,39,38.2772277227723,2.2896236017354,1,10,5,4,81,59,43,16,86,97,4,1,13,19,11,15,28,0,3,4,1,7,102,0,0,0,0,49,53,61,10,0,30,0,12,86,4,2852.5,3112.5,3533,3106.67647058824,568.900349062696,6,82,9,1,101,9.7156862745098,0.694781837407919,0,102,70,0,0,7,63,2,11,14,12,24,53,17,3,0,0,0,0,0,0,0,0,0,0,0,0,0,0,0,1,0,1,1,0,1,0,0,0,0,9782,5362,0,0,0,0,35.9971202303816,0,0,6.48208167422909,36.7170626349892
2015,"MUNICIPIO",4125902,2474,2491,1261,1230,541,1311,639,256,651,323,NA,0.704,NA,NA,56,0,35,0,9,16,12,15,4,0,0,0,56,21,25.5,31,25.625,6.13947732451076,0,1,19,27,3,6,28,0,1,27,0,23,33,21,35,53,3,0,0,0,2,53,1,2,53,1,38,39,39,38.5892857142857,1.20267558860591,0,7,6,4,39,56,0,11,44,34,0,3,9,3,11,3,6,0,0,3,3,1,56,0,0,0,0,27,29,28,0,1,27,0,5,45,6,2956.25,3220,3495,3232.94642857143,550.567291557052,6,40,7,0,56,9.92857142857143,0.259870097418821,0,56,30,0,0,1,29,2,4,9,2,12,18,12,1,0,0,0,0,0,0,0,0,0,0,0,0,0,0,0,0,0,0,0,0,0,0,0,0,0,2177,NA,0,0,0,0,0,0,0,12.1261115602264,86.0215053763441
2015,"MUNICIPIO",4126009,8952,8626,4256,4370,1968,4591,2067,977,2314,1079,NA,0.715,NA,NA,115,0,106,1,27,24,35,20,7,1,0,0,114,20,26,29,24.8608695652174,6.28962799296231,0,2,31,61,6,15,62,1,1,50,1,21,94,47,68,111,4,0,0,0,17,95,2,17,95,2,37,38,39,38.1491228070175,1.83974053644043,0,14,0,6,94,112,3,33,82,103,8,4,13,21,19,6,29,4,1,4,4,13,115,0,0,0,0,64,51,62,1,1,50,1,9,104,2,2837.5,3150,3442.5,3137.53043478261,458.196374849527,7,94,7,2,112,9.60526315789474,0.771372997852847,1,114,53,0,0,9,44,3,7,16,5,13,31,22,0,0,1,0,1,0,0,1,0,0,0,0,1,0,0,0,0,0,0,0,0,0,0,0,0,0,8944,NA,8.69565217391304,8.69565217391304,0,8.69565217391304,0,43.2152117545376,869.565217391304,5.92046470062556,49.6974935177182
2015,"MUNICIPIO",4126108,5657,5349,2696,2653,1159,2970,1220,563,1463,627,NA,0.725,NA,NA,70,0,65,1,12,21,19,9,7,1,0,0,69,20,25,29,25.4428571428571,6.32601189542315,0,3,18,37,4,8,47,1,2,20,0,8,62,26,44,66,4,0,0,0,7,63,0,7,63,0,38,39,39,38.3285714285714,1.61264413867797,0,9,3,2,55,70,0,29,41,68,0,2,12,11,10,10,16,0,0,4,2,5,70,0,0,0,0,38,32,47,1,2,20,0,7,61,2,2866.25,3210,3511.25,3188.64285714286,489.198487789452,3,56,7,0,70,9.78571428571429,0.478307921645568,0,70,40,0,0,6,34,0,6,13,6,9,23,17,2,0,0,0,0,0,0,0,0,0,0,0,0,0,0,0,0,0,0,0,0,0,0,0,0,0,5656,NA,0,0,0,0,0,0,0,7.07088562842496,47.8468899521531
2015,"MUNICIPIO",4126207,6908,6736,3507,3229,1746,3496,1494,830,1681,718,NA,0.655,NA,NA,90,0,80,1,20,26,21,13,6,2,1,0,89,20,23.5,29,25,6.7988763116506,0,9,34,33,3,10,61,3,0,26,0,14,74,35,55,90,0,0,1,1,5,76,2,7,76,2,38,39,40,38.5764705882353,2.28022800963201,0,12,0,3,74,89,1,28,62,82,6,2,10,17,13,7,24,4,2,0,2,6,89,0,0,1,0,41,49,61,3,0,26,0,4,83,3,2970,3140,3461.25,3175.42222222222,498.306434708012,8,68,8,2,87,9.60674157303371,1.23046533629364,0,89,57,0,0,9,48,4,7,14,10,13,35,22,2,0,0,0,0,1,0,0,0,0,0,0,1,0,0,0,0,0,0,0,0,0,0,0,0,0,5000,NA,11.1111111111111,0,0,0,0,59.4883997620464,1111.11111111111,8.2513028372901,53.5395597858418
2015,"MUNICIPIO",4126256,90376,82847,40830,42017,19929,46989,15929,9735,23801,8481,NA,0.695,NA,NA,1551,0,1499,13,265,420,415,276,124,38,0,0,1538,21,25,30,25.8330109606705,6.34094476723856,2,39,464,847,64,135,904,52,2,591,0,500,1049,636,915,1513,36,0,10,20,146,1365,6,176,1365,6,38,39,39,38.2262443438914,2.101378602445,5,179,125,123,1119,613,938,465,1086,1489,62,0,256,278,222,132,431,28,27,36,0,135,1543,2,5,1,0,841,709,904,52,2,591,0,145,1344,62,2900,3190,3488,3160.13733075435,559.144347309437,86,1284,139,14,1536,9.63161290322581,0.808544974597592,11,1537,506,0,0,69,437,22,84,150,59,122,316,190,21,0,12,9,3,5,0,6,0,0,6,0,17,0,0,0,0,0,0,0,0,0,0,0,0,0,NA,NA,10.9606705351386,1.93423597678917,5.8027079303675,7.73694390715667,0,71.4255703541868,1096.06705351386,5.59883154819864,65.1653291878492
2015,"MUNICIPIO",4126272,5372,5028,2537,2491,1322,2619,1087,657,1300,534,NA,0.699,NA,NA,74,0,70,2,17,19,15,15,5,1,0,0,72,19.25,24,30,24.7972972972973,6.64764811584122,0,3,21,38,0,12,43,2,0,29,0,14,60,36,38,74,0,0,0,0,4,68,2,4,68,2,38,39,40,38.8243243243243,1.69897719520045,0,14,3,4,51,74,0,33,41,74,0,0,15,19,16,3,17,0,0,0,0,4,74,0,0,0,0,36,38,43,2,0,29,0,6,65,3,3026.25,3227.5,3557.5,3230.89189189189,496.205701036956,4,61,8,1,73,8.90540540540541,0.813733471206735,1,72,40,0,0,3,37,1,7,13,6,10,28,12,2,0,0,0,0,0,0,0,0,0,0,0,0,0,0,0,0,0,0,0,0,0,0,0,0,0,3718,NA,0,0,0,0,0,0,0,7.44601638123604,56.9230769230769
2015,"MUNICIPIO",4126306,19302,18414,9463,8951,5186,9939,3289,2550,4877,1524,NA,0.663,NA,NA,252,0,244,5,58,81,42,41,21,4,0,0,247,19.75,24,30,24.6785714285714,6.53917532165241,0,72,87,80,3,10,185,2,0,65,0,155,97,101,151,246,6,0,0,0,15,233,0,15,233,0,38,39,39,38.4798387096774,1.35260910498346,1,43,14,21,171,249,3,56,196,247,3,0,52,41,49,26,60,0,3,6,0,13,250,0,1,1,0,125,127,185,2,0,65,0,19,218,15,2809,3142,3459.5,3160.57936507937,502.316654675649,22,198,24,2,250,9.75396825396825,0.732691462939666,1,251,98,0,0,7,91,3,15,28,12,33,62,36,6,0,1,1,0,1,0,1,0,0,0,0,2,0,0,0,0,0,0,0,0,0,0,0,0,0,16242,8423,7.93650793650794,0,3.96825396825397,3.96825396825397,0,41.0088168956326,793.650793650794,5.07719407315304,51.671109288497
2015,"MUNICIPIO",4126355,4652,4568,2229,2339,881,2363,1324,455,1189,695,NA,0.762,NA,NA,53,0,14,0,5,12,17,12,4,3,0,0,53,24,27,32,27.6415094339623,6.4004036520022,0,4,17,15,2,15,48,0,0,5,0,18,35,20,33,46,6,0,0,1,2,49,1,3,49,1,39,39,40,38.8679245283019,1.77631571874372,0,4,3,2,44,53,0,13,40,16,3,0,2,0,8,1,2,0,1,6,0,1,53,0,0,0,0,24,29,48,0,0,5,0,9,42,2,2765,3115,3445,3051.71698113208,617.949443331563,7,37,3,0,53,9.13207547169811,0.708132317303673,1,49,31,0,0,1,30,0,8,10,5,7,14,17,2,0,0,0,0,0,0,0,0,0,0,0,0,0,0,0,0,0,0,0,0,0,0,0,0,0,3346,NA,0,0,0,0,0,0,0,6.66380051590714,44.5752733389403
2015,"MUNICIPIO",4126405,5724,5817,2896,2921,1163,2941,1713,540,1484,897,NA,0.725,NA,NA,46,0,45,0,11,9,11,11,3,1,0,0,46,20.25,25.5,30.75,26.0434782608696,6.56914173910152,0,0,9,29,3,5,28,1,0,17,0,6,40,17,29,46,0,0,0,1,4,40,1,5,40,1,38,39,39,38.2173913043478,1.86086053544245,0,5,0,0,41,46,0,9,37,43,1,2,3,11,5,7,13,1,0,0,2,4,46,0,0,0,0,19,27,28,1,0,17,0,4,42,0,2980,3327.5,3491.25,3214.23913043478,450.276418055626,2,40,3,0,46,9.60869565217391,0.613849814044851,0,46,50,0,0,2,48,0,9,21,11,7,34,16,0,0,0,0,0,0,0,0,0,0,0,0,0,0,0,0,0,0,0,0,0,0,0,0,0,0,NA,NA,0,0,0,0,0,0,0,8.73515024458421,30.9973045822102
2015,"MUNICIPIO",4126504,16373,15638,7748,7890,3220,8444,3974,1574,4208,2108,NA,0.723,NA,NA,178,0,162,1,28,39,56,36,16,2,0,0,177,22,26,30,26.4494382022472,6.1863915460118,0,1,49,99,4,24,113,8,0,56,0,66,109,78,100,170,8,0,1,2,13,160,2,16,160,2,38,39,39,38.3539325842697,2.07037517710209,0,21,7,3,145,175,3,58,120,171,7,0,27,41,27,13,48,1,3,8,0,10,177,1,0,0,0,104,74,113,8,0,56,0,20,149,9,2862.5,3180,3490,3139.46629213483,595.381586313045,13,142,13,0,178,9.76966292134832,0.539701632235576,1,177,129,0,0,13,116,1,27,30,24,34,71,58,3,0,1,0,1,0,0,1,0,0,0,0,1,0,0,0,0,0,0,0,0,0,0,0,0,0,14305,13450,5.61797752808989,5.61797752808989,0,5.61797752808989,0,23.7642585551331,561.797752808989,7.87882489464362,42.3003802281369
2015,"MUNICIPIO",4126603,20094,18454,9206,9248,4042,9951,4461,1954,5004,2290,NA,0.704,NA,NA,266,0,227,2,55,59,65,57,25,3,0,0,264,20,25,31,25.8646616541353,6.6079220093246,0,14,69,133,9,39,243,5,0,14,0,60,205,124,142,264,2,0,0,2,23,205,12,25,205,12,38,39,39,38.4628099173554,1.91105680964585,0,26,6,7,213,159,107,92,174,252,12,1,59,38,45,9,57,6,6,2,1,19,266,0,0,0,0,138,128,244,5,0,14,0,21,237,8,2916.25,3190,3493.75,3174.71804511278,494.326123553937,17,202,21,1,265,9.42857142857143,0.719388779196217,2,264,147,0,0,14,133,7,17,60,23,26,91,56,6,0,1,0,1,2,0,1,0,0,0,0,2,0,0,0,0,0,0,0,0,0,0,0,0,0,17982,11307,11.2781954887218,3.7593984962406,0,3.7593984962406,0,39.9680255795364,751.87969924812,7.31561660197074,53.1574740207834
2015,"MUNICIPIO",4126652,3293,3394,1713,1681,742,1680,972,362,829,490,NA,0.693,NA,NA,33,0,32,0,6,6,7,8,6,0,0,0,33,22,27,33,27.2727272727273,6.4239431391121,0,1,10,14,1,7,29,0,0,4,0,2,31,12,21,33,0,0,0,0,3,30,0,3,30,0,38,38,39,38.0606060606061,1.61901578782053,0,4,0,1,27,33,0,12,21,33,0,0,6,6,4,6,8,0,0,0,0,3,33,0,0,0,0,19,14,29,0,0,4,0,1,31,1,3005,3155,3410,3210.90909090909,360.26998241218,0,31,2,0,33,9.15151515151515,0.795346312983066,1,32,22,0,0,2,20,0,6,5,1,8,13,9,0,0,0,0,0,0,0,0,0,0,0,0,0,0,0,0,0,0,0,0,0,0,0,0,0,0,1829,NA,0,0,0,0,0,0,0,6.6808381415123,39.8069963811821
2015,"MUNICIPIO",4126678,13730,12262,6276,5986,3352,6473,2437,1628,3218,1140,NA,0.621,NA,NA,169,0,156,3,40,49,39,22,12,4,0,0,166,19,24,29,24.5384615384615,6.68420312592095,1,30,67,54,2,12,96,2,1,30,40,44,125,66,103,167,2,0,2,2,9,145,9,13,145,9,38,39,40,38.7005988023952,2.42356645010424,0,26,5,6,128,163,6,91,78,165,2,1,23,35,41,13,37,1,1,2,1,12,167,0,1,1,0,81,88,96,2,1,30,40,15,149,5,2855,3160,3425,3114.77514792899,546.53629827403,11,142,9,1,168,9.76331360946746,0.629306801070196,1,167,70,0,0,11,59,0,10,17,7,25,41,29,1,0,0,0,0,1,0,0,0,0,0,0,0,0,0,0,1,0,1,1,0,0,0,0,0,0,8003,NA,5.91715976331361,0,0,0,31.0752019888129,0,0,5.09832483612527,52.5170913610938
2015,"MUNICIPIO",4126702,4991,4664,2309,2355,927,2551,1186,453,1273,629,NA,0.731,NA,NA,69,0,68,0,12,25,10,11,8,2,1,0,69,20,24,32,26.0144927536232,7.30127457370848,0,3,16,43,3,4,45,1,0,23,0,17,52,37,32,69,0,0,0,2,6,61,0,8,61,0,38,39,39,38.1014492753623,1.75854993352839,0,5,3,3,57,68,1,8,61,64,4,1,20,11,9,2,16,2,2,0,1,6,69,0,0,0,0,37,32,45,1,0,23,0,6,61,2,2880,3205,3445,3137.72463768116,509.396005782915,4,55,10,0,69,9.73913043478261,0.559731393381301,1,68,42,0,0,4,38,1,9,14,4,10,23,19,0,0,1,1,0,1,0,1,0,0,0,0,2,0,0,0,0,0,0,0,0,0,0,0,0,0,4990,NA,28.9855072463768,0,14.4927536231884,14.4927536231884,0,157.109190887667,2898.55072463768,8.41514726507714,54.2026708562451
2015,"MUNICIPIO",4126801,15704,14598,7305,7293,3383,8224,2991,1677,4099,1517,NA,0.703,NA,NA,235,0,228,2,38,59,64,53,14,5,0,0,233,21,26,31,25.8595744680851,6.36240492261734,1,8,69,115,18,23,140,8,2,85,0,57,178,88,147,231,4,0,0,3,16,214,2,19,214,2,38,38,39,38.3234042553191,1.66078613425766,0,31,4,8,190,233,2,53,182,223,10,2,30,45,24,21,83,3,6,4,2,17,233,0,1,1,0,128,107,140,8,2,85,0,10,221,4,2910,3225,3472.5,3197.63404255319,438.519023394524,10,200,21,2,233,9.68510638297872,0.833840543951217,0,235,97,0,0,15,82,3,12,33,9,25,51,46,7,0,1,1,0,1,0,1,0,0,0,0,2,0,0,0,1,0,1,1,0,0,0,1,0,0,15704,13000,8.51063829787234,0,4.25531914893617,4.25531914893617,24.3961941937058,48.7923883874116,851.063829787234,6.17677024961793,57.3310563552086
2015,"MUNICIPIO",4126900,5851,5836,2918,2918,1203,2935,1698,602,1465,851,NA,0.697,NA,NA,74,0,68,2,14,28,15,9,6,0,0,0,72,20,22.5,28,24.0135135135135,6.19211439144992,0,6,29,31,0,7,34,0,0,40,0,47,27,35,39,72,2,0,0,0,8,64,1,8,64,1,37,39,39,38.2876712328767,1.73589115806066,0,16,0,2,56,74,0,32,42,70,3,0,10,21,5,9,16,2,0,2,0,7,74,0,0,0,0,42,32,34,0,0,40,0,7,64,3,2903.75,3215,3575,3185.89189189189,532.01281186467,6,56,8,0,74,9.32432432432432,0.575959190623117,0,74,40,0,0,5,35,1,6,18,2,8,22,18,2,0,0,0,0,0,0,0,0,0,0,0,0,0,0,0,0,0,0,0,0,0,0,0,0,0,4847,NA,0,0,0,0,0,0,0,6.83643821568963,50.5119453924915
2015,"MUNICIPIO",4127007,11495,10283,5332,4951,2768,5537,1978,1361,2673,917,NA,0.671,NA,NA,122,0,117,2,24,35,29,20,9,3,0,0,120,20,24.5,30,25.2950819672131,6.3658288750133,1,5,54,55,2,5,84,2,0,36,0,74,48,43,79,118,4,0,0,0,10,108,4,10,108,4,38,39,40,38.6639344262295,1.70371813007285,1,18,5,8,90,119,3,74,48,112,10,0,14,23,18,27,22,3,5,4,0,6,122,0,0,0,0,65,57,84,2,0,36,0,10,108,4,2850,3202.5,3537.5,3209.87704918033,486.240622979867,9,94,14,0,122,9.80327868852459,0.508430484977508,0,122,59,0,0,3,56,3,6,23,5,19,36,23,3,0,1,1,0,0,0,1,0,0,0,0,1,0,0,0,1,0,1,1,0,0,1,0,0,0,5728,1887,8.19672131147541,0,8.19672131147541,8.19672131147541,37.4111485222596,37.4111485222596,819.672131147541,5.13266637668552,45.6416011971568
2015,"MUNICIPIO",4127106,75809,69872,34386,35486,17951,38049,13872,8886,19270,7330,NA,0.734,NA,NA,1170,0,1084,11,229,294,288,223,100,25,0,0,1159,21,25,30,25.7393162393162,6.45968556500973,1,40,322,631,42,132,924,5,0,239,0,576,583,451,719,1138,32,0,3,16,67,1074,6,86,1074,6,38,39,39,38.3842195540309,1.86263684056322,3,174,36,49,877,135,1035,460,710,1100,63,2,156,246,211,163,235,20,37,31,2,62,1166,2,2,0,0,590,580,924,5,0,239,0,105,1021,44,2865,3180,3465,3142.58376068376,536.480140568605,81,959,93,11,1156,9.01028277634961,0.72440701880113,8,1159,532,0,0,79,453,11,95,130,85,132,287,245,36,0,14,11,3,2,0,12,0,0,0,0,17,0,0,0,2,0,2,1,0,1,0,1,0,0,75794,57622,13.6752136752137,2.56410256410256,9.4017094017094,11.965811965812,10.3788271925272,88.2200311364816,1452.99145299145,7.01763642839241,60.7161390762844
2015,"MUNICIPIO",4127205,16781,15776,7822,7954,3266,8744,3766,1607,4391,1956,NA,0.728,NA,NA,211,0,195,1,34,58,57,39,18,4,0,0,210,21,25,31,25.9336492890995,6.40872585585183,1,3,43,128,17,19,156,5,0,47,0,43,166,94,117,200,10,0,0,3,23,180,5,26,180,5,38,39,40,38.6350710900474,2.10090737078921,0,10,3,3,195,80,131,68,143,170,26,15,47,19,34,8,43,9,13,9,15,13,211,0,0,0,0,106,105,156,5,0,47,0,22,182,7,2900,3200,3525,3158.32227488152,552.615952432084,17,166,16,0,211,9.29857819905213,0.676790652937382,0,211,120,0,0,11,109,2,23,41,20,23,76,44,6,0,0,0,0,0,0,0,0,0,0,0,0,0,0,0,1,0,1,1,0,0,0,0,1,0,16778,4560,0,0,0,0,22.7738556137554,0,0,7.15094452058876,48.0528353450239
2015,"MUNICIPIO",4127304,16326,15221,7609,7612,3425,8177,3619,1648,4101,1863,NA,0.71,NA,NA,238,0,228,3,54,71,47,41,19,2,1,0,235,20,24,30,24.8823529411765,6.42604992565875,1,7,66,130,8,26,143,14,0,81,0,72,166,119,119,232,6,1,0,1,42,188,6,44,188,6,37,38,39,37.9747899159664,2.35449900562579,0,29,8,22,177,94,144,19,219,226,10,2,79,18,18,7,65,3,4,6,2,36,238,0,0,0,0,140,98,143,14,0,81,0,21,210,7,2832.5,3160,3488.75,3142.03361344538,511.692614954234,12,186,31,2,236,9.42436974789916,0.876651318139496,0,238,126,0,0,14,112,1,20,52,9,30,67,59,2,0,1,1,0,1,0,1,0,0,0,0,2,0,0,0,0,0,0,0,0,0,0,0,0,0,16323,12079,8.40336134453782,0,4.20168067226891,4.20168067226891,0,48.7685930260912,840.336134453781,7.71775082690187,58.0346257010485
2015,"MUNICIPIO",4127403,17517,16759,8295,8464,3554,8994,4211,1753,4524,2187,NA,0.714,NA,NA,244,0,184,4,36,58,72,36,32,6,0,0,240,22,26,31,26.5573770491803,6.5716051873121,7,10,53,114,15,44,165,4,2,56,11,40,198,91,153,238,6,0,0,4,29,191,7,33,191,7,38,38,39,38.1168831168831,2.24368113273909,1,37,8,15,154,225,19,62,182,203,28,7,40,26,35,12,48,10,16,6,7,25,244,0,0,0,0,130,114,165,4,2,56,11,16,206,22,3018.75,3355,3655,3316.33606557377,574.726166474563,8,175,40,4,239,9.52674897119342,0.829657232038965,1,240,124,0,0,14,110,2,27,45,12,24,75,49,9,0,2,1,1,1,0,2,0,0,0,0,3,0,0,0,0,0,0,0,0,0,0,0,0,0,16127,NA,12.2950819672131,4.09836065573771,4.09836065573771,8.19672131147541,0,66.3129973474801,1229.50819672131,7.07883770051949,53.9345711759505
2015,"MUNICIPIO",4127502,20377,19344,9804,9540,5586,10029,3729,2694,5007,1839,NA,0.664,NA,NA,336,0,319,3,82,77,81,58,27,6,2,0,333,19,25,30,25.2202380952381,6.66505755278583,2,33,132,139,10,19,240,11,0,82,0,174,161,127,209,330,6,0,2,1,20,307,6,23,307,6,38,39,40,38.6785714285714,1.87941378148797,2,62,6,14,250,321,15,185,151,324,11,0,63,48,85,39,61,4,7,6,0,22,334,1,0,1,0,181,155,240,11,0,82,0,34,292,10,2927.5,3205,3511.25,3180.91369047619,492.454596731376,25,281,24,2,334,9.24107142857143,0.707050240537349,1,333,140,0,0,15,125,3,37,35,18,32,74,66,6,0,2,2,0,1,0,2,0,0,0,0,3,0,0,0,0,0,0,0,0,0,0,0,0,0,14933,10060,8.92857142857143,0,5.95238095238095,5.95238095238095,0,59.9161174355902,892.857142857143,6.87049124012367,67.106051527861
2015,"MUNICIPIO",4127601,15970,14537,7546,6991,3821,7646,3070,1838,3676,1477,NA,0.636,NA,NA,227,0,188,3,52,66,42,41,20,2,1,0,224,20,23,30,24.9647577092511,6.87940303468272,1,27,97,80,5,13,191,0,0,32,0,135,91,85,142,221,5,0,0,2,22,194,5,24,194,5,38,39,40,38.5829596412556,1.96846220520456,1,48,4,5,155,218,9,119,107,207,13,0,19,48,30,46,41,6,5,5,0,18,227,0,0,0,0,114,113,191,0,0,32,0,20,193,14,2899,3254,3580,3216,590.006877116062,14,173,29,2,225,9.3215859030837,0.994507547177656,1,221,97,0,0,19,78,3,20,25,10,20,67,30,7,0,1,1,0,0,0,1,0,0,0,0,1,0,0,0,0,0,0,0,0,0,0,0,0,0,10022,NA,4.40528634361234,0,4.40528634361234,4.40528634361234,0,27.2034820457019,440.528634361234,6.0738885410144,61.7519042437432
2015,"MUNICIPIO",4127700,132077,119313,58337,60976,25584,69960,23769,12681,35592,12703,NA,0.768,NA,NA,2045,0,1945,10,254,473,583,467,217,37,4,0,2035,22,27,32,27.079217603912,6.22699942929572,5,48,406,925,124,519,1497,43,4,493,0,326,1713,911,1134,2016,29,1,11,12,204,1757,54,228,1757,54,38,39,39,38.3879352623835,2.08905545699057,1,281,36,28,1685,153,1892,609,1436,1970,69,3,358,429,269,147,542,23,37,28,3,201,2034,5,5,1,0,1040,1005,1497,43,4,493,0,147,1804,93,2930,3230,3530,3201.68493150685,530.786355524434,112,1659,220,16,2028,9.46917808219178,0.72742857683724,15,2026,720,0,0,110,610,19,150,199,111,131,408,312,40,0,12,8,4,6,0,9,0,0,1,0,22,0,0,0,0,1,0,0,0,0,0,0,0,0,132052,105689,8.80195599022005,1.9559902200489,3.9119804400978,5.8679706601467,0,61.8116430658575,1075.79462102689,5.45136549134217,57.4567318498539
2015,"MUNICIPIO",4127809,8619,8791,4530,4261,1845,4535,2411,896,2187,1178,NA,0.699,NA,NA,83,0,72,1,28,16,18,11,7,2,0,0,82,19,23,29,24.4578313253012,6.91111018722624,1,3,22,46,2,8,66,2,0,10,3,13,69,39,44,80,2,0,0,1,10,68,3,11,68,3,37,38,39,38.0853658536585,1.9193698780319,0,12,3,5,62,44,39,26,56,76,7,0,22,6,10,1,25,5,2,2,0,8,83,0,0,0,0,44,39,66,2,0,10,3,5,75,3,2850,3190,3467.5,3167.65060240964,499.465163553266,7,61,11,1,82,9.37349397590361,1.12304945673837,0,83,75,0,0,4,71,4,8,27,17,15,43,32,0,0,0,0,0,0,0,0,0,0,0,0,0,0,0,0,0,0,0,0,0,0,0,0,0,0,4466,3218,0,0,0,0,0,0,0,8.70170553428472,37.9515317786923
2015,"MUNICIPIO",4127858,12227,11824,5994,5830,3060,6179,2585,1479,3068,1283,NA,0.681,NA,NA,185,0,178,1,40,37,51,32,18,6,0,0,184,20,26,31,25.9675675675676,6.79106086249217,1,17,59,82,5,21,156,1,0,28,0,20,164,65,120,179,6,0,1,0,10,171,3,11,171,3,38,39,40,38.6162162162162,1.81741477784671,0,36,1,7,141,93,92,69,116,182,3,0,15,46,34,28,47,2,0,6,0,7,185,0,0,0,0,91,94,156,1,0,28,0,17,162,6,2900,3245,3500,3176.21621621622,574.47519221872,15,152,12,0,185,9.21621621621622,0.763826719449052,1,184,63,0,0,6,57,0,13,24,10,10,33,30,2,0,1,1,0,0,0,1,0,0,0,0,1,0,0,0,0,0,0,0,0,0,0,0,0,0,7653,2346,5.40540540540541,0,5.40540540540541,5.40540540540541,0,32.5945241199478,540.540540540541,5.15253128322565,60.2998696219035
2015,"MUNICIPIO",4127882,7559,6256,3271,2985,2098,3314,844,1010,1580,395,NA,0.611,NA,NA,125,0,106,1,39,37,17,22,8,1,0,0,124,19,22,29,23.712,6.25121407563002,0,13,58,47,2,4,100,6,0,17,0,97,27,44,81,124,1,0,2,2,9,105,1,13,105,1,38,39,39,38.1596638655462,2.47353172773062,1,21,11,5,81,123,2,68,57,116,8,0,18,20,20,15,30,3,4,1,0,7,122,0,2,1,0,70,55,100,6,0,17,0,13,108,4,2895,3200,3460,3109.16,583.317381655935,7,103,8,4,118,9.32786885245902,1.53441308644324,4,121,32,0,0,5,27,1,6,12,1,7,19,13,4,0,5,5,0,0,0,5,0,0,0,0,4,0,0,0,0,0,0,0,0,0,0,0,0,0,4591,NA,40,0,40,40,0,253.164556962025,3200,4.23336420161397,79.1139240506329
2015,"MUNICIPIO",4127908,8860,8695,4441,4254,1970,4740,1985,979,2297,978,NA,0.695,NA,NA,104,0,101,3,20,28,27,16,8,2,0,0,101,20,25,29.25,25.3846153846154,6.60583397983036,0,6,23,64,3,8,65,0,2,37,0,22,82,39,65,102,2,0,0,1,6,97,0,7,97,0,38,39,39,38.4134615384615,1.73267051822323,0,13,4,5,81,104,0,35,69,98,6,0,15,21,11,15,32,2,3,2,0,3,104,0,0,0,0,54,50,65,0,2,37,0,12,89,3,2877.5,3212.5,3547.5,3168.79807692308,565.29032629789,7,87,8,0,104,9.58653846153846,0.617080141812204,1,103,69,0,0,9,60,2,19,16,4,19,40,29,2,0,0,0,0,1,0,0,0,0,0,0,1,0,0,0,0,0,0,0,0,0,0,0,0,0,5361,1346,9.61538461538462,0,0,0,0,43.535045711798,961.538461538462,7.78781038374718,45.2764475402699
2015,"MUNICIPIO",4127957,8261,7997,4051,3946,1720,4064,2213,795,2038,1113,NA,0.73,NA,NA,88,0,65,1,19,18,19,15,13,2,1,0,87,20,26,31,26.4090909090909,7.21848897430067,0,3,27,40,3,14,70,1,0,16,0,12,75,35,53,88,0,0,0,0,4,75,4,4,75,4,38,39,40,38.7831325301205,1.68239226285787,0,11,2,3,53,64,24,36,52,84,4,0,20,13,10,5,28,0,4,0,0,3,86,2,0,0,0,39,49,70,1,0,16,0,7,80,1,3011.25,3212.5,3510,3231.875,408.789432700206,5,68,8,1,87,9.30681818181818,0.849042118087384,0,88,59,0,0,6,53,2,9,23,4,15,38,21,1,0,0,0,0,0,0,0,0,0,0,0,0,0,0,0,0,0,0,0,0,0,0,0,0,0,7748,NA,0,0,0,0,0,0,0,7.14199249485534,43.1795878312071
2015,"MUNICIPIO",4127965,13785,13811,6980,6831,3741,7376,2694,1869,3651,1311,NA,0.672,NA,NA,235,0,225,3,50,54,51,50,23,4,0,0,232,20,26,32,25.9957446808511,6.99297441841344,0,26,63,105,9,32,194,1,0,30,10,85,150,101,134,226,8,0,3,0,20,202,10,23,202,10,38,39,40,38.5659574468085,2.31284748793668,0,38,7,5,184,101,134,87,147,229,4,1,62,22,42,12,64,2,1,8,1,20,235,0,0,0,0,123,112,194,1,0,30,10,31,197,7,2860,3190,3500,3134.29361702128,576.0765794462,20,190,16,3,232,9.34468085106383,0.844997473985578,1,234,81,0,0,7,74,0,19,17,11,27,49,32,5,0,2,2,0,3,0,2,0,0,0,0,5,0,0,0,0,0,0,0,0,0,0,0,0,0,6582,NA,21.2765957446809,0,8.51063829787234,8.51063829787234,0,136.948781155848,2127.65957446808,5.8759521218716,64.3659271432484
2015,"MUNICIPIO",4128005,21864,21558,10504,11054,4489,11597,5472,2240,5968,2846,NA,0.739,NA,NA,291,0,283,2,47,61,72,63,33,12,1,0,289,21.5,27,32,27.0927835051546,6.90489452723781,1,7,60,155,16,52,219,9,2,61,0,38,253,123,168,286,4,0,2,1,25,260,1,28,260,1,38,38,39,38.2733564013841,1.86097051693414,0,18,0,1,272,38,253,75,216,272,17,2,39,64,35,27,80,8,7,4,2,22,291,0,0,0,0,157,134,219,9,2,61,0,18,260,13,2950,3230,3530,3233.95189003436,556.511007191885,13,240,32,2,289,9.38487972508591,0.930134344746589,5,285,160,0,0,24,136,5,22,59,13,37,103,57,7,0,4,4,0,0,0,3,0,0,1,0,4,0,0,0,0,0,0,0,0,0,0,0,0,0,21860,7964,13.745704467354,0,13.745704467354,13.745704467354,0,67.0241286863271,1374.5704467354,7.31796560556165,48.7600536193029
2015,"MUNICIPIO",4128104,108218,100676,48788,51888,20295,56959,23422,10059,29191,12638,NA,0.761,NA,NA,1493,0,1444,8,168,379,412,345,158,23,0,0,1485,22,27,32,27.0013395847287,6.09245112174057,1,44,312,720,65,351,928,28,7,530,0,752,739,618,875,1450,43,0,5,13,118,1351,5,136,1351,5,38,38,39,38.2432975871314,1.74202850063646,3,161,85,107,1135,14,1479,339,1154,1431,60,0,108,420,66,196,510,21,26,43,0,100,1489,0,3,1,0,765,728,928,28,7,530,0,137,1307,49,2895,3195,3440,3144.0582719357,510.221682048763,105,1239,105,25,1468,9.27729403884796,0.883722426456453,8,1485,699,0,0,62,637,34,118,194,82,209,440,259,28,0,20,15,5,5,0,13,0,0,7,0,25,0,0,0,0,1,0,0,0,0,0,0,0,0,108197,94647,16.7448091091762,3.34896182183523,10.0468854655057,13.3958472873409,0,85.6428351204138,1674.48091091762,6.45918423922083,51.1459011339111
2015,"MUNICIPIO",4128203,56265,52735,25818,26917,13054,28477,11204,6279,14503,6135,NA,0.74,NA,NA,889,0,845,7,165,238,204,174,87,13,1,0,882,20,25,31,25.8627671541057,6.51637383211099,4,22,272,403,43,143,875,3,0,11,0,615,274,364,525,868,21,1,2,14,90,733,45,107,733,45,38,39,40,38.5661016949153,2.39753433176657,0,197,32,40,613,17,872,434,454,862,24,2,144,168,144,117,179,7,15,20,2,88,889,0,0,0,0,448,441,875,3,0,11,0,72,770,47,2930,3215,3540,3199.58492688414,559.646206047818,53,688,112,3,886,9.42407199100112,0.658558399826948,7,882,435,0,0,83,352,7,88,143,46,68,219,216,37,0,7,5,2,4,0,7,0,0,0,0,11,0,0,0,1,0,1,1,0,0,1,0,0,0,53530,13770,12.3734533183352,2.24971878515186,5.62429696287964,7.8740157480315,6.89512514652141,75.8463766117355,1237.34533183352,7.73127166089043,61.2976625525753
2015,"MUNICIPIO",4128302,2593,2466,1232,1234,538,1362,566,277,677,280,NA,0.72,NA,NA,39,0,35,1,6,3,9,16,4,0,0,0,38,24.5,30,32,27.7692307692308,5.9447523894322,0,1,5,30,0,3,20,1,0,18,0,7,32,12,27,35,4,0,0,2,3,34,0,5,34,0,37.5,39,39,38.0769230769231,2.18107428122999,0,3,3,3,30,39,0,16,23,37,2,0,6,4,9,4,7,0,2,4,0,3,39,0,0,0,0,23,16,20,1,0,18,0,6,31,2,2777.5,3075,3440,3056.79487179487,630.583989125501,3,28,4,0,39,9.61538461538461,0.633095345583262,0,39,17,0,0,2,15,0,1,5,3,6,12,5,2,0,0,0,0,0,0,0,0,0,0,0,0,0,0,0,0,0,0,0,0,0,0,0,0,0,2354,NA,0,0,0,0,0,0,0,6.55611261087543,57.6070901033973
2015,"MUNICIPIO",4128401,11695,11472,5681,5791,2347,5835,3290,1145,2934,1712,NA,0.721,NA,NA,132,0,117,3,26,28,28,35,9,3,0,0,129,20,26,31.25,26.0378787878788,6.88554776217517,1,8,32,58,5,26,66,4,3,56,0,52,79,54,78,123,7,0,2,2,16,108,3,20,108,3,37.5,38,39,38.0610687022901,2.37860891858064,0,19,2,1,106,132,0,26,106,110,6,9,12,25,20,7,30,1,4,7,9,10,132,0,0,0,0,61,71,66,4,3,57,0,12,115,5,2875,3310,3607.5,3193.82575757576,580.168394825488,6,103,15,4,128,9.63636363636364,1.10012301375126,0,132,101,0,0,3,98,0,29,32,8,29,57,44,1,0,2,2,0,0,0,2,0,0,0,0,2,0,0,0,0,0,0,0,0,0,0,0,0,0,10539,8192,15.1515151515152,0,15.1515151515152,15.1515151515152,0,68.1663258350375,1515.15151515152,8.63616930312099,44.9897750511247
2015,"MUNICIPIO",4128500,19847,19298,9511,9787,4616,9922,4760,2289,5045,2453,NA,0.687,NA,NA,252,0,221,3,51,60,54,47,28,9,0,0,249,20,26,31,26.1150793650794,6.90910326755966,0,13,79,123,11,24,197,6,1,43,0,50,198,99,153,247,4,0,0,1,25,210,8,26,210,8,38,39,39,38.5737704918033,1.93055582856118,0,21,17,22,184,236,16,106,146,239,12,0,46,33,48,19,63,4,7,4,0,20,252,0,0,0,0,141,111,197,6,1,43,0,18,225,9,2930,3175,3426.25,3165.8253968254,469.68113417365,17,198,22,2,250,9.62301587301587,0.844920392620847,1,250,170,0,0,13,157,13,22,59,19,44,101,69,2,0,2,1,1,0,0,2,0,0,0,0,2,0,0,0,1,0,1,0,0,0,1,0,0,0,17442,4626,7.93650793650794,3.96825396825397,3.96825396825397,7.93650793650794,19.8216055500496,39.6432111000991,793.650793650794,8.56552627601149,49.9504459861249
2015,"MUNICIPIO",4128534,11093,9957,5144,4813,2710,5412,1835,1316,2638,859,NA,0.65,NA,NA,131,0,127,0,35,29,28,27,10,2,0,0,131,19,25,30.5,25.0839694656489,6.66106732951193,1,14,48,54,5,9,104,2,0,25,0,83,47,51,80,129,2,0,0,1,12,117,1,13,117,1,38,39,39,38.3435114503817,1.71316617527275,0,14,3,5,109,129,2,57,74,126,5,0,21,29,18,12,34,0,5,2,0,10,129,0,2,0,0,64,67,104,2,0,25,0,11,115,5,2897.5,3225,3515,3177.3358778626,545.059285564241,10,106,13,2,128,9.11538461538461,0.903349626998699,1,130,63,0,0,8,55,0,4,29,14,8,37,26,6,0,0,0,0,0,0,0,0,0,0,0,0,0,0,0,0,0,0,0,0,0,0,0,0,0,8261,NA,0,0,0,0,0,0,0,5.67925718921843,49.6588324488249
2015,"MUNICIPIO",4128559,8998,8973,4411,4562,2013,4629,2331,1024,2361,1177,NA,0.699,NA,NA,108,0,94,0,22,32,24,19,6,5,0,0,108,20,24.5,31,25.7407407407407,6.86773625842854,0,4,28,61,4,11,84,2,1,19,2,22,86,44,64,106,2,0,1,0,2,105,0,3,105,0,38,39,39,38.6666666666667,1.80342353555623,0,21,3,6,77,106,2,51,57,95,3,1,11,28,14,16,25,0,1,2,1,1,108,0,0,0,0,57,51,84,2,1,19,2,9,95,4,2912.5,3350,3611.25,3227.59259259259,590.155801336528,12,80,14,1,107,9.32407407407407,0.862821969742946,3,102,65,0,0,8,57,1,11,14,6,25,34,31,5,0,2,2,0,1,0,0,0,0,1,1,3,0,0,0,0,1,0,0,0,0,0,0,0,0,7926,4169,27.7777777777778,0,18.5185185185185,18.5185185185185,0,127.064803049555,2777.77777777778,7.22382751722605,45.7433290978399
2015,"MUNICIPIO",4128609,7799,7878,3938,3940,1620,4157,2101,820,2041,1079,NA,0.72,NA,NA,77,0,70,0,9,15,25,18,7,3,0,0,77,23,26,31,27.2727272727273,6.32795877048491,0,5,20,33,3,16,59,0,0,18,0,10,67,34,43,75,2,0,1,1,5,68,2,7,68,2,37,39,40,38.2207792207792,2.61384661402841,0,3,1,2,70,77,0,25,52,65,7,1,11,13,8,9,17,2,4,2,1,6,77,0,0,0,0,37,40,59,0,0,18,0,5,70,2,2895,3230,3500,3153.11688311688,580.703316179386,2,69,4,2,75,9.44155844155844,1.06984389532092,0,77,47,0,0,3,44,1,11,11,10,11,23,24,3,0,1,1,0,0,0,0,0,0,0,0,1,0,0,0,0,0,0,0,0,0,0,0,0,0,4504,NA,12.987012987013,0,12.987012987013,12.987012987013,0,48.9955903968643,1298.7012987013,6.02641364277472,37.7266046055855
2015,"MUNICIPIO",4128625,3077,3206,1619,1587,757,1693,756,353,862,372,NA,0.678,NA,NA,29,0,28,0,7,8,7,7,0,0,0,0,29,21,24,29,24.2068965517241,6.11426499697241,0,1,9,15,1,3,14,0,0,15,0,21,8,16,13,29,0,0,0,0,1,28,0,1,28,0,38,39,40,38.8275862068966,1.22675429829057,0,5,3,3,17,29,0,9,20,28,1,0,2,13,0,5,7,0,1,0,0,1,29,0,0,0,0,17,12,14,0,0,15,0,1,26,2,3010,3205,3445,3259.31034482759,430.269276437797,1,25,3,0,29,9.3448275862069,0.552647011402236,0,29,19,0,0,1,18,0,0,8,2,8,11,8,0,0,0,0,0,0,0,0,0,0,0,0,0,0,0,0,0,0,0,0,0,0,0,0,0,0,2764,666,0,0,0,0,0,0,0,6.17484562885928,33.6426914153132
2015,"MUNICIPIO",4128633,5808,5727,2980,2747,1725,2931,1071,854,1382,511,NA,0.546,NA,NA,75,0,66,0,15,30,18,5,7,0,0,0,75,20,24,28,24.3333333333333,5.84561127438108,0,16,31,23,3,2,64,1,0,9,0,44,31,34,41,75,0,0,0,0,4,67,1,4,67,1,38,39,39,38.875,1.18603968771921,1,28,9,10,23,74,1,52,23,72,2,0,16,13,16,7,14,1,1,0,0,3,74,0,1,0,0,39,36,64,1,0,9,0,4,68,3,2920,3110,3395,3112.53333333333,522.898221023508,4,64,4,0,74,9.55405405405405,0.644085672253713,0,74,26,0,0,3,23,0,2,13,4,4,15,11,0,0,0,0,0,0,0,0,0,0,0,0,0,0,0,0,0,0,0,0,0,0,0,0,0,0,3310,NA,0,0,0,0,0,0,0,4.47658402203857,54.2691751085383
2015,"MUNICIPIO",4128658,4085,3950,1999,1951,963,2058,929,482,995,474,NA,0.722,NA,NA,61,0,57,2,14,15,11,13,5,1,0,0,59,19,24,31,25.4098360655738,6.7857130531245,0,4,23,25,3,6,55,0,2,4,0,3,58,28,33,57,4,0,0,3,4,54,0,7,54,0,38,40,40,38.6229508196721,2.6087285180475,0,3,0,0,58,61,0,26,35,59,1,1,12,13,9,10,6,1,0,4,1,5,61,0,0,0,0,29,32,55,0,2,4,0,8,50,3,2795,3125,3450,3007.54098360656,681.279203013725,8,46,3,1,60,9.31147540983607,0.885832632923349,0,61,31,0,0,2,29,0,8,6,2,13,16,15,1,0,2,1,1,0,0,2,0,0,0,0,2,0,0,0,0,0,0,0,0,0,0,0,0,0,2451,NA,32.7868852459016,16.3934426229508,16.3934426229508,32.7868852459016,0,201.005025125628,3278.68852459016,7.58873929008568,61.3065326633166
2015,"MUNICIPIO",4128708,6828,6513,3230,3283,1517,3438,1558,748,1716,819,NA,0.702,NA,NA,113,0,106,0,28,31,19,20,13,2,0,0,113,20,24,31,25.4955752212389,6.97076022422707,0,8,24,66,4,10,75,2,0,35,0,8,105,47,66,111,2,0,0,2,5,101,5,7,101,5,38,39,40,38.8761061946903,1.94630026021365,0,6,1,4,100,113,0,50,63,107,6,0,6,34,6,29,25,2,2,2,0,7,113,0,0,0,0,60,53,75,2,0,35,0,11,96,6,2830,3190,3520,3151.59292035398,528.884973268698,11,94,6,0,112,9.51785714285714,0.722634604901241,1,111,43,0,0,4,39,2,8,9,5,15,26,17,2,0,1,1,0,0,0,1,0,0,0,0,1,0,0,0,0,0,0,0,0,0,0,0,0,0,5947,NA,8.84955752212389,0,8.84955752212389,8.84955752212389,0,58.2750582750583,884.955752212389,6.29759812536614,65.8508158508158
2015,"MUNICIPIO",4128807,6016,6012,2998,3014,1252,3020,1740,633,1492,889,NA,0.706,NA,NA,83,0,78,0,7,27,22,17,8,2,0,0,83,22.5,26,31,27.0722891566265,6.18373778458786,0,5,25,41,8,4,41,1,1,39,0,48,34,29,54,79,4,0,0,0,4,77,2,4,77,2,38,39,40,38.5903614457831,1.68230492710559,0,12,9,9,53,83,0,32,51,78,5,0,5,20,8,15,25,2,3,4,0,1,83,0,0,0,0,40,43,41,1,1,39,0,5,73,5,3010,3195,3512.5,3241.86746987952,453.270440220479,4,67,8,2,81,9.1566265060241,0.740499628807789,0,83,51,0,0,2,49,2,9,11,7,20,25,26,1,0,0,0,0,0,0,0,0,0,0,0,0,0,0,0,0,0,0,0,0,0,0,0,0,0,5097,NA,0,0,0,0,0,0,0,8.47739361702128,55.6300268096515
